smiles,value,ik
C#CCC(Cc1cnc2nc(N)nc(N)c2n1)c1ccc(C(=O)NC(CCC(=O)[O-])C(=O)[O-])cc1,0.6384892569546373,OGSBUKJUDHAQEA
C#CCCCC(=O)c1cc(C(C)(C)C)c([O-])c(C(C)(C)C)c1,0.9493900066449128,ZHXUEUKVDMWSKV
C#CCN(Cc1cc2c(=O)nc(C)[n-]c2cc1C)c1ccc(C(=O)NC(CCc2nnn[n-]2)C(=O)[O-])c(F)c1,-0.5376020021010439,YSAOIOBNLKRLOE
C#CC[NH+](C)C(C)Cc1ccccc1,1.3010299956639813,MEZLKOACVSPNER
C#C[C@@]1(O)[C@@H](CO)O[C@H](n2ccc(N)nc2=O)[C@@H]1O,0.2041199826559248,JFIWEPHGRUDAJN
C#C[C@]1(O)CC[C@H]2[C@@H]3CC=C4CC(=O)CCC4[C@H]3C(=C)C[C@@]21CC,0.3010299956639812,BOMXWTHINLWJIE
C#C[C@]1(O)CC[C@H]2[C@@H]3CC=C4CC(=O)CCC4[C@H]3CC[C@@]21CC,0.25527250510330607,LYRBZVWRTAFWPO
C#C[C@]1(O)CC[C@H]2[C@@H]3CCc4cc(OS(=O)(=O)[O-])ccc4[C@H]3CC[C@@]21C,0.6720978579357175,WLGIWVFFGMPRLM
C#C[C@]1(OS(=O)(=O)[O-])CC[C@H]2[C@@H]3CCc4cc([O-])ccc4[C@H]3CC[C@@]21C,0.11394335230683679,JHKCCDZKVDAGJH
C/C(=C\[C@H](C(C)C)[NH+](C)C(=O)C(NC(=O)C1CCCC[NH+]1C(C)C)C(C)(C)C)C(=O)[O-],-0.01322826573375516,FWYMMXUDTATKLG
C/C=C/c1cc(OC)c(OC)cc1OC,0.9444826721501687,RKFAZBXYICVSKP
C=C(CC(NC(=O)c1ccc(CCc2cnc3nc(N)nc(N)c3n2)cc1)C(=O)[O-])C(=O)[O-],0.4885507165004443,QCLDSHDOWCMFBV
C=C(CC)C(=O)c1ccc(OCC(=O)[O-])c(Cl)c1Cl,0.9395192526186185,AVOLMBLBETYQHX
C=C1/C(=C\C=C2/CCC[C@]3(C)[C@@H]([C@H](C)CCCC(C)(C)O)CC[C@@H]23)C[C@@H](O)C[C@@H]1O,-0.5086383061657274,GMRQFYUYWCNGIN
C=C1/C(=C\C=C2/CCC[C@]3(C)[C@@H]([C@H](C)CCCC(C)C)CC[C@@H]23)C[C@@H](O)C[C@@H]1O,-0.08618614761628333,OFHCOWSQAMBJIW
C=C1C=CC=C(C)[C@H](O)[C@@H](C)[C@@H](O)[C@@H](C)[C@H](OC(C)=O)[C@H](C)[C@@H](OC)/C=C/O[C@@]2(C)Oc3c(C)c([O-])c4c(O)c(c5c(c4c3C2=O)NC2(CC[NH+](CC(C)C)CC2)[NH2+]5)NC1=O,0.38021124171160603,PMVNEVBSMJFJIF
C=C1CC[C@@]2(O)[C@H]3Cc4ccc([O-])c5c4[C@@]2(CC[NH+]3CC2CC2)[C@H]1O5,1.1760912590556813,WJBLNOPPDWQMCH
C=CC1=C(C(=O)[O-])[NH+]2C(=O)C(=NC(=O)C(NOCC(=O)[O-])c3csc(N)n3)[C@H]2SC1,0.0,FACRSCOHUPSUMI
C=CCC1(C(C)C#CCC)C(=O)[N-]C(=O)N(C)C1=O,1.0791812460476249,NZXKDOXHBHYTKP
C=CCC1=CC(C)C[C@H](C)C[C@H](OC)[C@H]2O[C@@](O)(C(=O)C(=O)[NH+]3CCCCC3C(=O)O[C@H](/C(C)=C/[C@@H]3CC[C@@H](O)[C@H](OC)C3)[C@H](C)[C@@H](O)CC1=O)[C@H](C)C[C@@H]2OC,-0.1549019599857432,SLUYGGAVUSVJOT
C=CCN(C1=[NH+]CCN1)c1c(Cl)cccc1Cl,1.0791812460476249,OXTYVEUAQHPPMV
C=CCNc1nc(NCC=C)nc(N2CC[NH+](C(c3ccc(F)cc3)c3ccc(F)cc3)CC2)n1,-0.01322826573375516,OBDOVFRMEYHSQB
C=CCOc1ccccc1OC[C@H](O)C[NH2+]C(C)C,0.8864907251724818,CEMAWMOMDPGJMB
C=CC[N+]1([C@H]2C[C@H]3[C@@H]4CC[C@H]5C[C@H](O)[C@@H]([NH+]6CCOCC6)C[C@]5(C)[C@H]4CC[C@]3(C)[C@H]2OC(C)=O)CCCC1,0.568201724066995,YXRDKMPIGHSVRX
C=CC[N@@+]12CC[C@@]34c5ccccc5[NH+]5C=C6[C@H]7C[C@H]8[C@@]9(CC[N@@+]8(CC=C)C/C7=C/CO)c7ccccc7[NH+](C=C([C@@H](C[C@@H]31)/C(=C\CO)C2)[C@H]54)[C@@H]69,0.11394335230683679,MUQUYTSLDVKIOF
C=CC[NH+]1CCC[C@H]1CNC(=O)c1cc(S(=O)(=O)NC)c(N)cc1OC,0.7379873263334308,QRQMZZNDJGHPHZ
C=Cc1c(C)c2[nH]c1=Cc1[nH]c(c(=CCC(=O)OC)c1C)=Cc1[nH]c(c(C)c1CCC(=O)[O-])C=C1[N-]C(=C3C=CC(C(=O)OC)=C(C(=O)OC)[C@@]13C)C=2,0.2380461031287954,BJXCUXQSXAHKSC
C=Cc1c(C)c2[nH]c1=Cc1[nH]c(c(=CCC(=O)[O-])c1C)=Cc1[nH]c(c(C)c1CCC(=O)OC)C=C1[N-]C(=C3C=CC(C(=O)OC)=C(C(=O)OC)[C@@]13C)C=2,0.2041199826559248,CXUVONMDQWKICN
CC#CCC(C)[C@H](O)/C=C/[C@@H]1[C@H]2C/C(=C/CCCC(=O)[O-])C[C@H]2C[C@H]1O,1.2041199826559248,HIFJCPQKFCZDDL
CC#C[C@]1(O)CC[C@H]2C3=C(C4=C(CC3)CC(=O)CC4)C(c3ccc(N(C)C)cc3)C[C@@]21C,-0.3010299956639812,BHZCGCMWEVHUBA
CC(=O)C(C#N)C(=O)Nc1ccc(C(F)(F)F)cc1,-2.154901959985743,NABQBYDEMLGCEO
CC(=O)CCCCn1c(=O)c2c(ncn2C)n(C)c1=O,1.591064607026499,BYPFEZZEUUWMEJ
CC(=O)N(CC(O)CO)c1c(I)c(C(=O)NCC(O)CO)c(I)c(C(=O)NCC(O)CO)c1I,0.3010299956639812,NTHXOOBQLCIOLC
CC(=O)N(O)CCCCCNC(=O)CCC(=O)N(O)CCCCCNC(=O)CCC(=O)N(O)CCCCC[NH3+],0.9206450014067876,UBQYURCVBFRUQT
CC(=O)NC(CS)C(=O)[O-],0.4913616938342727,PWKSKIMOESPYIA
CC(=O)NC(CSSCC([NH3+])C(=O)[O-])C(=O)NC(C)C(=O)NC(CCCNC(N)=[NH2+])C(=O)NC(CCCNC(N)=[NH2+])C(=O)NC(CCCNC(N)=[NH2+])C(=O)NC(C)C(=O)NC(CCCNC(N)=[NH2+])C(N)=O,0.22271647114758325,ANIAZGVDEUQPRI
CC(=O)NCCCS(=O)(=O)[O-],0.5740312677277188,AFCGFAGUEYAMAO
CC(=O)Nc1c(I)c(C(=O)[O-])c(I)c(N(C)C(C)=O)c1I,0.43136376415898736,GGGDNPWHMNJRFN
CC(=O)Nc1c(I)c(NC(C)=O)c(I)c(C(=O)[O-])c1I,0.2304489213782739,YVPYQUNUQOZFHG
CC(=O)Nc1ccc(C2=N[N-]C(=O)CC2C)cc1,-0.3467874862246563,FVGOLFVMXQCVIE
CC(=O)Nc1ccc(OC[C@H](O)C[NH2+]C(C)C)cc1,0.35793484700045375,DURULFYMVIFBIR
CC(=O)OC1=C2C(C)[C@@H](OC(=O)C(O)C(CC(C)C)NC(=O)OC(C)(C)C)[C@@H]3OC(=O)O[C@]3([C@@H](OC(=O)c3ccccc3)[C@@H]3[C@]4(OC(C)=O)CO[C@@H]4C[C@H](O)[C@@]3(C)C1=O)C2(C)C,0.9095560292411753,WLMLBPXCIMUMPA
CC(=O)OC1=C2C(C)[C@@H](OC(=O)C(O)C(NC(=O)OC(C)(C)C)c3ccccc3)C[C@@](O)([C@@H](OC(=O)c3ccccc3)[C@@H]3[C@]4(OC(C)=O)CO[C@@H]4C[C@@H]4C[C@@]43C1=O)C2(C)C,1.0334237554869496,KXBUGCWJVVCMKR
CC(=O)OC1=C2C(C)[C@@H](OC(=O)C(O)C(NC(=O)c3ccccc3)c3ccccc3)C[C@@](O)([C@@H](OC(=O)c3ccccc3)[C@@H]3[C@]4(OC(C)=O)CO[C@@H]4C[C@H](O)[C@@]3(C)C1=O)C2(C)C,0.8061799739838872,NDUAXKHGCJIYEQ
CC(=O)OCC1=C(C(=O)[O-])[NH+]2C(=O)C(NC(=O)Cc3cccs3)[C@H]2SC1,0.25527250510330607,XIURVHNZVLADCM
CC(=O)O[C@@]12CO[C@@H]1C[C@H](O)[C@@]1(C)C(=O)C(=O)C3C(C)[C@@H](OC(=O)C(O)C(NC(=O)OC(C)(C)C)c4ccccc4)C[C@@](O)([C@@H](OC(=O)c4ccccc4)[C@H]21)C3(C)C,1.146128035678238,ROQZUJKOMJECOM
CC(=O)O[C@H]1C[C@@H]2CC[C@@H]3[C@H](CC[C@@]4(C)[C@H]3C[C@H]([N+]3(C)CCCCC3)[C@@H]4OC(C)=O)[C@@]2(C)C[C@@H]1[N+]1(C)CCCCC1,0.17609125905568124,GVEAYVLWDAFXET
CC(=O)O[C@H]1C[C@@H]2CC[C@@H]3[C@H](CC[C@@]4(C)[C@H]3C[C@H]([N+]3(C)CCCCC3)[C@@H]4OC(C)=O)[C@@]2(C)C[C@@H]1[NH+]1CCCCC1,0.6532125137753437,BGSZAXLLHYERSY
CC(=O)O[C@H]1C[C@]2(O)[C@H]3CC[C@H]4C[C@H](O[C@H]5C[C@@H](O)[C@@H](O[C@H]6C[C@@H](O)[C@@H](O[C@H]7C[C@@H](O)[C@@H](O)[C@H](C)O7)[C@H](C)O6)[C@H](C)O5)CC[C@@]4(C)[C@H]3CC[C@]2(C)[C@H]1C1=CC(=O)OC1,0.9395192526186185,NEBPBFLVSYFRQE
CC(=O)Oc1ccc2c3c1O[C@H]1[C@@H](OC(C)=O)C=C[C@H]4[C@@H](C2)[NH+](C)CC[C@@]341,2.326949994165999,GVGLGOZIDCSQPN
CC(=O)Oc1ccccc1C(=O)[O-],1.0791812460476249,BSYNRYMUTXBXSQ
CC(=O)[C@]1(O)Cc2c([O-])c3c(c([O-])c2[C@@H](O[C@H]2C[C@H]([NH3+])[C@H](O)[C@H](C)O2)C1)C(=O)c1ccccc1C3=O,1.380211241711606,XDXDZDZNSLXDNA
CC(=O)[NH+](CC[C@@](CC[NH+]1CCCCC1)(C(N)=O)c1ccccc1Cl)C(C)C,0.7347998295888469,GTEPPJFJSNSNIH
CC(=[NH2+])N1CC[C@H](Oc2ccc(C(Cc3ccc4ccc(C(N)=[NH2+])cc4c3)C(=O)[O-])cc2)C1,0.26951294421791633,AGRCGQSFFMCBRE
CC(C)(C)C1(O)CC2OC(=O)CC23C(=O)OC2OC(=O)C(O)C231,1.0,MOLPUWBMSBJXER
CC(C)(C)NC(=O)C1CC[C@H]2[C@@H]3C=CC4=CC(C(=O)[O-])CC[C@]4(C)[C@H]3CC[C@]12C,-0.4814860601221125,RNFAQHDTIWCBAR
CC(C)(C)S(=O)(=O)CC(Cc1ccccc1)C(=O)NC(Cc1c[n-]cn1)C(=O)N[C@@H](CC1CCCCC1)[C@@H](O)C(O)C1CC1,1.0644579892269184,BYIAQYQNWSVWGH
CC(C)(C)[N+](O)=Cc1ccc(S(=O)(=O)[O-])cc1S(=O)(=O)[O-],0.13033376849500614,DOZMLEONWYXOHJ
CC(C)(C)[NH2+]CC(O)COc1ccc(NC(=O)NC2CCCCC2)cc1,0.6901960800285137,MXFWWQICDIZSOA
CC(C)(C)[NH2+]CC(O)c1cc([O-])cc([O-])c1,0.5314789170422551,XWTYSIMOBUGWOL
CC(C)(F)CC([NH2+][C@@H](c1ccc(-c2ccc(S(C)(=O)=O)cc2)cc1)C(F)(F)F)C(=O)NC1(C#N)CC1,-0.721246399047171,FWIVDMJALNEADT
CC(C)(S)C([NH3+])C(=O)[O-],1.0273496077747566,VVNCNSJFMMFHPL
CC(C)=CCC[C@](C)(O[C@@H]1O[C@H](CO)[C@@H](O)[C@H](O)[C@H]1O)[C@H]1CC[C@]2(C)[C@@H]1[C@H](O)C[C@@H]1[C@@]3(C)CC[C@H](O[C@@H]4O[C@H](CO)[C@@H](O)[C@H](O)[C@H]4O[C@@H]4O[C@H](CO)[C@@H](O)[C@H](O)[C@H]4O)C(C)(C)[C@@H]3CC[C@]12C,-1.0457574905606752,RLDVZILFNVRJTL
CC(C)=CC[NH+]1Cc2cc(Cl)cc3[n-]c(=S)n(c23)C[C@@H]1C,1.0174507295105362,RCSLUNOLLUVOOG
CC(C)C[C@H](NC(=O)C(NC(=O)c1cccc(-c2ccccc2)n1)[C@@H](C)O)B(O)O,-0.5376020021010439,SJFBTAPEPRWNKH
CC(C)C[C@H](NC(=O)CNC(=O)c1cc(Cl)ccc1Cl)B(O)O,-0.3010299956639812,MXAYKZJJDUDWDS
CC(C)[C@@H](CC[C@@H](C)[C@H]1CC[C@H]2[C@@H]3[C@H](O)C[C@H]4C[C@@H]([NH2+]CCC[NH2+]CCCC[NH3+])CC[C@]4(C)[C@H]3CC[C@]12C)OS(=O)(=O)[O-],0.07918124604762482,UIRKNQLZZXALBI
CC(C)[N+]1(C)[C@@H]2CC[C@H]1CC(OC(=O)C(CO)c1ccccc1)C2,1.4969296480732148,OEXHQOGQTVQTAT
CC(C)[NH2+]CC(O)COc1ccc(CC(N)=O)cc1,0.3979400086720376,METKIMKYRPQLGS
CC(C)[NH2+]CC(O)c1cc([O-])cc([O-])c1,1.1482940974347458,LMOINURANNBYCM
CC(C)[NH2+]CC(O)c1ccc(NS(C)(=O)=O)cc1,0.3010299956639812,ZBMZVLHSJCTVON
CC(C)[NH2+]C[C@H](O)COc1ccc([O-])cc1,1.3443922736851108,ADUKCCWBEDSMEB
CC(CC(c1ccccc1)c1ccccc1)[NH2+]C(C)(C)C,0.04139268515822508,UISARWKNNNHPGI
CC(CCc1ccc2c(c1)OCO2)[NH2+]CC(O)c1ccc([O-])c(C(N)=O)c1,1.2041199826559248,MPQWSYJGFLADEW
CC(CN1c2ccccc2Sc2ccccc21)C[NH+]1CC[NH+](CCOCCO)CC1,1.2113875529368587,MSYUMPGNGDNTIQ
CC(NC(=O)C(Cc1c[nH]c2ccccc12)NC(=O)C([NH3+])Cc1cnc[n-]1)C(=O)NC(Cc1c[nH]c2ccccc12)C(=O)NC(Cc1ccccc1)C(=O)NC(CCCC[NH3+])C(N)=O,0.4913616938342727,VDWMCCNJAJRSPB
CC(O)C(=O)Nc1c(I)c(C(=O)NC(CO)CO)c(I)c(C(=O)NC(CO)CO)c1I,0.2787536009528289,XQZXYNRDCRIARQ
CC(O)C(CO)NC(=O)C1CSSCC(NC(=O)C([NH3+])Cc2ccccc2)C(=O)NC(Cc2ccccc2)C(=O)NC(Cc2c[nH]c3ccccc23)C(=O)NC(CCCC[NH3+])C(=O)NC(C(C)O)C(=O)N1,0.37657695705651195,DEQANNDTNATYII
CC(O)Cn1cnc2c1c(=O)n(C)c(=O)n2C,0.06818586174616162,KYHQZNGJUGFTGR
CC(Oc1ccccc1)C(=O)NC1C(=O)[NH+]2C(C(=O)[O-])C(C)(C)S[C@H]12,0.6232492903979004,NONJJLVGHLVQQM
CC(S)C(=O)NCC(=O)[O-],0.17026171539495738,YTGJWQPHMWSCST
CC([NH2+]C(CCc1ccccc1)C(=O)[O-])C(=O)[NH+]1CCCC1C(=O)[O-],0.2041199826559248,LZFZMUMEGBBDTC
CC([NH3+])CCCC(C)(C)O,1.0301947853567512,LREQLEBVOXIEOM
CC(c1nc(-c2ccc(C#N)cc2)cs1)[C@@](O)(Cn1cncn1)c1cc(F)ccc1F,-0.07058107428570728,DDFOUSQFMYRUQK
CC/C=C\C/C=C\C/C=C\C/C=C\C/C=C\C/C=C\CCC(=O)OC(C(=O)O[C@H]1C[C@@]2(O)[C@@H](OC(=O)c3ccccc3)[C@@H]3[C@]4(OC(C)=O)CO[C@@H]4C[C@H](O)[C@@]3(C)C(=O)C(OC(C)=O)=C(C1C)C2(C)C)[C@@H](NC(=O)c1ccccc1)c1ccccc1,-1.6020599913279623,QOCSQQHOTMFPPW
CC1(C)C(/C=C\C=C\C=C\C=C2/N(CCCCS(=O)(=O)[O-])c3ccc4ccccc4c3C2(C)C)=[N+](CCCCS(=O)(=O)[O-])c2ccc3ccccc3c21,0.8325089127062363,BDBMLMBYCXNVMC
CC1(C)CC1C(=O)N=C(CCCCCSCC([NH3+])C(=O)[O-])C(=O)[O-],0.36172783601759284,UUNQYGUCVSFAME
CC1(C)CC[C@]2(C(=O)[O-])CC[C@]3(COC(=O)C=Cc4cc([O-])ccc4NC(=O)/C=C/C(=O)[O-])C(=CC[C@@H]4[C@@]5(C)CCC(=O)C(C)(C)[C@@H]5CC[C@]43C)[C@@H]2C1,0.8808135922807914,NZCHLXQRTYIWRL
CC1(C)O[C@@H]2C[C@H]3[C@@H]4CC=C5CC(=O)C=C[C@]5(C)[C@@]4(F)[C@@H](O)C[C@]3(C)[C@]2(C(=O)CO)O1,0.9731278535996987,AIPSXDXZFKITIG
CC1(C)O[C@@H]2[C@@H](CO[C@@]3(COS(N)(=O)=O)OC(C)(C)O[C@@H]23)O1,-0.5686362358410126,KJADKKWYZYXHBB
CC1(C)S[C@@H]2C(NC(=O)C(C(=O)[O-])c3ccsc3)C(=O)[NH+]2C1C(=O)[O-],0.25527250510330607,OHKOGUYZJXTSFX
CC1(C)S[C@@H]2C(NC(=O)C(NC(=O)NC(N)=[NH2+])c3ccccc3)C(=O)[NH+]2C1C(=O)[O-],0.2041199826559248,GIPLLNWRTXVAHM
CC1(C)S[C@@H]2C(NC(=O)C(NC(=O)[NH+]3CC[NH+](/N=C/c4ccco4)C3=O)c3ccc([O-])cc3)C(=O)[NH+]2C1C(=O)[O-],0.557507201905658,YSUBQYRZZFVMTL
CC1(C)S[C@@H]2C(NC(=O)C([NH3+])c3ccccc3)C(=O)[NH+]2C1C(=O)[O-],0.4471580313422192,AVKUERGKIZMTKX
CC1(C)S[C@@H]2C(NC(=O)C(c3ccccc3)S(=O)(=O)[O-])C(=O)[NH+]2C1C(=O)[O-],0.2041199826559248,JETQIUPBHQNHNZ
CC1(C)S[C@@H]2C(NC(=O)COc3ccccc3)C(=O)[NH+]2C1C(=O)[O-],0.8325089127062363,BPLBGHOLXOTWMN
CC1(C)S[C@@H]2C(NC(=O)Cc3ccccc3)C(=O)[NH+]2C1C(=O)[O-],0.8388490907372553,JGSARLDLIJGVTE
CC1=C(C(=O)[O-])[NH+]2C(=O)C(NC(=O)C([NH3+])C3=CCC=CC3)[C@H]2SC1,0.5185139398778874,RDLPVSKMFDYCOR
CC1=C(C(=O)[O-])[NH+]2C(=O)C(NC(=O)C([NH3+])c3ccccc3)[C@H]2SC1,0.5910646070264992,ZAIPMKNFIOOWCQ
CC1=C2CC(=O)C=C[C@]2(C)[C@@H]2[C@@H](C1)[C@@H]1CC[C@](O)(C(=O)CO)[C@@]1(C)C[C@@H]2O,0.785329835010767,ZABDAGALHQDSEU
CC1=CC[C@@H](C(C)(C)O)C[C@@H]1O,0.43136376415898736,OMDMTHRBGUBUCO
CC1C(=O)O[C@H]2C[C@@]34[C@H]5C[C@@H](C(C)(C)C)C36C(O)C(=O)O[C@H]6OC4(C(=O)O5)[C@@]12O,0.36172783601759284,FPUXKXIZEIDQKW
CC1C(=O)O[C@H]2[C@H](O)C34[C@H]5C[C@@H](C(C)(C)C)C36C(O)C(=O)O[C@H]6OC4(C(=O)O5)[C@@]12O,0.36172783601759284,SQOJOAFXDQDRGF
CC1CC(=O)[N-]N=C1c1ccc(NN=C(C#N)C#N)cc1,0.5797835966168101,YZLHWEZEYCXULW
CC=CC1=C(C(=O)[O-])[NH+]2C(=O)C(NC(=O)C([NH3+])c3ccc([O-])cc3)[C@H]2SC1,0.4623979978989561,WDLWHQDACQUCJR
CCC#CC[C@H](C)[C@H](O)C#C[C@@H]1[C@H]2C/C(=C/COCC(=O)[O-])C[C@H]2C[C@H]1O,0.5797835966168101,ARUGKOZUKWAXDS
CCC#CC[C@H](C)[C@H](O)C#C[C@H]1[C@H]2CC(=CCOCCCC(=O)[O-])C[C@H]2C[C@H]1O,1.8208579894397,MAUUNYHAXGTMMQ
CCC(=O)C(CC(C)[NH+](C)C)(c1ccccc1)c1ccccc1,0.2304489213782739,USSIQXCVUWKGNF
CCC(=O)C1(c2cccc([O-])c2)CC[NH+](C)CC1,0.9637878273455552,ALFGKMXHOUSVAD
CCC(=O)N(c1ccccc1)C1(COC)CC[NH+](CCc2cccs2)CC1,1.1760912590556813,GGCSSNBKKAUURC
CCC(=O)N(c1ccccc1)C1(COC)CC[NH+](CCn2nnn(CC)c2=O)CC1,0.5910646070264992,IDBPHNDTYPBSNI
CCC(=O)NC[C@@H]1C[C@H]1c1cccc2c1CCO2,0.9561684304753633,PTOIAAWZLUQTIO
CCC(=O)OCC(=O)[C@@]1(OC(=O)CC)[C@@H](C)C[C@H]2[C@@H]3CC=C4CC(=O)C=C[C@]4(C)[C@@]3(Cl)[C@@H](O)C[C@@]21C,1.5563025007672873,IBIIDGIPJPTFBZ
CCC(=O)O[C@H](CC(=O)[O-])C[N+](C)(C)C,0.367355921026019,UFAHZIUFPNSHSL
CCC(C(N)=O)[NH+]1CCCC1=O,-0.045757490560675115,HPHUVLMMVZITSG
CCC(CC)COC(C(=O)OCC[NH+](C)C)(c1ccccc1)c1ccccc1,0.7558748556724915,FPTOUQZVCUIPHY
CCC1(c2ccccc2)C(=O)[N-]C(=O)[N-]C1=O,-1.2006594505464183,DDBREPKUVSBGFI
CCC1=C[C@@H]2C[NH+](CCc3c([nH]c4ccccc34)[C@@](C(=O)OC)(c3cc4c(cc3OC)[NH+](C)[C@H]3[C@@](O)(C(=O)OC)[C@H](OC(C)=O)[C@]5(CC)C=CC[NH+]6CC[C@]43[C@@H]65)C2)C1,1.0791812460476249,FFRFGVHNKJYNOV
CCC1NC(=O)C(NC(=O)c2ncccc2[O-])[C@@H](C)OC(=O)C(c2ccccc2)NC(=O)C2CC(=O)C(CS[C@@H]3C[NH+]4CCC3CC4)C[NH+]2C(=O)C(Cc2ccc(N(C)C)cc2)[NH+](C)C(=O)C2CCC[NH+]2C1=O,1.2041199826559248,WTHRRGMBUAHGNI
CCCC(C)(COC(N)=O)COC(N)=O,-0.2218487496163564,NPPQSCRMBWNHMW
CCCC(CCC)C(=O)[O-],-0.7958800173440752,NIJJYAXOARWZEE
CCCC1O[C@@H]2C[C@H]3[C@@H]4CC=C5CC(=O)C=C[C@]5(C)[C@H]4[C@@H](O)C[C@]3(C)[C@]2(C(=O)CO)O1,1.3010299956639813,UNISKOOZAQCSPC
CCCC=c1ncc(=CC(Cc2cccs2)C(=O)[O-])n1Cc1ccc(C(=O)[O-])cc1,0.2787536009528289,OLWGWPVIWQZCDJ
CCCCC(C)(C)[C@@H](O)/C=C\[C@@H]1[C@H](C/C=C/CCCC(=O)[O-])[C@@H](Cl)C[C@@H]1O,1.1205739312058498,AIOFTOLPMOTZKD
CCCCCCCC/C=C/CCCCCCCC(=O)OC[C@H]1O[C@@H](n2ccc(N)nc2=O)[C@@H](O)[C@@H]1O,0.6560982020128319,FLFGNMFWNBOBGE
CCCCCCCCCCCCCCC[C@@H](O)[C@H](C)[NH3+],1.760422483423212,YRYJJIXWWQLGGV
CCCCCCCCOCCOC(=O)CN(CC(=O)[O-])c1ccccc1OCCOc1ccccc1N(CC(=O)[O-])CC(=O)OCCOCCCCCCCC,1.146128035678238,FTGBVHPWUIHWRH
CCCCCCC[NH+](CC)CCCC(O)c1ccc(NS(C)(=O)=O)cc1,1.414973347970818,ALOBUEHUHMBRLE
CCCCCC[NH+]1CCC(C(=O)[NH+](C)CC)(c2ccccc2)CC1,1.380211241711606,TYWUGCGYWNSRPS
CCCCCOc1ccc(-c2ccc(-c3ccc(C(=O)NC4C[C@@H](O)[C@@H](O)NC(=O)C5[C@@H](O)[C@@H](C)C[NH+]5C(=O)C([C@@H](C)O)NC(=O)C([C@H](O)[C@@H](O)c5ccc([O-])cc5)NC(=O)C5C[C@@H](O)C[NH+]5C(=O)C([C@@H](C)O)NC4=O)cc3)cc2)cc1,-0.6777807052660807,JHVAMHSQVVQIOT
CCCCC[NH+](C)CCC(O)(P(=O)([O-])[O-])P(=O)([O-])[O-],0.25527250510330607,MPBVHIBUJCELCL
CCCCCc1cc([O-])c2c(c1)OC(C)(C)[C@@H]1CCC(C(=O)[O-])=C[C@@H]21,0.07918124604762482,YOVRGSHRZRJTLZ
CCCCCc1cc([O-])c2c(c1)OC(C)(C)[C@@H]1CCC(C)=C[C@@H]21,0.505149978319906,CYQFCXCEBYINGO
CCCCCc1cc([O-])c2c(c1)OC(C)(C)c1ccc(C)cc1-2,1.251638220448212,VBGLYOIFKLUMQG
CCCCNC(=[NH2+])NC(N)=[NH2+],0.8182258936139555,XSEUMFJMFFMCIU
CCCC[C@@H]1CC(=O)[C@]2(O)O[C@@H]3[C@@H]([NH2+]C)[C@@H](O)[C@@H]([NH2+]C)[C@H](O)[C@H]3O[C@@H]2O1,0.2304489213782739,KHAUBYTYGDOYRU
CCCC[NH+]1CCCCC1C(=O)Nc1c(C)cccc1C,0.8129133566428556,LEBVLXFERQHONN
CCCC[P@@](=O)([O-])CCC[NH3+],0.1931245983544616,ONNMDRQRSGKZCN
CCCC[S@](=N)(=O)CCC([NH3+])C(=O)[O-],0.35793484700045375,KJQFBVYMGADDTQ
CCCCc1nc(Cl)c(CO)n1Cc1ccc(-c2ccccc2-c2nnn[n-]2)cc1,0.9138138523837167,MDMTUGIZSFHDIC
CCC[C@@H]1CC(=O)[NH+](C(CC)C(N)=O)C1,-0.12493873660829995,MSYKRHVOOPPJKU
CCC[C@@H]1CC(C(=O)N[C@@H]([C@H]2O[C@H](SC)[C@H](O)[C@@H](O)[C@H]2O)[C@H](C)Cl)[NH+](C)C1,0.6532125137753437,KDLRVYVGXIQJDK
CCC[NH+](CCC)CCc1cccc2[nH]c(O)cc12,1.4771212547196624,FBYFJOVKHROJSY
CCC[NH+](CCC)S(=O)(=O)c1ccc(C(=O)[O-])cc1,-0.6020599913279624,DBABZHXKTCFAPX
CCC[NH2+]C(C)C(=O)Nc1ccccc1C,1.462397997898956,MVFGUOIZUNYYSO
CCC[NH2+][C@H]1CCc2nc(N)sc2C1,0.8573324964312685,FASDKYOPVNHBLU
CCC[S@+](O)CCC[NH+](CC)C[C@@H](O)COc1ccc(C#N)cc1,1.0530784434834197,FHBQOEUTMSRBQG
CCCc1c2oc(C(=O)[O-])cc(=O)c2cc2c(=O)cc(C(=O)[O-])n(CC)c12,1.0086001717619175,RQTOOFIXOKYGAN
CCCc1nc(C(C)(C)O)c(C(=O)[O-])n1Cc1ccc(-c2ccccc2-c2nnn[n-]2)cc1,-0.5376020021010439,XPEIDDCLIATNPU
CCCc1nc(C)c2c(=O)[n-]c(-c3cc(S(=O)(=O)[NH+]4CC[NH+](CC)CC4)ccc3OCC)nn12,1.1139433523068367,SECKRCOLJRRGGV
CCCn1c(=O)c2[n-]c(C34CC5CC(CC3C5)C4)nc2n(CCC)c1=O,0.6989700043360189,WIIQWYWFPLZKAD
CCNC(=O)C1C[C@@H](n2ccc3c([NH2+][C@H](CC)Cc4sccc4Cl)ncnc32)[C@H](O)[C@@H]1O,1.0791812460476249,CKQOOYMMAAPDKH
CCOC(=O)C(CCc1ccccc1)[NH2+]C(C)C(=O)[NH+]1C(C(=O)[O-])C[C@H]2CCCC[C@H]21,1.0969100130080565,VXFJYXUZANRPDJ
CCOC(=O)C1(c2ccccc2)CC[NH+](C)CC1,0.6901960800285137,XADCESSVHJOZHK
CCOC(=O)C1[C@@H](OC(=O)c2ccccc2)C[C@@H]2CC[C@H]1[NH+]2C,1.1139433523068367,NMPOSNRHZIWLLL
CCOC(=O)N[C@@H]1CC[C@@H]2[C@H](CC3C(=O)O[C@H](C)[C@H]3[C@H]2/C=C/c2ccc(-c3cccc(F)c3)cn2)C1,-0.46852108295774486,ZBGXUVOIWDMMJE
CCOC(=O)[C@]1(c2ccccc2)CCC=C[C@H]1[NH+](C)C,1.2041199826559248,WDEFBBTXULIOBB
CCOC(=O)[C@]1(c2ccccc2)CCC=C[C@H]1[NH2+]C,0.9956351945975499,PDJZPNKVLDWEKI
CCOC(=O)c1ccc(C#Cc2ccc3c(c2)C(C)(C)CCS3)nc1,1.5705429398818975,OGQICQVSFDPSEI
CCOCCO[C@@H]1CC[C@@H](C[C@@H](C)[C@@H]2CC(=O)C(C)=CC(C)[C@@H](O)C(OC)C(=O)C(C)C[C@H](C)/C=C/C=C/C=C(\C)[C@@H](OC)C[C@@H]3CC[C@@H](C)[C@@](O)(O3)C(=O)C(=O)[NH+]3CCCCC3C(=O)O2)C[C@H]1OC,1.0863598306747482,DULLMCUFXMRPNT
CCOCCn1c(C2CC[NH+](CCc3ccc(C(C)(C)C(=O)[O-])cc3)CC2)nc2ccccc21,0.4578818967339923,ACCMWZWAEFYUGZ
CCON=C(C(=O)NC1C(=O)[NH+]2C(C(=O)[O-])=C(Sc3nc(-c4cc[n+](C)cc4)cs3)CS[C@H]12)c1nsc(NP(=O)([O-])[O-])n1,1.9222062774390163,ZCCUWMICIWSJIX
CCOP(=O)(OCC)C(C)NC(=O)[NH+](CCCl)N=O,1.2671717284030137,YAKWPXVTIGTRJH
CCOP(=O)(OCC)[C@@H](NC(=O)[C@]1(O)[C@@H](O)[C@@]2(CC)C=CC[NH+]3CC[C@]4(c5cc([C@@]6(C(=O)OC)C[C@H]7C[N@@H+](CCc8c6[nH]c6ccccc86)C[C@@](O)(CC)C7)c(OC)cc5[NH+](C)[C@@H]14)[C@@H]32)C(C)C,0.5440680443502757,BOELCLFVOBIXIF
CCOc1cc(Cc2cnc(N)nc2N)cc(OCC)c1-n1cccc1,0.5440680443502757,NMARPFMJVCXSAV
CCOc1ccc(Cc2cc(C3O[C@H](CO)[C@@H](O)[C@H](O)[C@H]3O)ccc2Cl)cc1,0.47712125471966244,JVHXJTBJCFBINQ
CCOc1ccc2ccccc2c1C(=O)NC1C(=O)[NH+]2C(C(=O)[O-])C(C)(C)S[C@H]12,0.5185139398778874,GPXLMGHLHQJAGZ
CCOc1ccccc1O[C@H](c1ccccc1)[C@H]1C[NH2+]CCO1,-0.08618614761628333,CBQGYUDMJHNJBX
CCOc1nc2cccc(C(=O)[O-])c2n1Cc1ccc(-c2ccccc2-c2nnn[n-]2)cc1,-0.431798275933005,BSLSLQSFLOCXQQ
CCS(=O)(=O)CCn1c([N+](=O)[O-])cnc1C,-0.2218487496163564,HJLSLZFTEKNLFI
CC[C@@H](CO)[NH2+]CC[NH2+][C@@H](CC)CO,1.0,AEUTYOVWOVBAKS
CC[C@@H](c1cccc([O-])c1)[C@@H](C)C[NH+](C)C,1.3289908554494287,KWTWDQCKEHXFFR
CC[C@@]1(O)C(=O)OCc2c1cc1n(c2=O)Cc2c-1nc1cc3c(cc1c2C[NH+]1CC[NH+](C)CC1)OCCO3,1.3991543339582164,RVFGKBWWUQOIOU
CC[C@@]1(O)C(=O)OCc2c1cc1n(c2=O)Cc2c-1nc1ccc([O-])cc1c2[Si](C)(C)C(C)(C)C,0.7781512503836436,XUSKJHCMMWAAHV
CC[C@@]1(O)C(=O)OCc2c1cc1n(c2=O)Cc2c-1nc1ccccc1c2CC[Si](C)(C)C,0.6232492903979004,POADTFBBIXOWFJ
CC[C@@]1(O)C(=O)OCc2c1cc1n(c2=O)Cc2cc3c(N)cccc3nc2-1,0.8129133566428556,FUXVKZWTXQUGMW
CC[C@@]1(O)C(=O)OCc2c1cc1n(c2=O)Cc2cc3cc([O-])ccc3nc2-1,0.34830486304816066,HAWSQZCWOQZXHI
CC[C@@]1(O)CC(=O)OCc2c1cc1n(c2=O)Cc2cc3cc(F)c(F)cc3nc2-1,0.9253120914996495,LFQCJSBXBZRMTN
CC[C@@]1(O)C[C@H](O[C@@H]2C[C@H]([NH+]3CCOCC3)[C@H](O)[C@H](C)O2)c2c([O-])c3c(c([O-])c2[C@H]1O)C(=O)c1cccc([O-])c1C3=O,1.631443769013172,OPBPMGYBSDKJBT
CC[C@@]1(O)C[NH+]2CC[C@H]1C[C@@H]2[C@@H](O)c1ccnc2ccc(OC)cc12,1.0791812460476249,QJYVSAYVZYKUJL
CC[C@H](C)[C@@H]([C@@H](CC(=O)[NH+]1CCC[C@H]1[C@H](OC)C(C)C(=O)NCCc1ccccc1)OC)[NH+](C)C(=O)C(NC(=O)C(C(C)C)[NH+](C)C)C(C)C,0.2041199826559248,DZMVCVHATYROOS
CC[C@H](C)[C@H]1NC(=O)C(NC(=O)C(CC(C)C)[NH+](C)C(=O)C2CCC[NH+]2C(=O)C(C)=O)[C@@H](C)OC(=O)C(Cc2ccc(OC)cc2)[NH+](C)C(=O)C2CCC[NH+]2C(=O)C(CC(C)C)NC(=O)C(C)C(=O)C(C(C)C)OC(=O)C[C@@H]1O,0.9057958803678685,UUSZLLQJYRSZIS
CC[C@H](C)[C@H]1NC(=O)C(NC(=O)C(CC(C)C)[NH+](C)C(=O)C2CCC[NH+]2C(=O)C(C)O)[C@@H](C)OC(=O)C(Cc2ccc(OC)cc2)[NH+](C)C(=O)C2CCC[NH+]2C(=O)C(CC(C)C)NC(=O)C(C)C(=O)C(C(C)C)OC(=O)C[C@@H]1O,1.0870712059065355,KYHUYMLIVQFXRI
CC[C@H](CC[C@@H](C)[C@H]1CC[C@H]2[C@@H]3CC=C4C[C@@H](O)CC[C@]4(C)[C@H]3CC[C@]12C)C(C)C,-1.6989700043360187,KZJWDPNRJALLNS
CC[C@H](O)[C@@H](C)[C@H]1O[C@@H]1C[C@@](C)(O)/C=C/C=C(\C)[C@H]1OC(=O)C[C@H](O)CC[C@@](C)(O)[C@@H](OC(=O)[NH+]2CC[NH+](C3CCCCCC3)CC2)C=C[C@@H]1C,1.6803355134145632,MNOMBFWMICHMKG
CC[C@H](OC(C)=O)C(C[C@H](C)[NH+](C)C)(c1ccccc1)c1ccccc1,0.7323937598229685,XBMIVRRWGCYBTQ
CC[C@H]1C[NH+]2CC[C@H]1C[C@@H]2[C@@H](O)c1ccnc2ccc(OC)cc12,0.6232492903979004,LJOQGZACKSYWCH
CC[C@H]1OC(=O)C(C)[C@@H](O[C@H]2C[C@@](C)(OC)[C@@H](O)[C@H](C)O2)[C@H](C)[C@@H](O[C@@H]2O[C@H](C)C[C@H]([NH+](C)C)[C@H]2O)[C@](C)(O)CC(C)C(=O)C(C)[C@@H](O)[C@]1(C)O,0.7481880270062004,ULGZDMOVFRHVEP
CC[C@H]1OC(=O)C(C)[C@@H](O[C@H]2C[C@@](C)(OC)[C@@H](O)[C@H](C)O2)[C@H](C)[C@@H](O[C@@H]2O[C@H](C)C[C@H]([NH+](C)C)[C@H]2O)[C@](C)(OC)CC(C)C(=O)C(C)[C@@H](O)[C@]1(C)O,0.8633228601204559,AGOYDEPGAOXOCK
CC[C@H]1OC(=O)C[C@@H](O)[C@H](C)[C@@H](O[C@@H]2O[C@H](C)C[C@H]([NH+](C)C)[C@@H]2O)[C@@H](CC=O)CC(C)C(=O)C=C[C@]2(C)O[C@H]2[C@@H]1C,1.1238516409670858,IUPCWCLVECYZRV
CC[C@]1(O)C[C@@H]2C[NH+](CCc3c([nH]c4ccccc34)[C@@](C(=O)OC)(c3cc4c(cc3OC)[NH+](C)[C@H]3[C@@](O)(C(=O)OC)[C@H](OC(C)=O)[C@]5(CC)C=CC[NH+]6CC[C@]43[C@@H]65)C2)C1,0.4913616938342727,JXLYSJRDGCGARV
CC[C@]1(O)C[C@@H]2C[NH+](CCc3c([nH]c4ccccc34)[C@@](C(=O)OC)(c3cc4c(cc3OC)[NH+](C=O)[C@H]3[C@@](O)(C(=O)OC)[C@H](OC(C)=O)[C@]5(CC)C=CC[NH+]6CC[C@]43[C@@H]65)C2)C1,0.3010299956639812,OGWKCGZFUXNPDA
CC[C@]1(O)C[C@H]2C[NH+](CCc3c([nH]c4ccccc34)[C@@](C(=O)OC)(c3cc4c(cc3OC)[NH+](C)[C@H]3[C@@](O)(C(N)=O)[C@H](O)[C@]5(CC)C=CC[NH+]6CC[C@]43[C@@H]65)C2)C1,0.3424226808222063,HHJUWIANJFBDHT
CC[N+](C)(C)c1cccc([O-])c1,0.9822712330395684,VWLHWLSRQJQWRG
CC[N+](CC)(CC)CCOc1cccc(OCC[N+](CC)(CC)CC)c1OCC[N+](CC)(CC)CC,0.17897694729316943,OZLPUNFFCJDMJD
CC[NH+](C)C(=O)Oc1cccc([C@H](C)[NH+](C)C)c1,1.0791812460476249,XSVMFMHYUFZWBK
CC[NH+](CC)CC#CCOC(=O)C(O)(c1ccccc1)C1CCCCC1,0.7075701760979364,XIQVNETUBQGFHX
CC[NH+](CC)CCNC(=O)c1cc(Br)c(N)cc1OC,1.1139433523068367,GIYAQDDTCWHPPL
CC[NH+](CC)CCNC(=O)c1cc(Cl)c(N)cc1OC,0.7558748556724915,TTWJBBZEZQICBI
CC[NH+](CC)CCNC(=O)c1cc(Cl)c(N)cc1OC(C)C(C)=O,0.9694159123539814,ZYOJXUNLLOBURP
CC[NH+](CC)CCNC(=O)c1cc(S(C)(=O)=O)ccc1OC,0.6720978579357175,JTVPZMFULRWINT
CC[NH+](CC)CCNC(=O)c1ccc(NC(C)=O)cc1,0.6020599913279624,KEECCEWTUVWFCV
CC[NH+](CC)CCNC(=O)c1ccc(NS(C)(=O)=O)cc1,0.568201724066995,KHYPYQZQJSBPIX
CC[NH+](CC)CCNc1ccc(CNC=O)c2sc3ccc(OC)cc3c(=O)c12,0.4913616938342727,GWLFIMOOGVXSMZ
CC[NH+](CC)CC[NH+]1C(=O)c2c(c3c4cccc(Cl)c4n([C@@H]4O[C@H](CO)[C@@H](OC)[C@H](O)[C@H]4O)c3c3[nH]c4c(Cl)cccc4c23)C1=O,0.49554433754644844,JSKFWUPVIZYJMR
CC[NH+]1CCC[C@@H]1CNC(=O)c1cc(S(N)(=O)=O)ccc1OC,0.2787536009528289,BGRJTUBHPOOWDU
CC[NH+]1CCC[C@H]1CNC(=O)c1c(OC)ccc(Br)c1OC,0.2304489213782739,GUJRSXAPGDDABA
CC[NH+]1CCC[C@H]1CNC(=O)c1c([O-])c(Cl)cc(Cl)c1OC,0.07918124604762482,WAOQONBSWFLFPE
CC[NH+]1CC[NH+](C(=O)NC(C(=O)N[C@]2(OC)C(=O)[NH+]3C(C(=O)[O-])=C(CSc4nnnn4C)CS[C@@H]32)[C@H](C)O)C(=O)C1=O,0.04139268515822508,SMSRCGPDNDCXFR
CC[NH+]1C[C@H]2C[NH+](C)C[C@@H](C1)C2OC(=O)c1ccc(Cl)cc1,1.2304489213782739,PMCPYLGCPSNSLS
CC[NH2+]CC(O)c1cccc([O-])c1,1.146128035678238,SQVIAVUSQAWMKL
CC[NH2+][C@@H](C)Cc1cccc(C(F)(F)F)c1,1.0413926851582251,DBGIVFWFUFKIQN
CC[NH2+][C@@H]1C[C@H]([NH3+])[C@@H](O[C@H]2OC(C[NH3+])=CC[C@H]2[NH3+])[C@H](O)[C@H]1O[C@H]1OC[C@](C)(O)[C@H]([NH2+]C)[C@H]1O,-0.2596373105057561,CIDUJQMULVCIBT
CCc1[n-]c(=O)[n-]c1C(=O)c1ccncc1,0.9556877503135057,UVKYYCZQZRDRJD
CCn1cc(C(=O)[O-])c(=O)c2cc(F)c(N3CC[NH2+]CC3)cc21,0.8426092396105621,OGJPXUAPXNRGGI
CCn1cc(C(=O)[O-])c(=O)c2cc(F)c(N3CC[NH2+][C@@H](C)C3)c(F)c21,0.5998830720736879,ZEKZLJVOYLTDKK
CCn1cnc(C(=O)NC)c1C(=O)NC,1.08278537031645,RYRFAMRQBZNEPX
CN(C(=O)CO)c1c(I)c(C(=O)NC[C@H](O)CO)c(I)c(C(=O)NC[C@H](O)CO)c1I,0.146128035678238,NJKDOADNQSYQEV
CN(C)C(=[NH2+])NC(N)=[NH2+],0.8692317197309762,XZWYZXLIPXDOLR
CN(C)c1cc(C[NH2+]CC(C)(C)C)c([O-])c2c1C[C@H]1C[C@H]3[C@H]([NH+](C)C)C([O-])=C(C(N)=O)C(=O)[C@@]3(O)C([O-])=C1C2=O,0.3692158574101428,JEECQCWWSTZDCK
CN(C)c1cc(NC(=O)C[NH2+]C(C)(C)C)c([O-])c2c1C[C@H]1C[C@H]3[C@H]([NH+](C)C)C([O-])=C(C(N)=O)C(=O)[C@@]3(O)C([O-])=C1C2=O,0.5797835966168101,FPZLLRFZJZRHSY
CN(C)c1ccc([O-])c2c1C[C@H]1C[C@H]3[C@H]([NH+](C)C)C([O-])=C(C(N)=O)C(=O)[C@@]3(O)C([O-])=C1C2=O,0.07918124604762482,DYKFCLLONBREIL
CN(CCOc1ccc(Cc2sc(=O)[n-]c2O)cc1)c1ccccn1,-0.18708664335714442,HYYTYVGJWRWHHQ
CN1C(=O)C(O)N=C(c2ccccc2Cl)c2cc(Cl)ccc21,0.6020599913279624,FJIKWRGCXUCUIG
CNC(=O)C(c1ccccc1)[NH+]1CCc2cc(OC)c(OC)cc2[C@@H]1CCc1ccc(C(F)(F)F)cc1,1.0086001717619175,DKMACHNQISHMDN
CNC(=O)CC([NH3+])C(=O)NC(C(=O)NC1C(=O)[NH+]2C(C(=O)[O-])C(C)(C)S[C@H]12)c1ccc([O-])cc1,0.45024910831936105,BHELIUBJHYAEDK
CNC(=O)N([NH+](CCCl)S(C)(=O)=O)S(C)(=O)=O,1.3636119798921444,PVCULFYROUOVGJ
CNC(=O)Oc1ccc2c(c1)[C@@]1(C)CC[NH+](C)[C@@H]1[NH+]2C,1.8573324964312685,PIJVFDBKTWXHHD
CNC(=O)c1c(I)c(NC(C)=O)c(I)c(C(=O)[O-])c1I,0.38021124171160603,UXIGWFXRQKWHHA
CNC1=[NH+]c2ccc(Cl)cc2C(c2ccccc2)=[N+](O)C1,-0.431798275933005,BUCORZSTKDOEKQ
CNS(=O)(=O)CCc1ccc2[nH]cc(C3CC[NH+](C)CC3)c2c1,0.8195439355418687,AMKVXSZCKVJAGH
CNS(=O)(=O)Cc1ccc2[nH]cc(CCC[NH+]3CCN(c4ncncc4OC)CC3)c2c1,0.8088858673598122,WRZVGHXUPBWIOO
COC(=O)C1=C(C)[NH2+]C(C)=C(C(=O)OCCC[NH+]2CCC(c3ccccc3)(c3ccccc3)CC2)[C@@H]1c1cccc([N+](=O)[O-])c1,0.9684829485539351,SVJMLYUFVDMUHP
COC(=O)C1[C@@H](OC(=O)c2ccccc2)C[C@@H]2CC[C@H]1[NH+]2C,1.505149978319906,ZPUCINDJVBIVPJ
COC(=O)CCc1ccc(OCC(O)C[NH2+]C(C)C)cc1,2.462397997898956,AQNDDEOPVVGCPG
COC(=O)NC(C(=O)[NH+]1CCCC1C(=O)Nc1ccc([C@@H]2CC[C@@H](c3ccc(NC(=O)C4CCC[NH+]4C(=O)C(NC(=O)OC)C(C)C)cc3)[NH+]2c2ccc(C(C)(C)C)cc2)cc1)C(C)C,0.22530928172586284,PIDFDZJZLOTZTM
COC(=O)O[C@@]12CO[C@@H]1C[C@H](O)[C@@]1(C)C(=O)C(OC(C)=O)=C3C(C)[C@@H](OC(=O)C(O)C(NC(=O)c4ccccc4)c4ccccc4)C[C@@](O)([C@@H](OC(=O)c4ccccc4)[C@H]21)C3(C)C,0.9344984512435677,ABIZEZNSXJNXJM
COC(=O)c1ccc2c(C(=Nc3ccc(N(C)C(=O)C[NH+]4CC[NH+](C)CC4)cc3)c3ccccc3)c(O)[nH]c2c1,1.2988530764097066,CPMDPSXJELVGJG
COC(C(=O)[NH+]1Cc2[n-]nc(NC(=O)c3ccc(N4CC[NH+](C)CC4)cc3)c2C1)c1ccccc1,0.785329835010767,XKFTZKGMDDZMJI
COC1=C(C(=O)[O-])[NH+]2C(=O)C(NC(=O)C([NH3+])C3=CCC=CC3)[C@H]2SC1,0.6794278966121189,RDMOROXKXONCAL
COC1C(=O)C(C)C[C@H](C)/C=C/C=C/C=C(\C)[C@@H](OC)C[C@@H]2CC[C@@H](C)[C@@](O)(O2)C(=O)C(=O)[NH+]2CCCCC2C(=O)O[C@H]([C@H](C)C[C@@H]2CC[C@@H](OC(=O)C(C)(CO)CO)[C@H](OC)C2)CC(=O)C(C)=CC(C)[C@H]1O,0.8864907251724818,ZWYQUVBAZLHTHP
COC1C(=O)C(C)C[C@H](C)C=CC=CC=C(C)[C@@H](OC)C[C@@H]2CC[C@@H](C)[C@@](O)(O2)C(=O)C(=O)[NH+]2CCCCC2C(=O)O[C@H]([C@H](C)C[C@@H]2CC[C@@H](OP(C)(C)=O)[C@H](OC)C2)CC(=O)C(C)=CC(C)[C@H]1O,0.04139268515822508,MTTQXNQOEINTQC
COCC(=O)Nc1c(I)c(C(=O)NCC(O)CO)c(I)c(C(=O)[NH+](C)CC(O)CO)c1I,0.146128035678238,DGAIEPBNLOQYER
COCC(=O)O[C@]1(CC[NH+](C)CCCc2nc3ccccc3[n-]2)CCc2cc(F)ccc2[C@@H]1C(C)C,0.6020599913279624,QBXRKUKDJCCYQX
COCC(NC(C)=O)C(=O)NCc1ccccc1,-0.24412514432750865,VPPJLAIAVCUEMN
COCCCC/C(=N\OCC[NH3+])c1ccc(C(F)(F)F)cc1,1.504470862494419,CJOFXWAVKWHTFT
COCCCOc1ccnc(C[S+](O)c2nc3ccccc3[n-]2)c1C,0.6020599913279624,LKQSVGARAMZJHW
COCC[NH+]1CC[NH+](Cc2ccc(-c3n[n-]c4c3C(=O)c3c(NC(=O)[N-]N5CCOCC5)cccc3-4)cc2)CC1,1.0606978403536116,MWEDKXFBJWFDMN
COCCn1c2c([n+](Cc3cnccn3)c1C)C(=O)c1ccccc1C2=O,1.0530784434834197,OTSOOHRUMBRSHZ
COCOCC(CCC1(C(=O)NC2CCC(C(=O)[O-])CC2)CCCC1)C(=O)[O-],0.36172783601759284,KIJQJNCPBKIGBI
COC[C@@H](O)CN(C(C)=O)c1c(I)c(C(=O)NC[C@H](O)CO)c(I)c(C(=O)NC[C@H](O)CO)c1I,0.10380372095595687,IUNJANQVIJDFTQ
COCc1c(-c2ccc(F)cc2)c(=CC[C@@H](O)C[C@@H](O)CC(=O)[O-])c(C(C)C)nc1=C(C)C,0.4623979978989561,CDHNVTRRQNLWKA
CON=C(C(=O)NC1C(=O)[NH+]2C(C(=O)[O-])=C(C)CS[C@H]12)c1csc(N)n1,0.2787536009528289,MQLRYUCJDNBWMV
CON=C(C(=O)NC1C(=O)[NH+]2C(C(=O)[O-])=C(COC(C)=O)CS[C@H]12)c1csc(N)n1,0.43136376415898736,GPRBEKHLDVQUJE
CON=C(C(=O)NC1C(=O)[NH+]2C(C(=O)[O-])=C(CSc3nc(=O)c([O-])nn3C)CS[C@H]12)c1csc(N)n1,-0.6575773191777937,VAAUVRVFOQPIGI
CON=C(C(=O)NC1C(=O)[NH+]2C(C(=O)[O-])=C(CSc3nnnn3C)CS[C@H]12)c1csc(N)n1,0.5622928644564748,HJJDBAOLQAWBMH
CON=C(C(=O)NC1C(=O)[NH+]2C(C(=O)[O-])=C(C[NH+]3C=C[NH+]4[NH2+]C=CC=C34)CS[C@H]12)c1nsc(N)n1,0.3222192947339193,CFVXLRWCMNOCAA
CON=C(C(=O)NC1C(=O)[NH+]2C(C(=O)[O-])=C(C[n+]3ccc(-c4cnco4)cc3)CS[C@H]12)c1csc(N)n1,0.24551266781414982,IWIVCNVLSKNJJS
CON=C(C(=O)NC1C(=O)[NH+]2C(C(=O)[O-])=C(C[n+]3cccc4c3CCC4)CS[C@H]12)c1csc(N)n1,0.2787536009528289,DKOQGJHPHLTOJR
CON=C(C(=O)NC1C(=O)[NH+]2C(C(=O)[O-])=CCS[C@H]12)c1csc(N)n1,0.3222192947339193,NNULBSISHYWZJU
COP(=O)(c1cc(C)cc(/C=C/C#N)c1)c1c(C(N)=O)[nH]c2ccc(Cl)c(F)c12,0.26245108973042947,DFIFLWAAHXINAZ
COP(=O)(c1cc(C)cc(/C=C/C#N)c1)c1c(C(N)=O)[nH]c2ccc(Cl)cc12,0.23299611039215382,CGBYTKOSZYQOPV
CO[C@@H]1[C@@H](O[C@@H]2O[C@H](C)[C@@H](O[C@H]3C[C@@](C)(O)[C@@H](O)[C@H](C)O3)[C@H]([NH+](C)C)[C@H]2O)[C@@H](CC=O)C[C@@H](C)[C@@H](O[C@H]2CC[C@@H]([NH+](C)C)[C@H](C)O2)C=CC=CC[C@@H](C)OC(=O)C[C@H]1O,1.1072099696478683,ACTOXUHEUCPTEW
CO[C@@]1(NC(=O)C(C(=O)[O-])c2ccsc2)C(=O)[NH+]2C(C(=O)[O-])C(C)(C)S[C@@H]21,-0.46852108295774486,BVCKFLJARNKCSS
CO[C@@]1(NC(=O)Cc2cccs2)C(=O)[NH+]2C(C(=O)[O-])=C(COC(N)=O)CS[C@@H]21,0.5563025007672873,WZOZEZRFJCJXNZ
CO[C@@]1(NC(O)=c2sc(=C(C(N)=O)C(=O)[O-])s2)C(=O)[NH+]2C(C(=O)[O-])=C(CSc3nnnn3C)CS[C@@H]21,-0.37675070960209955,SMRZELGKBINBNK
CO[C@H]1C[C@@H](O[C@@H]2C(C)C(=O)O[C@H](C)[C@H](C)[C@H](O)C(C)C(=O)[C@@]3(CO3)C[C@H](C)[C@H](O[C@H]3O[C@@H](C)C[C@@H]([NH+](C)C)[C@H]3O)[C@H]2C)O[C@@H](C)[C@@H]1O,0.9590413923210935,RZPAKFUAFGMUPI
CO[C@H]1[C@@H](O)[C@H]([NH3+])[C@@H](O[C@H]2O[C@H]([C@H](C)[NH3+])CC[C@H]2[NH3+])[C@H](O)[C@H]1[NH+](C)C(=O)C[NH3+],0.1367205671564068,BIDUPMYXGFNAEJ
CO[C@]12CC[C@@]3(C[C@@H]1[C@](C)(O)C(C)(C)C)[C@H]1Cc4ccc([O-])c5c4[C@@]3(CC[NH+]1CC1CC1)[C@H]2O5,1.2787536009528289,RMRJXGBAOAMLHD
COc1c(N2CCC/C(=C(\F)C[NH3+])C2)c(F)cc2c(=O)c(C(=O)[O-])cn(C3CC3)c12,-0.10790539730951958,VMKVDAAFMQKZJS
COc1c(N2CC[NH2+]C(C)C2)c(F)cc2c(=O)c(C(=O)[O-])cn(C3CC3)c12,0.4471580313422192,XUBOMFCQGDBHNK
COc1c(N2C[C@@H]3CCC[NH2+][C@@H]3C2)c(F)cc2c(=O)c(C(=O)[O-])cn(C3CC3)c12,0.38021124171160603,FABPRXSRWADJSP
COc1c(OCCC[NH+]2CCOCC2)ccc2c1[NH+]=C(NC(=O)c1cnc(N)nc1)N1CC[NH+]=C21,0.8075350280688532,PZBCKZWLPGJMAO
COc1cc(C(=O)C(=O)[NH+]2CCCCC2C(=O)OC(CCCc2cccnc2)CCCc2cccnc2)cc(OC)c1OC,0.9294189257142927,CGVWPQOFHSAKRR
COc1cc(C2c3cc4c(cc3C(OC3OC5COC(C)OC5C(O)C3[NH+](C)C)C3COC(=O)C23)OCO4)cc(OC)c1[O-],-0.3979400086720376,ZKSNZYLCOXUJIR
COc1cc(CC2c3c(cc(OC)c(OC)c3OC)CC[N+]2(C)CCCOC(=O)CCC(=O)OCCC[N+]2(C)CCc3cc(OC)c(OC)c(OC)c3C2Cc2cc(OC)c(OC)c(OC)c2)cc(OC)c1OC,0.43136376415898736,GBLRQXKSCRCLBZ
COc1cc(OC)c(C(=O)CCC[NH+]2CCCC2)c(OC)c1,0.7481880270062004,OWYLAEYXIQKAOL
COc1cc([C@@H]2c3cc4c(cc3[C@@H](O[C@@H]3O[C@@H]5CO[C@@H](C)O[C@H]5[C@H](O)[C@H]3O)[C@H]3COC(=O)C23)OCO4)cc(OC)c1[O-],-0.3010299956639812,VJJPUSNTGOMMGY
COc1cc([S+](C)O)ccc1-c1nc2ncccc2[n-]1,1.0,JNXDPGWXNIGDRX
COc1cc2c(N)nc(N3CC[NH+](C(=O)OCC(C)(C)O)CC3)nc2c(OC)c1OC,-0.017728766960431602,YNZXWQJZEDLQEG
COc1cc2c(cc1OC)[C@H]1C[C@@H](OC(=O)C([NH3+])C(C)C)[C@H](CC(C)C)C[NH+]1CC2,0.23299611039215382,GEJDGVNQKABXKG
COc1cc2c3cc1Oc1cc(ccc1[O-])C[C@@H]1c4c(cc(OC)c([O-])c4Oc4ccc(cc4)C[C@@H]3[NH+](C)CC2)CC[N+]1(C)C,0.5314789170422551,JFJZZMVDLULRGK
COc1cc2nc(N3CC[NH+](C(=O)C(C)OC)CC3)nc(N)c2cc1OC,-0.27572413039921095,YEOTYALSMRNXLJ
COc1cc2nc(N3CC[NH+](C(=O)C4CCCO4)CC3)nc(N)c2cc1OC,0.04139268515822508,VCKUSRYTPJJLNI
COc1cc2nc(N3CC[NH+](C(=O)C4COc5ccccc5O4)CC3)nc(N)c2cc1OC,0.2041199826559248,RUZYUOTYCVRMRZ
COc1ccc(/C=C\c2cc(OC)c(OC)c(OC)c2)cc1NC(=O)C([NH3+])CO,1.354108439147401,IXWNTLSTOZFSCM
COc1ccc(/C=C\c2cc(OC)c(OC)c(OC)c2)cc1OP(=O)([O-])[O-],0.7678976160180907,WDOGQTQEKVLZIJ
COc1ccc(C(=O)Nc2ccccc2CCC2CCCC[NH+]2C)cc1,1.1139433523068367,PJWPNDMDCLXCOM
COc1ccc(CC[NH+](C)CCC[NH+]2CCc3cc(OC)c(OC)cc3CC2=O)cc1OC,0.9242792860618817,KEDQCFRVSHYKLR
COc1ccc(CC[NH+](C)CCC[NH+]2Cc3cc(OC)c(OC)cc3C2=O)cc1OC,1.1961761850399732,UUMGNNQOCVDZDG
COc1ccc(C[NH2+]C[C@@H](O)COc2ccc3[n-]c(=O)ccc3c2)cc1OC,0.9493900066449128,BYKYPZBCMBEEGU
COc1ccc(Cl)cc1[C@]1(F)C(=O)Nc2cc(C(F)(F)F)ccc21,1.1760912590556813,ULYONBAOIMCNEH
COc1ccc2[n-]c([S+](O)Cc3ncc(C)c(OC)c3C)nc2c1,0.9242792860618817,QOFAHZLHNNZSDW
COc1ccc2c3c1OC1C(=O)CC[C@@]4(O)[C@@H](C2)[NH+](C)CC[C@]314,0.785329835010767,BRUQQQPBMZOVGD
COc1ccc2c3c1O[C@H]1C[C@@H](O)C=C[C@@]31CC[NH+](C)C2,0.7481880270062004,ASUTZQLVASHGKV
COc1ccc2c3c1O[C@H]1[C@@H](O)C=C[C@H]4[C@@H](C2)[NH+](C)CC[C@@]341,1.1760912590556813,OROGSEYTTFOCAN
COc1ccc2cc1Oc1cc3c(cc1OC)CC[N+](C)(C)[C@H]3Cc1ccc(cc1)Oc1c(OC)c(OC)cc3c1[C@@H](C2)[N+](C)(C)CC3,0.07918124604762482,JFXBEKISTKFVAB
COc1ccc2cc1Oc1ccc(cc1)C[C@H]1c3cc(c(OC)cc3CC[NH+]1C)Oc1c(OC)c(OC)c(Br)c3c1[C@H](C2)[NH+](C)CC3,0.9822712330395684,ANJMFZGRGHQXMA
COc1cccc(OCCC[NH3+])c1-c1cc(Nc2cnc(C#N)cn2)n[n-]1,1.5314789170422551,YAYJXMKECMESSL
COc1cccc2c1C(=O)c1c([O-])c3c(c([O-])c1C2=O)C[C@@](O)(C(=O)CO)C[C@@H]3O[C@@H]1C[C@H]([NH3+])[C@H](O[C@@H]2CCCCO2)[C@H](C)O1,1.7611758131557314,KMSKQZKKOZQFFG
COc1cccc2c1C(=O)c1c([O-])c3c(c([O-])c1C2=O)C[C@@](O)(C(=O)CO)C[C@@H]3O[C@H]1C[C@H]([NH+]2CCO[C@H](OC)C2)[C@H](O)[C@H](C)O1,1.1852587652965851,CTMCWCONSULRHO
COc1cccc2c1C(=O)c1c([O-])c3c(c([O-])c1C2=O)C[C@@](O)(C(=O)CO)C[C@@H]3O[C@H]1C[C@H]([NH3+])[C@@H](O)[C@H](C)O1,1.3010299956639813,AOJJSUZBOXZQNB
COc1cccc2c1C(=O)c1c([O-])c3c(c([O-])c1C2=O)C[C@@](O)(C(=O)CO)C[C@@H]3O[C@H]1C[C@H]([NH3+])[C@H](I)[C@H](C)O1,2.146128035678238,PDQGEKGUTOTUNV
COc1cccc2c1C(=O)c1c([O-])c3c(c([O-])c1C2=O)C[C@@](O)(C(C)=O)C[C@@H]3O[C@H]1C[C@H]([NH3+])[C@H](O)[C@H](C)O1,1.6773331514199017,STQGQHZAVUOBTE
COc1ccccc1N1CC[NH+](C[C@@H](O)COc2cccc3ccccc23)CC1,1.0413926851582251,HRRBJVNMSRJFHQ
COc1ccccc1Oc1c(NS(=O)(=O)c2ccc(C(C)C)cn2)nc(-c2ccnc(-c3nnn[n-]3)c2)nc1OCCO,0.9084850188786497,ZKNIWTAZSQYWIO
COc1ccccc1Oc1c(NS(=O)(=O)c2ccc(C)cn2)nc(-c2ccnc(-c3nnn[n-]3)c2)nc1OCCO,1.021189299069938,GMYPFCOMLVDXRB
COc1ccccc1Oc1c(NS(=O)(=O)c2ccc(C)cn2)nc(-c2ccncc2)nc1OC,-0.28399665636520083,YBWLTKFZAOSWSM
COc1ccnc(C[S+](O)c2nc3ccc(OC(F)F)cc3[n-]2)c1OC,0.3424226808222063,BAWFOUUZISIBNG
COc1nc(C(Cl)(Cl)Cl)c(Cl)c(OC)c1Cl,1.4756711883244296,DZVPGIORVGSQMC
CS(=O)(=O)OCCCCOS(C)(=O)=O,0.38021124171160603,COVZYZSDYWQREU
CS(=O)(=O)OCCN(CCBr)c1c(C(=O)NCCOP(=O)([O-])[O-])cc([N+](=O)[O-])cc1[N+](=O)[O-],1.651278013998144,GZSOKPMDWVRVMG
CS(=O)(=O)OC[C@H](O)[C@@H](O)COS(C)(=O)=O,0.6901960800285137,YCPOZVAOBBQLRI
CS(=O)(=O)c1cc(F)cc2c3c(n(Cc4ccc(Cl)cc4)c12)[C@@H](CC(=O)[O-])CC3,0.08278537031645007,NXFFJDQHYLNEJK
CS(=O)(=O)c1ccc(C(=O)Nc2ccc(Cl)c(-c3ccccn3)c2)c(Cl)c1,-2.0,BPQMGSKTAYIVFO
CS(=O)(=O)c1ccc([C@@H](O)[C@@H](COC(=O)C[NH3+])NC(=O)C(Cl)Cl)cc1,0.9822712330395684,AMGKHLVPQHMHGQ
CSCC(NC(=O)COc1cccc2cnccc12)C(=O)NC(Cc1ccccc1)C(O)C(=O)[NH+]1CSCC1C(=O)NC(C)(C)C,1.021189299069938,NJBBLOIWMSYVCQ
CSCCC([NH3+])C(=O)N[C@@]1(C(=O)[O-])CS(=O)(=O)[C@H]2C(C(=O)[O-])[C@H]21,0.9881128402683519,VOYCNOJFAJAILW
CSCCNc1nc(SCCC(F)(F)F)nc2c1ncn2[C@@H]1O[C@H](CO[P@](=O)(O)O[P@](=O)(O)C(Cl)(Cl)P(=O)([O-])[O-])[C@@H](O)[C@H]1O,0.9571281976768131,PAEBIVWUMLRPSK
C[C@@H](Cc1ccccc1)NC(=O)C([NH3+])CCCC[NH3+],1.2304489213782739,VOBHXZCDAVEXEY
C[C@@H](N/C(NC#N)=[NH+]\c1ccncc1)C(C)(C)C,0.7543483357110189,IVVNZDGDKPTYHK
C[C@@H](O)C1C(=O)[NH+]2C(C(=O)[O-])=C(COC(N)=O)S[C@H]12,0.8779469516291882,IKQNRQOUOZJHTR
C[C@@H](O)C1C(=O)[NH+]2C(C(=O)[O-])=C(C[NH3+])S[C@H]12,0.884795363948981,RXCNILVLOHRALM
C[C@@H](O)C1C(=O)[NH+]2C(C(=O)[O-])=C(SCCNC=[NH2+])C[C@H]12,0.47712125471966244,ZSKVGTPCRGIANV
C[C@@H](O)C1C(=O)[NH+]2C(C(=O)[O-])=C(SCCOC(N)=O)S[C@H]12,0.8750612633917001,LVCPLOQIOKEULU
C[C@@H](O)C1C(=O)[NH+]2C(C(=O)[O-])=C(S[C@@H]3C[NH2+]C(C(=O)[NH+](C)C)C3)[C@H](C)[C@H]12,0.5910646070264992,DMJNNHOOLUXYBV
C[C@@H](O)C1C(=O)[NH+]2C(C(=O)[O-])=C(S[C@H]3CC[S@@+](O)C3)S[C@@H]12,0.7075701760979364,OGOMMWZCHRPDKB
C[C@@H](Oc1cc(-n2cnc3ccc(C[NH+]4CC[NH+](C)CC4)cc32)sc1C(N)=O)c1ccccc1C(F)(F)F,1.3010299956639813,ZHJGWYRLJUCMRT
C[C@@H]([C@@](O)(Cn1cncn1)c1ccc(F)cc1F)S(C)(=O)=O,-0.721246399047171,HFGZFHCWKKQGIS
C[C@@H]([NH3+])[C@H]1CC[C@@H]([NH3+])[C@@H](O[C@@H]2[C@@H]([NH3+])[C@@H](O)[C@@H](O)[C@@H]([NH+](C)C(=O)C[NH3+])[C@H]2O)O1,0.1367205671564068,OWTJVZIKRRJXGS
C[C@@H]1C=C2CC(=O)CCC2[C@H]2CC[C@]3(C)[C@@H](O)CC[C@H]3[C@H]12,1.3010299956639813,RKBUNNDYKVHJKD
C[C@@H]1CCC[C@H](C)[NH+]1CCCC(O)(c1ccccc1)c1ccccn1,0.25527250510330607,APUDBKTWDCXQJA
C[C@@H]1CN(c2c(F)c(N)c3c(=O)c(C(=O)[O-])cn(C4CC4)c3c2F)C[C@H](C)[NH2+]1,0.43136376415898736,DZZWHBIBMUVIIW
C[C@@H]1C[C@H]2[C@@H]3CC=C4CC(=O)C=C[C@]4(C)[C@@]3(F)[C@@H](O)C[C@]2(C)[C@@]1(O)C(=O)CO,0.5185139398778874,GJFCONYVAUNLKB
C[C@@H]1C[C@H]2[C@H]3CC=C4CC(=O)C=C[C@]4(C)[C@@]3(Cl)[C@@H](O)C[C@]2(C)[C@@]1(OC(=O)c1ccco1)C(=O)CCl,1.1038037209559568,DQTQVEGUWIUSSO
C[C@@H]1C[NH+](C2CCC(C#N)(c3ccc(F)cc3)CC2)CC[C@]1(C(=O)[O-])c1ccccc1,-0.36653154442041347,ZCGOMHNNNFPNMX
C[C@@H]1O[C@@H](O[C@@H]2[C@H](C)O[C@@H](O[C@H]3C[C@](O)(C(=O)CO)Cc4c([O-])c5c(c([O-])c43)C(=O)c3ccccc3C5=O)C[C@@H]2O)C[C@H]([NH3+])[C@@H]1O,0.3979400086720376,VQHRZZISQVWPLK
C[C@@H]1O[C@@H]1P(=O)([O-])[O-],0.3010299956639812,YMDXZJFXQJVXBF
C[C@@H]1[C@H](O)[C@@H](C)C=CC=CC=CC=CC=CC=CC=C[C@H](O[C@H]2O[C@H](C)[C@@H](O)[C@H]([NH3+])[C@@H]2O)C[C@@H]2O[C@@](O)(C[C@@H](O)C[C@@H](O)[C@H](O)CC[C@@H](O)C[C@@H](O)CC(=O)O[C@H]1C)C[C@H](O)C2C(=O)[O-],-0.769551078621726,APKFDSVGJQXUKY
C[C@@]1(Cn2ccnn2)C(C(=O)[O-])[NH+]2C(=O)C[C@H]2S1(=O)=O,0.6821450763738317,LPQZKKCYTLCDGQ
C[C@@]12CCCCC[C@@H](Cc3ccc([O-])cc31)[C@@H]2[NH3+],1.4393326938302626,VTMVHDZWSFQSQP
C[C@H](CCC(=O)[O-])[C@H]1CC[C@H]2[C@@H]3[C@H](O)C[C@@H]4C[C@H](O)CC[C@]4(C)[C@H]3CC[C@]12C,0.7558748556724915,RUDATBOHQWOJDD
C[C@H](C[NH+]1CCOCC1)C(C(=O)[NH+]1CCCC1)(c1ccccc1)c1ccccc1,0.34044411484011833,INUNXTSAACVKJS
C[C@H](O)C1C(=O)[NH+]2C(C(=O)[O-])=C(S[C@H]3C[NH2+][C@H](CNS(N)(=O)=O)C3)[C@@H](C)C12,0.5132176000679389,AVAACINZEOAHHE
C[C@H]([NH3+])Cc1ccccc1,0.9867717342662449,KWTSXDURSIMDCE
C[C@H]1C(=NC(=O)C(NOC(C)(C)C(=O)[O-])c2csc(N)n2)C(=O)N1S(=O)(=O)[O-],0.17609125905568124,FLMIOANAVARRAD
C[C@H]1CN(c2c(F)cc3c(=O)c(C(=O)[O-])cn(C4CC4)c3c2OC(F)F)CC[NH2+]1,0.43136376415898736,QBDBUKJBJJWZMG
C[C@H]1COc2c(C3([NH3+])CC3)c(F)cc3c(=O)c(C(=O)[O-])cn1c23,0.6875289612146344,XAGMUUZPGZWTRP
C[C@H]1O[C@@H](O[C@H]2[C@@H](O)C[C@H](O[C@H]3[C@@H](O)C[C@H](O[C@H]4CC[C@@]5(C)[C@H](CC[C@@H]6[C@@H]5CC[C@]5(C)[C@@H](C7=CC(=O)OC7)CC[C@]65O)C4)O[C@@H]3C)O[C@@H]2C)C[C@H](O)[C@@H]1O,-1.3665315444204136,WDJUZGPOPHTGOT
C[C@H]1O[C@@H](n2cc(F)c(=O)[n-]c2=O)[C@H](O)[C@@H]1O,1.0413926851582251,ZWAOHEXOSAUJHY
C[C@H]1O[C@H](O[C@H]2[C@H](O)[C@@H](O)[C@@H](OC(C(=O)C(O)CO)[C@H](O)CO)O[C@@H]2CO)[C@H](O)[C@@H](O)[C@@H]1[NH2+][C@H]1C=C(CO)[C@@H](O)[C@H](O)[C@H]1O,0.3424226808222063,QOOXKCQTBVDROE
C[C@H]1[C@H](C)CC[C@]2(C(=O)[O-])CC[C@@]3(C)C(=CC[C@@H]4[C@@]5(C)CC[C@H](O)C(C)(C)[C@@H]5CC[C@]43C)[C@H]12,0.5877109650189114,WCGUUGGRBIKTOS
C[C@H]1[C@H](OC(=O)CCC(=O)[O-])O[C@@H]2O[C@@]3(C)CC[C@H]4[C@H](C)CC[C@@H]1[C@@]24OO3,3.0293837776852097,FIHJKUPKCHIPAT
C[C@H]1c2cccc([O-])c2C(=O)C2=C([O-])[C@]3(O)C(=O)C(C(N)=O)=C([O-])[C@@H]([NH+](C)C)[C@@H]3[C@@H](O)[C@@H]21,-0.3372421683184259,JBIWCJUYHHGXTC
C[C@]([NH3+])(Cc1ccc([O-])c([O-])c1)C(=O)[O-],0.5440680443502757,CJCSPKMFHVPWAR
C[C@]12C=CC(=O)C=C1CC[C@@H]1C2C(=O)C[C@@]2(C)[C@H]1CC[C@]2(O)C(=O)CO,0.3979400086720376,XOFYZVNMUHMLCC
C[C@]12CCC(=O)C=C1CC[C@@H]1[C@@H]2[C@@H](O)C[C@@]2(C)[C@H]1CC[C@]2(O)C(=O)CO,0.7558748556724915,JYGXADMDTFJGBT
C[C@]12CC[C@@H]3c4ccc(OC(=O)[NH+](CCCl)CCCl)cc4CC[C@H]3[C@@H]1CC[C@@H]2OP(=O)([O-])[O-],-0.026872146400301365,ADFOJJHRTBFFOF
C[C@]12CC[C@@H]3c4ccc([O-])cc4CC[C@H]3[C@@H]1CC[C@@H]2O,1.4771212547196624,VOXZDWNPVJITMN
C[C@]12CC[C@@H]3c4ccc([O-])cc4C[C@H](CCCCCCCCC[S+](O)CCCC(F)(F)C(F)(F)F)C3[C@@H]1CC[C@@H]2O,1.0718820073061255,SHDRLYFPFHJQCU
C[C@]12CC[C@H]3[C@@H](CC=C4CC(=O)CC[C@@]43C)[C@@H]1CC[C@@H]2O,1.3891660843645324,SEDRVEWTPRTLOZ
C[N+](C)(C)C[C@H](O)CC(=O)[O-],0.2041199826559248,PHIQHXFUZVPYII
C[N+](C)(C)[NH2+]CCC(=O)[O-],0.4471580313422192,QSSJOIHBMJJWTQ
C[N+](C)(O)CCCN1c2ccccc2CCc2ccccc21,1.0791812460476249,ZWWMORYUMARKSF
C[N+]1(CC2CC2)[C@@H]2C[C@@H](OC(=O)C(CO)c3ccccc3)C[C@H]1[C@@H]1O[C@@H]12,1.3979400086720377,QVVOZYKELHAIPX
C[NH+](C(=O)Cc1cccc2sccc12)[C@@H]1CCCC[C@H]1[NH+]1CCCC1,0.47712125471966244,SYHJZCCNQDFHJQ
C[NH+](C)C(=O)Oc1cc(OC(=O)[NH+](C)C)cc(C(O)C[NH2+]C(C)(C)C)c1,1.255272505103306,ANZXOIAKUNOVQU
C[NH+](C)C(=O)Oc1cccc([N+](C)(C)C)c1,0.9637878273455552,ALWKGYPQUAPLQC
C[NH+](C)CC/C=C1\c2ccccc2COc2ccccc21,1.146128035678238,ODQWQRRAPPTVAG
C[NH+](C)CCC1=C(Cc2cccnn2)c2ccc(F)cc2C1,0.367355921026019,YVEWHDHDFNFTCD
C[NH+](C)CCCN1c2ccccc2CCc2cc([O-])ccc21,0.9637878273455552,ROTCPJFWLNDKHU
C[NH+](C)CCCO[C@@H]1[C@H]2OC(C)(C)O[C@H]2O[C@@H]1[C@H](O)CO,0.541579243946581,YXBQLONCIPUQKO
C[NH+](C)CCN(Cc1cccs1)c1ccccn1,1.4471580313422192,HNJJXZKZRAWDPF
C[NH+](C)CCNc1ccc2c3c(nn2CC[NH2+]CCO)-c2cnccc2C(=O)c13,1.4313637641589874,ZHAKYGFJVGCOAE
C[NH+](C)CCOC(c1ccccc1)c1ccccc1,0.9912260756924949,ZZVUWRFHKOJYTH
C[NH+](C)CC[NH+]1C(=O)c2cccc3cc(N)cc(c23)C1=O,1.2860071220794747,UPALIKSFLSVKIS
C[NH+](C)CC[NH+]1C(=O)c2cccc3cc([N+](=O)[O-])cc(c23)C1=O,1.5390760987927767,XXVLKDRPHSFIIB
C[NH+](C)CCc1c[nH]c2ccc(Cn3cncn3)cc12,1.2041199826559248,ULFRLSNUDGIQQP
C[NH+](C)C[C@H](c1ccc([O-])cc1)C1(O)CCCCC1,0.6901960800285137,KYYIDSXMWOZKMP
C[NH+](C)N=Nc1ccc(C(=O)[O-])cc1,0.11394335230683679,GUAZPUYTLMUTMA
C[NH+](C)[C@@H](c1cccc([O-])c1)[C@H]1CCCC[C@H]1O,0.3424226808222063,UVTLONZTPXCUPU
C[NH+](C)[C@@H]1C([O-])=C(C(=O)NC[NH+]2CCCC2)C(=O)[C@@]2(O)C([O-])=C3C(=O)c4c([O-])cccc4[C@@](C)(O)[C@H]3C[C@@H]12,-0.01322826573375516,HMEYVGGHISAPJR
C[NH+](C)[C@@H]1C([O-])=C(C(N)=O)C(=O)[C@@]2(O)C([O-])=C3C(=O)c4c([O-])c(NC(=O)C[NH+]5CCCC5)cc(F)c4C[C@H]3C[C@@H]12,0.5693739096150459,HLFSMUUOKPBTSM
C[NH+](C)[C@@H]1C([O-])=C(C(N)=O)C(=O)[C@@]2(O)C([O-])=C3C(=O)c4c([O-])ccc(Cl)c4[C@@H](O)[C@H]3C[C@@H]12,0.04139268515822508,FMTDIUIBLCQGJB
C[NH+](C)[C@@H]1C([O-])=C(C(N)=O)C(=O)[C@@]2(O)C([O-])=C3C(=O)c4c([O-])ccc(Cl)c4[C@@](C)(O)[C@H]3C[C@@H]12,0.3010299956639812,CYDMQBQPVICBEU
C[NH+](C)[C@@H]1C([O-])=C(C(N)=O)C(=O)[C@@]2(O)C([O-])=C3C(=O)c4c([O-])cccc4[C@@](C)(O)[C@H]3C[C@@H]12,0.17609125905568124,OFVLGDICTFRJMM
C[NH+](C)[C@@H]1C([O-])=C(C(N)=O)C(=O)[C@@]2(O)C([O-])=C3C(=O)c4c([O-])cccc4[C@@](C)(O)[C@H]3[C@H](O)[C@@H]12,0.3010299956639812,IWVCMVBTMGNXQD
C[NH+](CC(N)=O)C(=O)[NH+](CCCl)N=O,0.9542425094393249,HYHJFNXFVPGMBI
C[NH+](CC(O)=NO)C(=O)C1CCCCC1C(=O)[O-],0.7993405494535817,QKIVRALZQSUWHH
C[NH+](CCC(=O)/C=C/c1ccc([O-])cc1)CCc1ccc2c(c1)OCO2,2.8530895298518657,JEJGJJSMKOHPTP
C[NH+](c1nccc(=O)[n-]1)C1CCN(c2nc3ccccc3n2Cc2ccc(F)cc2)CC1,0.012837224705172217,PVLJETXTTWAYEW
C[NH+]1C(=O)C(O)C[C@H]1c1cccnc1,0.25527250510330607,XOKCJXZZNAUIQN
C[NH+]1C(=O)CC[C@H]1c1cccnc1,-0.05060999335508721,UIKROCXWUNQSPJ
C[NH+]1CC(C(=O)N[C@]2(C)O[C@]3(O)[C@@H]4CCC[NH+]4C(=O)C(Cc4ccccc4)[NH+]3C2=O)C[C@@H]2c3cccc4[nH]cc(c34)C[C@H]21,1.1781132523146318,LUZRJRNZXALNLM
C[NH+]1CCC[C@@H]1Cc1c[nH]c2ccc(CCS(=O)(=O)c3ccccc3)cc12,0.724275869600789,PWVXXGRKLHYWKM
C[NH+]1CCN(c2c(F)cc3c(=O)c(C(=O)[O-])cn(CCF)c3c2F)CC1,0.38021124171160603,XBJBPGROQZJDOJ
C[NH+]1CCN(c2ncc(-c3cc(Cl)cc(Cl)c3Cl)c(N)n2)CC1,1.320146286111054,PDOCBJADCWMDGL
C[NH+]1CCOC(c2ccccc2)c2ccccc2C1,1.0791812460476249,RGPDEAGGEXEMMM
C[NH+]1CC[C@]23c4c5ccc([O-])c4OC2C(=O)CC[C@H]3[C@H]1C5,1.4471580313422192,WVLOADHCBXTIJK
C[NH+]1CC[C@]23c4c5ccc([O-])c4O[C@H]2[C@@H](O)C=C[C@H]3[C@H]1C5,1.414973347970818,BQJCRHHNABKAKU
C[NH+]1C[C@@H]2c3ccccc3Oc3ccc(Cl)cc3[C@H]2C1,1.0934216851622351,VSWBSWWIRNCQIJ
C[NH+]1[C@@H]2CC[C@H]1C[C@@H](OC(=O)C(CO)c1ccccc1)C2,0.8808135922807914,RKUNBYITZUJHSG
C[NH2+]/C(=C\[N+](=O)[O-])[NH2+]CCSCc1csc(C[NH+](C)C)n1,0.9912260756924949,SGXXNSQHWDMGGP
C[NH2+]CC[C@@H](O)[C@@H]1C[C@H](SC2=C(C(=O)[O-])[NH+]3C(=O)C([C@@H](C)O)[C@H]3[C@H]2C)C[NH2+]1,0.3053513694466238,PZLOCBSBEUDCPF
C[NH2+]C[C@@H]1CC[C@@H]([NH3+])[C@@H](O[C@@H]2[C@H](O)[C@@H](O[C@H]3OC[C@](C)(O)[C@H]([NH2+]C)[C@H]3O)[C@H]([NH3+])C[C@@H]2[NH3+])O1,0.04139268515822508,DNYGXMICFMACRA
C[NH2+]C[C@H](O)CC12CCC(c3ccccc31)c1ccccc12,1.1643528557844371,FDXQKWSTUZCCTM
C[NH2+][C@@H](C)Cc1ccccc1,0.6434526764861874,MYWUZJCMWCOHBA
C[NH2+][C@@H]1[C@@H](O)[C@@H](O[C@@H]2[C@@H](O)[C@H](O[C@H]3OC(C[NH2+]CCO)=CC[C@H]3[NH3+])[C@@H]([NH3+])C[C@H]2NC(=O)C(O)CC[NH3+])OC[C@]1(C)O,0.05690485133647256,IYDYFVUFSPQPPV
C[NH2+][C@@H]1[C@@H](O)[C@@H](O[C@@H]2[C@@H](O)[C@H](O[C@H]3OC(C[NH3+])=CC[C@H]3[NH3+])[C@@H]([NH3+])C[C@H]2[NH3+])OC[C@]1(C)O,0.0,URWAJWIAIPFPJE
C[NH2+][C@@H]1[C@@H](O)[C@@H](O[C@@H]2[C@@H](O)[C@H](O[C@H]3O[C@H](C[NH3+])[C@@H](O)[C@H](O)[C@H]3O)[C@@H]([NH3+])C[C@H]2NC(=O)C(O)C[NH3+])OC[C@]1(C)O,0.11394335230683679,UDIIBEDMEYAVNG
C[NH2+][C@@H]1[C@@H](O)[C@@H](O[C@@H]2[C@@H](O)[C@H](O[C@H]3O[C@H]([C@@H](C)[NH3+])CC[C@H]3[NH3+])[C@@H]([NH3+])C[C@H]2[NH3+])OC[C@]1(C)O,0.0,XUFIWSHGXVLULG
C[NH2+][C@@H]1[C@H](O)[C@H]([NH2+]C)[C@H]2O[C@@]3(O)C(=O)C[C@@H](C)O[C@H]3O[C@@H]2[C@H]1O,-0.004364805402450088,UNFWWIHTNXNPBV
C[NH2+][C@H]1CN(c2ccc3c(=O)c(C(=O)[O-])cn(-c4nccs4)c3n2)C[C@@H]1OC,-0.10237290870955855,XZAFZXJXZHRNAQ
C[NH2+]n1cc(C(=O)[O-])c(=O)c2cc(F)c(N3CC[NH+](C)CC3)cc21,0.658964842664435,RUXPNBWPIRDVTH
Cc1[n-]c(=O)c(C#N)cc1-c1ccncc1,0.7923916894982539,PZQLJSXMNYUAPE
Cc1c(F)c(N2CC[NH2+][C@H](C)C2)cc2c1c(=O)c(C(=O)[O-])cn2C1CC1,0.7708520116421442,AIJTTZAVMXIJGM
Cc1c(OCC(F)(F)F)ccnc1C[S+](O)c1nc2ccccc2[n-]1,0.6434526764861874,VUMWDAKRMSFXHU
Cc1cc(=O)n(-c2ccccc2)[nH]1,0.15228834438305647,KZQYIMCESJLPQH
Cc1cc(OC[C@H](O)C[NH2+]C(C)C)c(C)c(C)c1[O-],1.209515014542631,HHMMIZFWFLNZEU
Cc1cc([O-])c2c(=O)c3c([O-])cc([O-])c4c5c([O-])cc([O-])c6c(=O)c7c([O-])cc(C)c8c1c2c(c34)c(c78)c65,-0.8860566476931632,BTXNYTINYBABQR
Cc1cc([O-])c2c(=O)c3c([O-])cc([O-])c4c5c([O-])cc([O-])c6c(=O)c7c([O-])cc(CO)c8c1c2c(c34)c(c65)c78,-0.20760831050174613,YXBUQQDFTYOHQI
Cc1cc2c(OCC(O)C[NH2+]C(C)C)cccc2[nH]1,0.7656685547590141,NXWGWUVGUSFQJC
Cc1ccc(-n2nccn2)c(C(=O)[NH+]2CCN(c3nc4cc(Cl)ccc4o3)CC[C@H]2C)c1,-0.07572071393811836,JYTNQNCOQXFQPK
Cc1ccc(C(=O)[NH+](CCC[NH3+])C(c2nc3snc(C)c3c(=O)n2Cc2ccccc2)C(C)C)cc1,0.7656685547590141,SMFXSYMLJDHGIE
Cc1ccc(C(C[NH3+])CC(=O)[O-])cc1,0.2304489213782739,MSZRPURXKHMSFF
Cc1ccc2c(-c3ccccc3)nc(=O)n(C(C)C)c2c1,0.9754318085092629,JTIGKVIOEQASGT
Cc1cccc(C)c1NC(=O)C(C)[NH3+],0.3424226808222063,BUJAGSGYPOAWEI
Cc1cccc(C)c1NC(=O)C1CCCC[NH+]1C,0.8325089127062363,INWLQCZOYSRPNW
Cc1cccc(C)c1NC(=O)NCCC[NH2+]C(C)C,0.6532125137753437,WHJSFPCTWYLZRC
Cc1cccc(C)c1OCC(C)[NH3+],0.919078092376074,VLPIATFUUWWMKC
Cc1cccc(Cl)c1C(=O)NC(Cc1ccc(NC(=O)c2c(Cl)cncc2Cl)cc1)C(=O)[O-],0.568201724066995,WCGJWHNYKVSSFL
Cc1cccc(Nc2ccncc2S(=O)(=O)[N-]C(=O)[NH2+]C(C)C)c1,-0.27572413039921095,XNPQAJPIVCYYJY
Cc1cccc([C@H](C)c2c[n-]cn2)c1C,1.0413926851582251,WXIAQRKAXQUKIA
Cc1ccsc1C(=CCC[NH+]1CCCC(C(=O)[O-])C1)c1sccc1C,0.2041199826559248,PBJUNZJWGZTSKL
Cc1cn[n-]c1,-0.1366771398795441,YQKQUHVBFFADLG
Cc1cnc(C(=O)NCCc2ccc(S(=O)(=O)[N-]C(=O)[NH2+]C3CCCCC3)cc2)cn1,-0.25181197299379954,HYGPFLCBGJFWEL
Cc1cnc(NCCC[NH+](C)C)c2c1[nH]c1ccc3cc([O-])ccc3c12,1.255272505103306,QROONAIPJKQFMC
Cc1nc(=O)c(C#N)c(NCc2cccnc2)[n-]1,0.7634279935629372,NZXHFDXOCVIYLO
Cc1nc(N[N-]C(=O)C(CC2CCCC2)CN(O)C=O)c(F)c(N2CC[NH+]3CCOCC3C2)n1,0.7481880270062004,GUSBDXDBKXIJPI
Cc1ncc(CO)c(CO)c1[O-],0.8976270912904415,LXNHXLLTXMVWPM
Cc1ncc([N+](=O)[O-])n1C[C@H](O)CCl,0.03342375548694973,IPWKIXLWTCNBKN
Cc1ncsc1CCCl,1.5185139398778875,PCLITLDOTJTVDJ
Cc1nnc(SCC2=C(C(=O)[O-])[NH+]3C(=O)C(NC(=O)C(O)c4ccccc4)[C@H]3SC2)s1,0.414973347970818,VDFFPBOAOLQAJV
Cc1nnc(SCC2=C(C(=O)[O-])[NH+]3C(=O)C(NC(=O)Cn4cc(Cl)c(=O)c(Cl)c4)[C@H]3SC2)s1,-0.022276394711152253,VTLCNEGVSVJLDN
Cc1nnc(SCC2=C(C(=O)[O-])[NH+]3C(=O)C(NC(=O)Cn4cnnn4)[C@H]3SC2)s1,-0.05060999335508721,MLYYVTUWGNIJIB
Cc1nnc2n1-c1sc(Br)cc1C(c1ccccc1Cl)=NC2,0.3010299956639812,UMSGKTJDUHERQW
Cc1onc(-c2c(Cl)cccc2Cl)c1C(=O)NC1C(=O)[NH+]2C(C(=O)[O-])C(C)(C)S[C@H]12,0.3010299956639812,YFAGHNZHGGCZAX
Cc1onc(-c2c(F)cccc2Cl)c1C(=O)NC1C(=O)[NH+]2C(C(=O)[O-])C(C)(C)S[C@H]12,0.38021124171160603,UIOFUWFRIANQPC
Cc1onc(-c2ccccc2)c1C(=O)NC1C(=O)[NH+]2C(C(=O)[O-])C(C)(C)S[C@H]12,0.7993405494535817,UWYHMGVUTGAWSP
Clc1ccc(COC(Cn2ccnc2)c2ccc(Cl)cc2Cl)c(Cl)c1,0.9768083373380663,BYBLEWFAAKGYCD
Clc1cccc(Cl)c1NC1=[NH+]CCN1,0.6020599913279624,GJSURZIOUXUGAL
Cn1c(=O)c2c(ncn2CC(O)CO)n(C)c1=O,0.6812412373755872,KSCFJBIXMNOVSH
Cn1c(=O)c2nc[n-]c2n(C)c1=O,-0.06550154875643228,GUMTYTFCQLOVQF
Cn1c(COP(=O)([NH2+]CCBr)[NH2+]CCBr)cnc1[N+](=O)[O-],1.1702617153949575,UGJWRPJDTDGERK
Cn1cc(NC(=O)Nc2cc(C(=O)Nc3cc(C(=O)Nc4ccc5cc(S(=O)(=O)[O-])cc(S(=O)(=O)[O-])c5c4)n(C)c3)n(C)c2)cc1C(=O)Nc1cc(C(=O)Nc2ccc3cc(S(=O)(=O)[O-])cc(S(=O)(=O)[O-])c3c2)n(C)c1,-2.3279021420642825,WQHXQLSSMJYNOJ
Cn1cc2c3c(cccc31)[C@H]1C[C@@H](CNC(=O)OCc3ccccc3)C[NH+](C)[C@@H]1C2,0.9822712330395684,WZHJKEUHNJHDLS
Cn1nnc(-c2ccc(-c3ccc(N4C[C@H](CO)OC4=O)cc3F)cn2)n1,0.07554696139253074,XFALPSLJIHVRKE
Cn1nnnc1SCC1=C(C(=O)[O-])[NH+]2C(=O)C(=NC(=O)C(NOCC(=O)[O-])c3cc[n-]n3)[C@H]2SC1,0.26245108973042947,BIZFYWUMEZAKHE
Cn1nnnc1SCC1=C(C(=O)[O-])[NH+]2C(=O)C(NC(=O)C(O)c3ccccc3)[C@H]2SC1,0.5563025007672873,OLVCFLKTBJRLHI
FC(F)(F)C(F)(F)C(F)(F)F,2.771374322996021,QYSGYZVSCZSLHT
Fc1ccc([C@@H]2CC[NH2+]C[C@H]2COc2ccc3c(c2)OCO3)cc1,1.255272505103306,AHOUBRCZNHFOSL
N#C[NH3+],1.2304489213782739,XZMCDFZZKTWFGF
N#Cc1ccc(Cn2cncc2C[NH+]2CCN(c3cccc(Cl)c3)C(=O)C2)cc1,0.505149978319906,JNUGFGAVPBYSHF
N/N=c1\[n-]ncc2ccccc12,1.9294189257142926,CCEGPWRZSICLSD
NC(=O)C[NH+]1CC(O)CC1=O,0.25527250510330607,IHLAQQPQKRMGSS
NC(=O)N1c2ccccc2CC(O)c2ccccc21,-0.05551732784983137,BMPDWHIDQYTSHX
NC(=O)OC[C@@H]1C(=NC(=O)C(NOCC(=O)[O-])c2csc(N)n2)C(=O)N1S(=O)(=O)[O-],0.17609125905568124,IDGIWLYTKRMSEG
NC(=O)[NH+]1C(=O)C(C(=O)c2cccs2)c2cc(Cl)ccc21,-1.2365720064370627,IGPDWKCUDHIIRL
NC(=O)c1cc[n+](CC2=C(C(=O)[O-])[NH+]3C(=O)C(NC(=O)C(c4ccccc4)S(=O)(=O)[O-])[C@H]3SC2)cc1,0.292256071356476,SYLKGLMBLAAGSC
NC(=O)c1cccc(N)c1,0.8976270912904415,GSCPDZHWVNUUFI
NC(=[NH2+])N/N=C1\CCc2c(C(N)=[NH2+])cccc21,0.505149978319906,CYPGNVSXMAUSJY
NC(=[NH2+])N1CCC[C@@H](CNC(=O)CC(NS(=O)(=O)c2ccc3ccccc3c2)C(=O)[NH+](CC(=O)[O-])C2CC2)C1,0.8061799739838872,BYDKEYCXCIVOOV
NC(=[NH2+])NC(=O)Cc1c(Cl)cccc1Cl,0.6532125137753437,INJOMKTZOLKMBF
NC(=[NH2+])NC(=O)c1cnn(-c2cccc3ncccc23)c1C1CC1,1.3222192947339193,GDXBRVCQGGKXJY
NC(=[NH2+])NC(CS)C(=O)[O-],0.45939248775923086,XWRZKLKALVJDDS
NC(=[NH2+])NCCCC(NC(=O)C1CCC[NH+]1C(=O)C1CSSCCC(=O)NC(Cc2ccc([O-])cc2)C(=O)NC(Cc2ccccc2)C(=O)NC(CCC(N)=O)C(=O)NC(CC(N)=O)C(=O)N1)C(=O)NCC(N)=O,0.146128035678238,NFLWUMRGJYTJIN
NC(=[NH2+])NCCCC1NC(=O)CCSSCC(C(N)=O)NC(=O)C2CCC[NH+]2C(=O)C(Cc2c[nH]c3ccccc23)NC(=O)C(CC(=O)[O-])NC(=O)CNC1=O,0.45939248775923086,UUQHAAWMCLITRZ
NC(=[NH2+])NCCCCC1NC(=O)CCSSCC(C(N)=O)NC(=O)C2CCC[NH+]2C(=O)C(Cc2c[nH]c3ccccc23)NC(=O)C(CC(=O)[O-])NC(=O)CNC1=O,0.07918124604762482,CZKPOZZJODAYPZ
NC(=[NH2+])c1ccc(C(=O)NC(Cc2ccc([O-])cc2)C(=O)[NH+]2CCC(OCC(=O)[O-])CC2)cc1,0.2787536009528289,FPKOGTAFKSLZLD
NC(=[NH2+])c1ccc(OCCCCCOc2ccc(C(N)=[NH2+])cc2)cc1,1.8692317197309762,XDRYMKDFEDOLFX
NC(O)=NO,0.17609125905568124,VSNHCAURESNICA
NN=c1cc2c(n[n-]1)CC[NH+](C(=O)c1ccccc1)C2,1.1139433523068367,KXBPKQNAWSUJKK
NS(=O)(=O)c1cc(C2(O)NC(=O)c3ccccc32)ccc1Cl,0.17609125905568124,JIVPVXMEBJLZRO
NS(=O)(=O)c1cc2c(cc1C(F)(F)F)NCNS2(=O)=O,0.9867717342662449,DMDGGSIALPNSEE
NS(=O)(=O)c1ccc(S(=O)(=O)Nc2cccc3c(Cl)c[nH]c23)cc1,-0.14266750356873156,SETFNECMODOHTO
N[N-]C(=O)c1ccncc1,0.8692317197309762,OSGOEONOZAIVFX
Nc1c(CC(=O)[O-])cccc1C(=O)c1ccc(Br)cc1,0.11394335230683679,ZBPLOVFIXSTCRZ
Nc1cc(-c2ccncc2)c[n-]c1=O,0.9493900066449128,XVHWSUQCRXQYRF
Nc1ccc([O-])c(C(=O)[O-])c1,0.9684829485539351,KBOPZPXVLCULAV
Nc1cccnc1C=N[NH2+]C([NH3+])=S,0.42324587393680785,XMYKNCNAZKMVQN
Nc1ccn([C@@H]2C=C(CO)[C@@H](O)[C@H]2O)c(=O)n1,0.557507201905658,DUJGMZAICVPCBJ
Nc1ccn([C@@H]2CS[C@H](CO)O2)c(=O)n1,0.6812412373755872,JTEGQNOMFQHVDC
Nc1ccn([C@@H]2O[C@H](CO)C[C@@H]2F)c(=O)n1,0.785329835010767,LTDCCBLBAQXNKP
Nc1ccn([C@@H]2O[C@H](CO)[C@@H](O)C2(F)F)c(=O)n1,1.505149978319906,SDUQYLNIPVEERB
Nc1ccn([C@@H]2O[C@H](CO)[C@@H](O)[C@@H]2O)c(=O)n1,1.619823500457278,UHDGCWIWMRVCDJ
Nc1ccn([C@H]2CC[C@@H](CO)O2)c(=O)n1,0.7481880270062004,WREGKURFCTUGRC
Nc1ccncc1,0.9684829485539351,NUKYPUAOHBNCPY
Nc1n[n+]([O-])c2ccccc2[n+]1[O-],0.9493900066449128,ORYDPOVDJJZGHQ
Nc1nc(=O)c2nc(CNc3ccc(C(=O)NC(CCC(=O)[O-])C(=O)[O-])cc3)cnc2[n-]1,1.7160033436347992,SCRAJBHUKHRKRW
Nc1nc(=O)c2ncn(CCC(CO)CO)c2[n-]1,0.9242792860618817,JNTOCHDNEULJHD
Nc1nc(=O)n([C@H]2C[C@H](O)[C@@H](CO)O2)cc1F,0.7067177823367587,IDYKCXHJJGMAEV
Nc1nc(C(=NO)C(=O)NC2C(=O)[NH+]3C(C(=O)[O-])=C(C=C4CC[NH+](CC(F)(F)F)C4=O)CS[C@H]23)cs1,-0.42021640338318983,NOAJGZYUGGBORE
Nc1nc(CC(=O)Nc2ccc(CC[NH2+]C[C@H](O)c3ccccc3)cc2)cs1,1.1335389083702174,PBAPPPCECJKMCM
Nc1nc(Cl)nc2c1ncn2[C@@H]1O[C@H](CO)[C@@H](O)[C@@H]1F,0.8864907251724818,WDDPHFBMKLOVOX
Nc1nc(Cl)nc2c1ncn2[C@H]1C[C@H](O)[C@@H](CO)O1,1.146128035678238,PTOAARAWEBMLNO
Nc1nc(F)nc2c1ncn2[C@@H]1O[C@H](CO)[C@@H](O)[C@@H]1O,0.505149978319906,HBUBKKRHXORPQB
Nc1nc(N/N=C/C2CCCCC2)nc2c1ncn2[C@@H]1O[C@H](CO)[C@@H](O)[C@H]1O,1.5538830266438743,XJFMHMFFBSOEPR
Nc1nc([NH2+]C2CC2)c2ncn([C@H]3C=C[C@@H](CO)C3)c2n1,1.1139433523068367,MCGSCOLBFJQGHM
Nc1nc2[n-]cnc2c(=S)[n-]1,1.187520720836463,KAQGEVZYVUDGEK
Nc1nc2c(Cc3cccnc3)c[nH]c2c(=O)[n-]1,0.7923916894982539,SYBSQUKVJRIRQQ
Nc1nc2c(ncn2COC(CO)CO)c(=O)[n-]1,0.6627578316815741,IRSCQMHQWWYFCW
Nc1nc2c(ncn2COCCO)c(=O)[n-]1,0.6720978579357175,MKUXAQIIEYXACX
Nc1ncn([C@@H]2O[C@H](CO)[C@@H](O)[C@H]2O)c(=O)n1,1.5440680443502757,NMUSYJAQQFHJEW
Nc1ncn([C@H]2C[C@H](O)[C@@H](CO)O2)c(=O)n1,2.113943352306837,XAUDJQYHKZQPEU
O=C(/C=C/c1ccc([O-])c([O-])c1)O[C@@H]1C[C@](O)(C(=O)[O-])C[C@@H](OC(=O)/C=C/c2ccc([O-])c([O-])c2)[C@H]1O,1.8797264966395772,KRZBCHWVBQOTNZ
O=C(/C=C/c1ccc([O-])c([O-])c1)O[C@@H]1C[C@](OC(=O)/C=C/c2ccc([O-])c([O-])c2)(C(=O)[O-])C[C@@H](O)[C@H]1O,0.9395192526186185,YDDUMTOHNYZQPO
O=C(/C=C/c1ccc([O-])c([O-])c1)O[C@@H]1[C@H](O)C[C@@](O)(C(=O)[O-])C[C@H]1OC(=O)/C=C/c1ccc([O-])c([O-])c1,1.5388249889379038,UFCLZKMFXSILNL
O=C(/C=C/c1ccc([O-])c2c1C(C(=O)OC(Cc1ccc([O-])c([O-])c1)C(=O)[O-])[C@@H](c1ccc([O-])c([O-])c1)O2)OC(Cc1ccc([O-])c([O-])c1)C(=O)[O-],0.8555191556678001,SNKFFCBZYFGCQN
O=C(/C=C/c1ccccc1)NCCO,-0.004364805402450088,OSCTXCOERRNGLW
O=C(CCC[NH+]1CC=C(n2c(=O)[n-]c3ccccc32)CC1)c1ccc(F)cc1,0.9503648543761231,RMEDXOLNCUSCGS
O=C(Cn1ccnc1[N+](=O)[O-])NCC(O)C(F)(F)F,0.47712125471966244,BTLNRJMECFTISR
O=C(Cn1cnnn1)NC1C(=O)[NH+]2C(C(=O)[O-])=C(CSc3nncs3)CS[C@H]12,0.7299742856995556,DZMVCVMFETWNIU
O=C(NC1CC[C@@H](c2cccc(F)c2F)C[NH+](CC(F)(F)F)C1=O)[NH+]1CCC(n2c(=O)[n-]c3ncccc32)CC1,0.7634279935629372,ZFZSYDRDIFLGFA
O=C(NCCO[N+](=O)[O-])c1cccnc1,0.9493900066449128,LBHIOVVIQHSOQN
O=C(NCC[NH+]1CCOCC1)Nc1nc2ccc(Sc3nnc4ccc(-c5ccc(F)cc5)nn34)cc2s1,0.9211660506377387,ODIUNTQOXRXOIV
O=C(O[C@H]1CC2CC[C@@H](C1)[N+]21CCCC1)C(O)(c1ccccc1)c1ccccc1,1.1430148002540952,OYYDSUSKLWTMMQ
O=C(O[C@H]1C[NH+]2CCC1CC2)[NH+]1CCc2ccccc2[C@@H]1c1ccccc1,0.3222192947339193,FBOUYBDGKBSUES
O=C([O-])C(CCc1ccccc1)[NH2+]C1CCC[NH+]2CCCC(C(=O)[O-])[NH+]2C1=O,0.3222192947339193,JRDQYBJAZGPEEF
O=C([O-])C(Cl)Cl,0.724275869600789,JXTHNDFMNIQAHM
O=C([O-])C(O)Cc1ccc([O-])c([O-])c1,1.249198357391113,PAFLSMZLRSPALU
O=C([O-])C1=C(CSc2nnnn2CS(=O)(=O)[O-])CS[C@@H]2C(NC(=O)C(O)c3ccccc3)C(=O)[NH+]12,-0.42021640338318983,DYAIAHUQIPBDIP
O=C([O-])C1=C(C[n+]2ccc(CCS(=O)(=O)[O-])cc2)CSC2C(NC(=O)C(NC(=O)c3[n-]cnc3C(=O)[O-])c3ccccc3)C(=O)[NH+]12,0.2304489213782739,LNZMRLHZGOBKAN
O=C([O-])C1N=C(c2ccccc2)c2cc(Cl)ccc2NC1=O,0.04139268515822508,XDDJGVMJFWAHJX
O=C([O-])C1O[C@@H](Oc2cc3oc(-c4ccc([O-])cc4)cc(=O)c3c([O-])c2[O-])[C@H](O)[C@@H](O)[C@@H]1O,1.6681994841986618,DJSISFGPUUYILV
O=C([O-])CC(NC(=O)CP(=O)([O-])[O-])C(=O)[O-],0.08635983067474821,ZZKNRXZVGOYGJT
O=C([O-])CCCCON=C(c1cccnc1)c1cccc(C(F)(F)F)c1,0.021189299069938092,GLLPUTYLZIKEGF
O=C([O-])CCCC[C@@H]1CCSS1,1.0606978403536116,AGBQKNBQESQNJD
O=C([O-])CCCC[NH+](CCc1ccccc1OCc1ccc(CCc2ccccc2)cc1)Cc1ccc(C(=O)[O-])cc1,0.9542425094393249,WPYWMXNXEZFMAK
O=C([O-])CCCc1ccc(N(CCCl)CCCl)cc1,0.4471580313422192,JCKYGMPEJWAADB
O=C([O-])CCNC(=O)c1ccccc1,0.9637878273455552,CWXYHOHYCJXYFQ
O=C([O-])CO,0.6074550232146685,AEMRFAOFKBGASW
O=C([O-])C[C@@H]1CC[C@H](NC(=O)Cc2cccs2)B(O)O1,0.46834733041215726,IOOWNWLVCOUUEX
O=C([O-])Cn1c(=O)c(=O)[n-]c2cc([N+](=O)[O-])c(-n3ccnc3)cc21,0.724275869600789,ZNNUYLKNLMGQPE
O=C([O-])P(=O)(O)O,0.3222192947339193,ZJAOAACCNHFJAH
O=C(c1ccc(F)cc1)C1CC[NH+](CCn2c(=O)[n-]c3ccccc3c2=O)CC1,0.8260748027008264,YWEQOBFNMZQCRJ
O=C1CCC([NH+]2C(=O)c3ccccc3C2=O)C(=O)N1,0.5314789170422551,UEJJHQNACJXSKW
O=C1CN=C(c2ccccc2)c2cc(Cl)ccc2N1,-0.9208187539523752,AKPLHCDWDRPJGD
O=C1CN=C(c2ccccc2)c2cc([N+](=O)[O-])ccc2N1,-0.06550154875643228,KJONHKAYOJNZEC
O=C1CN=C(c2ccccc2Cl)c2cc(Br)ccc2N1,-1.3010299956639813,CGMJQQJSWIRRRL
O=C1CN=C(c2ccccc2Cl)c2cc(Cl)ccc2N1,-0.769551078621726,CHIFCDOIPRCHCF
O=C1C[C@@H](c2ccccc2)Oc2cc([O-])cc([O-])c21,1.4313637641589874,URFCJEUYXNAHFI
O=C1N=C(c2ccccc2)c2cc(Cl)ccc2NC1O,0.04139268515822508,AQKCJDFMDAPELP
O=C1N=C(c2ccccc2Cl)c2cc(Cl)ccc2NC1O,0.0,KEGIXQQRZWCAMW
O=C1NC(=O)C(c2cn3ccccc3n2)=C1C1=C[NH+]2CC[NH+](C(=O)[NH+]3CCCCC3)C[C@@H]3C=C(F)C=C1[C@H]32,1.0128372247051722,UWVKPGBFIFWUKH
O=C1NCC2(CC[NH+](CCc3ccccc3)CC2)O1,0.414973347970818,FVNFBBAOMBJTST
O=C1c2c([O-])ccc([O-])c2C(=O)c2c(NCC[NH2+]CCO)ccc(NCC[NH2+]CCO)c21,0.8976270912904415,KKZJGLLVHKMTCM
O=C1c2c(c3c4ccc([O-])cc4n([C@@H]4O[C@H](CO)[C@@H](O)[C@H](O)[C@H]4O)c3c3[nH]c4cc([O-])ccc4c23)C(=O)[NH+]1[NH2+]C(CO)CO,1.403120521175818,SPVBQGWOYDIHMI
O=C1c2ccc3ccccc3c2C(=O)[NH+]1CC[NH2+]CCC[NH2+]CC[NH+]1C(=O)c2ccc3ccccc3c2C1=O,0.7558748556724915,CSAUBGZZOLHVPD
O=NNc1cnccn1,1.1798389280231867,AUWFXUHWMBMPTI
O=N[NH+](CCCl)C(=O)NCCCl,1.8920946026904804,DLGOEMSEDOSKAD
O=P([NH2+]CCCl)([NH2+]CCCl)O[C@@H]1O[C@H](CO)[C@@H](O)[C@H](O)[C@H]1O,0.2041199826559248,PSVUJBVBCOISSP
O=P([O-])([O-])C(Cl)(Cl)P(=O)([O-])[O-],0.2041199826559248,ACSIXWWBWUQEHA
O=P([O-])([O-])C(O)(Cc1cccnc1)P(=O)([O-])[O-],0.17609125905568124,IIDJRNMFWXDHID
O=P([O-])([O-])C(O)(Cn1ccnc1)P(=O)([O-])[O-],0.3424226808222063,XRASPMIURGNCCH
O=P([O-])([O-])C(Sc1ccc(Cl)cc1)P(=O)([O-])[O-],-0.3979400086720376,DKJJVAGXPKPDRL
O=P1([NH+](CCCl)CCCl)[NH2+]CCCO1,0.04139268515822508,CMSMOCZEIVJLDB
O=P1([NH2+]CCCl)OCCC[NH+]1CCCl,0.04139268515822508,HOMGKSMUEGBAAB
O=S(=O)([O-])CCS,1.3117538610557542,ZNEWHQLOPFWXOF
O=S(=O)([O-])c1cc([O-])ccc1[O-],-0.060480747381381476,IKQCSJBQLWJEPU
O=[N+]([O-])OCC(CO[N+](=O)[O-])O[N+](=O)[O-],2.2884728005997825,SNIOPGDIGTZGOP
O=[N+]([O-])OC[C@H](O)CO,0.5599066250361125,HXWLJBVVXXBZCM
O=[N+]([O-])O[C@@H]1CO[C@H]2[C@@H]1OC[C@@H]2O,0.3010299956639812,YWXYYJSYQOXTPL
O=[N+]([O-])O[C@H]1CO[C@H]2[C@@H]1OC[C@H]2O[N+](=O)[O-],1.4913616938342726,MOYKHGMNXAOIAT
O=c1[n-]c(=O)n(C2CCCO2)cc1F,-0.022276394711152253,WFWLQNSHRPWKFK
O=c1[n-]cnc2[n-]ncc12,1.0413926851582251,FUEBOPVIMOXHCV
O=c1c(CC[S+](O)c2ccccc2)c(O)n(-c2ccccc2)n1-c1ccccc1,-0.46852108295774486,VESRCPPWLJEJIB
O=c1ccc2ccccc2o1,1.3729120029701065,ZYGHJZDHTFUPRJ
OC(CC[NH+]1CCCCC1)(c1ccccc1)C1CC2C=CC1C2,1.0791812460476249,YSXKPIUOCJLQIE
OCC[NH+]1CC[NH+](CCCN2c3ccccc3Sc3ccc(Cl)cc32)CC1,1.4313637641589874,RGCVKNLCSQQDEP
OCC[NH+]1C[C@H](O)[C@@H](O)[C@H](O)[C@H]1CO,0.2304489213782739,IBAQFPQHRJAVAV
OC[C@@H](O)[C@@H](O)[C@H](O)[C@H](O)CO,0.07918124604762482,FBPFZTCFMRRESA
OCc1ncc2n1-c1ccc(Cl)cc1C(c1ccccc1F)=NC2,0.9872192299080049,QHSMEGADRFZVNE
O[C@@H]1[C@@H](O)[C@@H](O)OC[C@H]1O,0.37657695705651195,SRBFZHDQGSBBOR
O[C@](CO[C@@H]1C[NH+]2CCC1CC2)(c1ccccc1)C1CCCC1,0.29885307640970665,GTKRIWMDLNOSLI
S=c1[n-]cnc2[n-]cnc12,1.1760912590556813,NRKSOJNEWHCOOP
[NH3+]C(C(=O)[O-])[C@@H]1CC(Cl)=NO1,-0.16115090926274472,QAWIHIJWNYOLBE
[NH3+]C(CCC(=O)NC(CS(=O)(=O)CCOP(=O)([NH+](CCCl)CCCl)[NH+](CCCl)CCCl)C(=O)NC(C(=O)[O-])c1ccccc1)C(=O)[O-],1.4548448600085102,OJLHWPALWODJPQ
[NH3+]C(CCC(=O)NC(Cc1ccc([O-])c([O-])c1)C(=O)[O-])C(=O)[O-],0.6627578316815741,KEKSCSDLHBLBDJ
[NH3+]C(Cc1c[nH]c2ccc([O-])cc12)C(=O)[O-],0.2355284469075489,LDCYZAJDBXYCGN
[NH3+]C(Cc1ccc(N(CCCl)CCCl)cc1)C(=O)[O-],0.8450980400142568,SGDBTWWWUNNDEQ
[NH3+]C(Cc1ccc([O-])c([O-])c1)C(=O)[O-],1.3617278360175928,WTDRDQBEARUVNC
[NH3+]C1(C(=O)[O-])CC1,0.17609125905568124,PAJPWUMXBYXFCZ
[NH3+]C1CCN(c2c(F)cc3c(=O)c(C(=O)[O-])cn(C4CC4)c3c2Cl)C1,0.6720978579357175,QGPKADBNRMWEQR
[NH3+]CC(=O)CCC(=O)[O-],0.2741578492636798,ZGXJTSGNIOSYLO
[NH3+]CC1(CC(=O)[O-])CCCCC1,0.2304489213782739,UGJMXCAKCUNAIE
[NH3+]CC1CCC(C(=O)[O-])CC1,0.38021124171160603,GYDJEQRTZSCIOI
[NH3+]CCC(O)(P(=O)([O-])[O-])P(=O)([O-])[O-],0.3979400086720376,WRUUGTRCQOWXEG
[NH3+]CCC(O)C(=O)N[C@@H]1C[C@H]([NH3+])[C@@H](O[C@H]2O[C@H](C[NH3+])CC[C@H]2[NH3+])[C@H](O)[C@H]1O[C@H]1O[C@H](CO)[C@@H](O)[C@H]([NH3+])[C@H]1O,0.10720996964786837,MKKYBZZTJQGVCD
[NH3+]CCC(O)C(=O)N[C@@H]1C[C@H]([NH3+])[C@@H](O[C@H]2O[C@H](C[NH3+])[C@@H](O)[C@H](O)[C@H]2O)[C@H](O)[C@H]1O[C@H]1O[C@H](CO)[C@@H](O)[C@H]([NH3+])[C@H]1O,0.04139268515822508,LKCWBDHBTVXHDL
[NH3+]CCCC(O)(P(=O)([O-])[O-])P(=O)([O-])[O-],0.414973347970818,OGSPWJRAVKPPFI
[NH3+]CCCCC([NH2+]C(CCc1ccccc1)C(=O)[O-])C(=O)[NH+]1CCCC1C(=O)[O-],0.07918124604762482,RLAWWYSOJDYHDC
[NH3+]CCCCC([NH2+]C1CCc2ccccc2N(CC(=O)[O-])C1=O)C(=O)[O-],0.08990511143939793,AXTCRUUITQKBAV
[NH3+]CCCCCC(=O)[O-],0.3979400086720376,SLXKOJJOQWFEFD
[NH3+]CCC[NH2+]CCSP(=O)(O)O,1.4864304788544338,JKOQGQFVAUAYPM
[NH3+]CCc1ccc([O-])c([O-])c1,1.8188854145940099,VYFYYTLLBUKUHU
[NH3+]C[C@@H]1CC[C@@H]([NH3+])[C@@H](O[C@H]2[C@H](O)[C@@H](O[C@H]3O[C@H](CO)[C@@H](O)[C@H]([NH3+])[C@H]3O)[C@H]([NH3+])C[C@@H]2[NH3+])O1,-0.09691001300805639,JJCQSGDBDPYCEO
[NH3+]C[C@H]1OB(O)c2c(OCCCO)cccc21,0.6127838567197355,FXQIIDINBDJDKL
[NH3+]C[C@H]1O[C@H](O[C@H]2[C@H](O)[C@@H](O[C@H]3O[C@H](CO)[C@@H](O)[C@H]([NH3+])[C@H]3O)[C@H]([NH3+])C[C@@H]2[NH3+])[C@H](O)[C@@H](O)[C@@H]1O,0.146128035678238,SBUJHOSQTJFQJX
[NH3+]C[C@H]1O[C@H](O[C@H]2[C@H](O)[C@@H](O[C@H]3O[C@H](CO)[C@@H](O)[C@H]([NH3+])[C@H]3O)[C@H]([NH3+])C[C@@H]2[NH3+])[C@H]([NH3+])C[C@@H]1O,0.2041199826559248,NLVFBUXFDBBNBW
[NH3+]C[C@H]1O[C@H](O[C@H]2[C@H](O[C@@H]3O[C@H](CO)[C@@H](O)[C@H]3O)[C@@H](O)[C@H]([NH3+])C[C@@H]2[NH3+])[C@H]([NH3+])[C@@H](O)[C@@H]1O,0.17609125905568124,NSKGQURZWSPSBC
[NH3+]Cc1ccccc1CC(=O)NC1C(=O)[NH+]2C(C(=O)[O-])=C(CSc3nnnn3CC(=O)[O-])CS[C@H]12,-0.1804560644581313,SLAYUXIURFNXPG
[NH3+][C@@H](CC(=O)[NH+]1CCn2c(nnc2C(F)(F)F)C1)Cc1cc(F)c(F)cc1F,0.7781512503836436,MFFMDFFZMYYVKS
[NH3+][C@@]1(C(=O)[O-])CS(=O)(=O)[C@H]2C(C(=O)[O-])[C@H]21,0.38021124171160603,AVDUGNCTZRCAHH
[O-]c1ccc(C2=Cc3ccc([O-])cc3OC2)cc1,1.7715874808812553,ZZUBHVMHNVYXRR
[O-]c1ccc2c(c1)[C@@]13CCCC[C@@]1(O)[C@@H](C2)[NH+](CC1CCC1)CC3,1.6127838567197355,IFKLAQQSCNILHL
[O-]c1cccc(-c2c3nc(c(-c4cccc([O-])c4)c4ccc([nH]4)c(-c4cccc([O-])c4)c4ccc([nH]4)c(-c4cccc([O-])c4)c4nc2CC4)C=C3)c1,-1.2218487496163564,KSXLETNRCMCRAQ
C/C(=C\c1csc(C)n1)[C@@H]1C[C@@H]2O[C@]2(C)CCC[C@H](C)[C@H](O)C(C)C(=O)C(C)(C)[C@@H](O)CC(=O)N1,1.0,FABUFPQFXZVHFB
C=CC[NH+]1CCCC1CNC(=O)c1cc2[n-]nnc2cc1OC,0.8195439355418687,FZZJFTPPUFKIDP
C=CC[NH2+]c1c(O)cc2c(O)c1C=C(C)C[C@H](OC)[C@H](O)[C@@H](C)/C=C(\C)[C@H](OC(N)=O)[C@@H](OC)C=CC=C(C)C(=O)N2,1.00774777800074,CREFNIMWTPMWOS
CC#CCn1c(N2CCC[C@@H]([NH3+])C2)nc2c1c(=O)n(Cc1nc(C)c3ccccc3n1)c(=O)n2C,0.2787536009528289,LTXREWYXXSTFRX
CC(=O)Nc1cccc(-n2c(=O)n(C3CC3)c(=O)c3c(Nc4ccc(I)cc4F)n(C)c(=O)c(C)c32)c1,-0.09691001300805639,LIRYPHYGHXZJBZ
CC(=O)[C@]1(O)Cc2c([O-])c3c(c([O-])c2[C@@H](O[C@H]2C[C@H]([NH+]4CC4)[C@H](OS(C)(=O)=O)[C@H](C)O2)C1)C(=O)c1ccccc1C3=O,1.371806458507416,VMDWTZZCNDEKIO
CC(=[NH2+])N1CC[C@H](SC2=C(C(=O)[O-])[NH+]3C(=O)C([C@@H](C)O)[C@H]3C2)C1,0.414973347970818,TYMABNNERDVXID
CC(C(=O)[O-])c1ccc(C(=O)c2ccccc2)s1,-0.20760831050174613,GUHPRPJDBZHYCJ
CC(C)(C)OC(=O)NC1CCCCC/C=C\[C@@H]2C[C@@]2(C(=O)[N-]S(=O)(=O)C2CC2)NC(=O)C2C[C@@H](OC(=O)[NH+]3Cc4cccc(F)c4C3)C[NH+]2C1=O,1.061829307294699,DEGZUUNHZMOMRT
CC(C)(C)[NH2+]CC(O)COc1cccc2c1CC(O)C(O)C2,0.4623979978989561,VWPOSFSPZNDTMJ
CC(C)(C)[NH2+]C[C@@H](O)COc1cccc2c1CCC(=O)N2,1.0043213737826426,LWAFSWPYPHEXKX
CC(C)(C)c1[n-]cnc1/C=c1\[n-]c(=O)/c(=C/c2ccccc2)[n-]c1=O,0.8692317197309762,BWATXCRFYWUIDU
CC(C)(C)c1cnc(CSc2cnc(NC(=O)C3CC[NH2+]CC3)s2)o1,1.1139433523068367,OUSFTKFNBAZUKL
CC(C)([NH3+])CC(=O)NC1CCc2ccccc2N(Cc2ccc(-c3ccccc3-c3nnn[n-]3)cc2)C1=O,0.48429983934678583,BCDQJEIWMPKATR
CC(C)=CCC[C@]1(C)C=Cc2c([O-])c3c(c(CC=C(C)C)c2O1)O[C@]12C(=CC4C[C@@H]1C(C)(C)O[C@@]2(C/C=C(/C)C(=O)[O-])C4=O)C3=O,0.09342168516223506,GEZHEQNLKAOMCA
CC(C)=CC[NH+]1CC[C@]2(C)c3cc([O-])ccc3C[C@H]1C2C,1.3617278360175928,VOKSWYLNZZRQPF
CC(C)C(=O)OCC(=O)[C@]12O[C@@H](C3CCCCC3)O[C@@H]1C[C@@H]1[C@@H]3CC=C4CC(=O)C=C[C@]4(C)[C@H]3[C@@H](O)C[C@@]12C,1.5224442335063197,UGGUCACMQFGWAH
CC(C)C1C(=O)NC(CCCNC(N)=[NH2+])C(=O)NCC(=O)NC(CC(=O)[O-])C(=O)NC(Cc2ccccc2)C(=O)[NH+]1C,0.07188200730612536,AMLYAMJWYAIXIA
CC(C)C1CCC(C(=O)NC(Cc2ccccc2)C(=O)[O-])CC1,0.25527250510330607,OELFLUMRDSZNSF
CC(C)CC1C(=O)[NH+]2CCC[C@H]2[C@]2(O)O[C@@](C)(NC(=O)C3C[C@@H]4c5cccc6[nH]cc(c56)C[C@H]4[NH+](C)C3)C(=O)[NH+]12,1.1089031276673134,XWMMZDZUHSYSPU
CC(C)OC(=O)CCC/C=C/C[C@@H]1[C@@H](CC[C@@H](O)CCc2ccccc2)[C@H](O)C[C@@H]1O,0.8260748027008264,GGXICVAJURFBLW
CC(C)[N@+]1(C)[C@H]2CC[C@H]1C[C@H](OC(=O)C(c1ccccc1)C1CCCC1)C2,0.9247959957979122,WNMNMBROVJBYLM
CC(C)[NH+](CCC(C(N)=O)(c1ccccc1)c1ccccn1)C(C)C,-0.045757490560675115,UVTNFZQICZKOEM
CC(c1ncncc1F)[C@](O)(Cn1cncn1)c1ccc(F)cc1F,0.919078092376074,BCEHBSKCWLPMDN
CC1=[NH+]C(=O)[C@](CC[NH+](C(C)C)C(C)C)(c2ccccc2)[C@H]2CCCCN12,0.8318697742805017,QAHRRCMLXFLZTF
CCC(=O)N(c1ccccc1)C1(C(=O)OC)CC[NH+](CCC(=O)OC)CC1,1.568201724066995,ZTVQQQVZCWLTDF
CCC(=O)O[C@](Cc1ccccc1)(c1ccccc1)[C@H](C)C[NH+](C)C,1.1760912590556813,XLMALTXPSGQGBX
CCC1(c2cnc[n-]2)Cc2ccccc2C1,1.2922560713564761,XBHKFLLALCADQF
CCC1=C(C)C[NH+](C(=O)NCCc2ccc(S(=O)(=O)[N-]C(=O)[NH2+][C@H]3CC[C@H](C)CC3)cc2)C1=O,-0.3010299956639812,OYBFYGOUEFZYBD
CCCC(=O)[NH+]1CCCN(c2nc(N)c3cc(OC)c(OC)cc3n2)CC1,0.6812412373755872,RHLJLALHBZGAFM
CCCC(C)C1(CC)C(=O)[N-]C(=O)[N-]C1=O,-0.3279021420642826,WEXRUCMBJFQVBZ
CCCCC1=[NH+]C2(CCCC2)C(=O)N1Cc1ccc(-c2ccccc2-c2nnn[n-]2)cc1,0.36172783601759284,YZTMOTXOTDTVTA
CCCCCCCCCC=CCCC(=O)N=CC(=O)N[C@@H]1[C@@H](O)[C@@H](O)[C@@H]([NH2+]c2[n-]cnc3ncnc2-3)O[C@H]1[C@@H](O)CO,0.43136376415898736,GNOFAFCHYBFLKX
CCCCC[C@H](O)/C=C/[C@@H]1C(CCCCCCC(=O)[O-])C(=O)C[C@H]1O,1.657055852857104,GMVPRGQOIOIIMI
CCCCc1nc(C)c(CC(=S)[NH+](C)C)c(=O)n1Cc1ccc(-c2ccccc2-c2nnn[n-]2)cc1,0.9822712330395684,CKUCNXZCPVNWQR
CCCNc1nc(NCCC)nc(N(C)OC)n1,1.0755469613925308,FJNLCHNQVJVCPY
CCC[C@H]([NH2+]c1nc(-c2ccc(NC(=O)NCC)c(OC)c2)ncc1C)c1cccnc1,1.3463529744506386,MTJHLONVHHPNSI
CCC[NH2+]C(C)C(=O)Nc1c(C)csc1C(=O)OC,2.1027766148834415,QTGIAADRBBLJGA
CCCc1c(O)n2c(N(C)C)[nH+]c3ccc(C)cc3[n+]2c1O,-0.8538719643217619,WCJQZLNBFZHBAY
CCCn1c(=O)c2[n-]c(C34CCC(CCC(=O)[O-])(CC3)CC4)nc2n(CCC)c1=O,0.03342375548694973,ORNLWEWNNHAJHV
CCN(CC)c1ccc2cc(C(=O)Nc3ccc4[nH]c(C(=O)N5C[C@@H](CCl)c6c5cc(OC(=O)Nc5ccccc5)c5[nH]cc(C)c65)cc4c3)oc2c1,0.4623979978989561,BBZDXMBRAFTCAA
CCOc1ccc(CC2=[NH+]CCc3cc(OCC)c(OCC)cc32)cc1OCC,0.5440680443502757,NCVXEYAKRVJMTQ
CCOc1ccccc1OCC1C[NH2+]CCO1,0.3222192947339193,YWPHCCPCQOJSGZ
CCOc1ccccc1OCC[NH2+][C@H](C)Cc1ccc(OC)c(S(N)(=O)=O)c1,-0.20760831050174613,DRHKJLXJIQTDTD
CCOc1ncc(S(=O)(=O)[NH+]2CC[NH+](CC)CC2)cc1-c1nc(=O)c2nn(CCOC)c(CC)c2[n-]1,1.1553360374650619,YPFZMBHKIVDSNR
CC[C@@]1(O)C(=O)OCc2c1cc1n(c2=O)Cc2c-1nc1cc(F)c(C)c3c1c2[C@@H]([NH3+])CC3,-0.017728766960431602,ZVYVPGLRVWUPMP
CC[C@H](c1ccccc1)c1c([O-])c2ccccc2oc1=O,-1.6989700043360187,DQDAYGNAKTZFIW
CC[C@H]1OC(=O)C(C)[C@@H](O[C@H]2C[C@@](C)(OC)[C@@H](O)[C@H](C)O2)[C@H](C)[C@@H](O[C@@H]2O[C@H](C)C[C@H]([NH+](C)C)[C@H]2O)[C@](C)(O)C[C@@H](C)C[NH+](C)[C@H](C)[C@@H](O)[C@]1(C)O,1.0,MQTOSJVFKKJCRP
CC[C@]1(C)NC(=O)C(Cc2cccs2)NC(=O)C(Cc2ccccc2)NC(=O)CCCSCC(C(=O)[NH+]2C[C@H](O)CC2C(=O)NC(CCCNC(N)=[NH2+])C(=O)NCC(N)=O)NC(=O)C(CC(N)=O)NC1=O,-0.060480747381381476,QWIZXUKSCAJBBY
CC[NH+](CC)CCOC(=O)C(Cc1cccc2ccccc12)CC1CCCO1,1.0334237554869496,KBAFPSLPKGSANY
CC[NH+]1CC[NH+](C(=O)NC(C(=O)NC2C(=O)[NH+]3C(C(=O)[O-])C(C)(C)S[C@H]23)c2ccccc2)C(=O)C1=O,0.6020599913279624,IVBHGBMCVLDMKU
CCc1ccc(Cc2ccc3c(c2)[C@]2(OC3)O[C@H](CO)[C@@H](O)[C@H](O)[C@H]2O)cc1,0.3159703454569177,VWVKUNOPTJGDOB
CCc1nc2c(N)nc3ccccc3c2n1CCCCNS(C)(=O)=O,0.8864907251724818,YZOQZEXYFLXNKA
CCn1cc(C(=O)[O-])c(=O)c2cc(F)c(N3CC[NH2+]CC3)nc21,0.7323937598229685,IDYZIJYBMGIQMJ
CN(Cc1cnc2nc(N)nc(N)c2n1)c1ccc(C(=O)NC(CCC(=O)[O-])C(=O)[O-])cc1,0.3222192947339193,FBOZXECLQNJBKD
CN1c2ccccc2[C@@H]([NH2+]CCCCCCC(=O)[O-])c2ccc(Cl)cc2S1(=O)=O,0.4471580313422192,JICJBGPOMZQUBB
CNC(=O)Nc1c(OCC[NH+]2CCCC2)c(OC)c2occc2c1OC,0.505149978319906,BWMMRMDCODVQBX
CNC(=O)c1cnn(-c2nc(N)c3ncn([C@@H]4O[C@H](CO)[C@@H](O)[C@H]4O)c3n2)c1,0.8633228601204559,LZPZPHGJDAGEJZ
COC(=O)C1(OC(=O)c2cncn2[C@H](C)c2ccccc2)CC1,1.6996643202023733,DRAFVCKNYNQOKR
COC(=O)CC[C@@H]1N=C(c2ccccn2)c2cc(Br)ccc2-n2c(C)cnc21,1.1766699326681496,CYHWMBVXXDIZNZ
COC(=O)N(C)c1c(N)nc(-c2nn(Cc3ccccc3F)c3ncccc23)nc1N,-0.13076828026902382,WXXSNCNJFUAIDG
CO[C@@]1(NC(=O)CSCC#N)C(=O)[NH+]2C(C(=O)[O-])=C(CSc3nnnn3C)CS[C@@H]21,0.17609125905568124,SNBUBQHDYVFSQF
CO[C@]1(NC(=O)CSC(F)F)C(=O)[NH+]2C(C(=O)[O-])=C(CSc3nnnn3CCO)CO[C@@H]21,0.6127838567197355,UHRBTBZOWWGKMK
COc1c(N2C[C@@H](C)C[C@H]([NH3+])C2)ccc2c(=O)c(C(=O)[O-])cn(C3CC3)c12,0.5797835966168101,AVPQPGFLVZTJOR
COc1cc(Cc2cnc(N)nc2N)c2cc(Cc3c(C(=O)[NH+](C)C)[nH]c4ccc(Cl)cc34)oc2c1OC,0.8744818176994665,ASSNCSVJAZEMQG
COc1cc(F)ccc1Cn1ccc2c3c(ncc21)C(=O)N(O)CC3,1.380211241711606,OYKZKGBMHATGTA
COc1cc(OC)c(/C=C/S(=O)(=O)Cc2ccc(OC)c(NCC(=O)[O-])c2)c(OC)c1,0.17897694729316943,OWBFCJROIKNMGD
COc1cc2nc(N(C)CCCNC(=O)C3CCCO3)nc(N)c2cc1OC,0.7708520116421442,WNMJYKCGWZFFKR
COc1ccc(-c2nc3cc(C4=N[N-]C(=O)CC4C)ccc3[n-]2)cc1,1.146128035678238,UFNMHMKSMBUANO
COc1ccc(-n2nc(C(N)=O)c3c2C(=O)N(c2ccc(N4CCCCC4=O)cc2)CC3)cc1,-0.09691001300805639,QNZCBYKSOIHPEH
COc1ccc([C@@H]2Sc3cc(Cl)ccc3N(CC[NH+](C)C)C(=O)C2OC(C)=O)cc1,1.1367205671564067,GYKFWCDBQAFCLJ
COc1ccc2[nH]c3c(c2c1)CC[NH2+][C@]31CS[C@@H]2c3c(OC(C)=O)c(C)c4c(c3[C@H](COC1=O)[NH+]1[C@@H]2[C@H]2c3c(cc(C)c(OC)c3[O-])C[C@@H]([C@@H]1O)[NH+]2C)OCO4,0.4409090820652177,YDDMIZRDDREKEP
COc1ccc2c(c1OC)C(=O)O[C@@H]2[C@H]1c2c(cc3c(c2OC)OCO3)CC[NH+]1C,1.2273724422896362,AKNNEGZIBPJZJG
COc1cccc([C@@]2(O)CCCC[C@@H]2C[NH+](C)C)c1,0.8129133566428556,TVYLLZQTGLZFBW
COc1cccc2c(C(=O)[NH+]3CC[NH+](C)C(C)C3)cn(CC3CCCCC3)c12,0.47712125471966244,ONXJNAIZJKLJGA
COc1ccccc1N1CC[NH+](CCCNc2cc(=O)n(C)c(=O)n2C)CC1,0.4913616938342727,ICMGLRUYEQNHPF
CS(=O)(=O)N(CCO)c1c(Cl)c(Cl)cc2[n-]c(=O)c(=O)[n-]c12,0.7781512503836436,SKPPMUTYNNTSEH
CS(=O)(=O)c1ccc(C2=C(c3ccccc3)C(=O)OC2)cc1,0.3010299956639812,RZJQGNCSTQAWON
CS(=O)(=O)c1ccc2c(c1)N(CCC[NH+]1CCC(C(N)=O)CC1)c1ccccc1S2,1.0842186867392387,BQDBKDMTIJBJLA
CSc1ccc(C(=O)c2[n-]c(=O)[n-]c2C)cc1,1.2810333672477277,QOMGAOCGIWHBHV
C[C@@H](O)C1C(=O)[NH+]2C(C(=O)[O-])=C(S[C@@H]3C[NH2+]C(C(=O)Nc4cccc(C(=O)[O-])c4)C3)[C@H](C)[C@H]12,-0.3467874862246563,JUZNIMUFDBIJCM
C[C@@H]1C[C@H]2C3C[C@H](F)C4=CC(=O)C=C[C@]4(C)[C@@]3(F)[C@@H](O)C[C@]2(C)[C@@]1(OC(=O)c1ccco1)C(=O)SCF,1.1271047983648077,XTULMSXFIHGYFS
C[C@@H]1C[C@H]2[C@@H]3C[C@H](F)C4=CC(=O)C=C[C@]4(C)[C@H]3[C@@H](O)C[C@]2(C)C1C(=O)CO,0.8450980400142568,GAKMQHDJQHZUTJ
C[C@@](O)(/C=C/[C@H]1CC=CC(=O)O1)[C@@H](C[C@@H](O)/C=C\C=C/C=C/CO)OP(=O)([O-])[O-],0.07918124604762482,ZMQRJWIYMXZORG
C[C@H](CCc1ccc([O-])cc1)[NH2+]CCc1ccc([O-])c([O-])c1,2.060697840353612,JRWZLRBJNMZMFE
C[C@H]1CCc2c(N3CCC(O)CC3)c(F)cc3c(=O)c(C(=O)[O-])cn1c23,-0.26760624017703144,JYJTVFIEFKZWCJ
C[C@]12CC=C3C4=C(CCC3[C@@H]1CC[C@@]2(O)CC#N)CC(=O)CC4,0.11058971029924898,WUQMVSOZWZOUJR
C[NH+](C)CC(Oc1ccccc1)Oc1ccccc1,1.1367205671564067,QNMGHBMGNRQPNL
C[NH+](C)CCc1c[nH]c2ccc(CS(=O)(=O)[NH+]3CCCC3)cc12,0.9493900066449128,WKEMJKQOLOHJLZ
C[NH+](C)CCc1c[nH]c2ccc(C[C@H]3COC(=O)N3)cc12,0.8260748027008264,ULSDMUVEXKOYBU
C[NH+](c1nc2ccccc2s1)C1CC[NH+](C[C@H](O)COc2ccc(F)c(F)c2)CC1,0.2304489213782739,OZFSWVOEXHGDES
C[NH+]1C(C(=O)Nc2ccccn2)C(=O)c2sccc2S1(=O)=O,-1.5228787452803376,OTGJPAOGHQFBMI
C[NH+]1C2CCC1CC(=C1c3ccccc3CSc3ccccc31)C2,0.6972293427597176,JOQKFRLFXDPXHX
C[NH+]1CCCC(n2nc(Cc3ccc(Cl)cc3)c3ccccc3c2=O)CC1,0.9542425094393249,MBUVEWMHONZEQD
C[NH+]1CCC[C@H]1c1cccnc1,1.255272505103306,SNICXCGAKADSCV
C[NH+]1CC[NH+](C(=O)OC2c3nccnc3C(=O)[NH+]2c2ccc(Cl)cn2)CC1,0.5185139398778874,GBBSUAFBMRNDJC
C[NH+]1CC[NH+](C(c2ccccc2)c2ccccc2)CC1,1.1613680022349748,UVKZSORBKUEBAZ
C[NH+]1CC[NH+](CCCC[NH+]2C(=O)C[NH+](/N=C/c3ccc(-c4ccc(Cl)cc4)o3)C2=O)CC1,0.38021124171160603,MREBEPTUUMTTIA
C[NH+]1CCc2cccc3c2[C@H]1Cc1ccc([O-])c([O-])c1-3,1.6020599913279623,VMWNQDUVQKEIOC
C[n+]1cccc(OC(=O)[NH+](C)CCCCCC[NH+](C)C(=O)Oc2ccc[n+](C)c2)c1,-0.6989700043360187,AHZBEVXBKNYXPU
Cc1[n-]c(=O)c(C#N)cc1-c1ccc2nccn2c1,1.0413926851582251,JPAWFIIYTJQOKW
Cc1[n-]cnc1C[NH+]1CCc2c(c3ccccc3n2C)C1=O,0.9395192526186185,QPIMGCPPYUUAAD
Cc1c([O-])ccc2c1OC[C@@H](c1ccc([O-])cc1)[C@H]2c1ccc([O-])cc1,0.9253120914996495,QVCAATSEPLQVBX
Cc1cc(-n2cccc2)c(S(C)(=O)=O)cc1C(=O)NC(N)=[NH2+],0.9138138523837167,UADMBZFZZOBWBB
Cc1cc(C)c2c(c1)[C@@H]([NH+](Cc1cc(C(F)(F)F)cc(C(F)(F)F)c1)c1nnn(C)n1)CCCN2CC1CCC(C(=O)[O-])CC1,-0.07572071393811836,IHIUGIVXARLYHP
Cc1cc(Nc2cc(N3CC[NH+](C)CC3)nc(Sc3ccc(NC(=O)C4CC4)cc3)n2)n[n-]1,1.2648178230095364,FMBMEYVVZCVNPG
Cc1ccc(-c2ncc(Cl)cc2-c2ccc(S(C)(=O)=O)cc2)cn1,-0.10237290870955855,MNJVRJDLRVPLFE
Cc1ccc(Nc2nccc(N(C)c3ccc4c(C)n(C)nc4c3)n2)cc1S(N)(=O)=O,-1.2218487496163564,CUIHSIWYWATEQL
Cc1ccc(S(=O)(=O)[N-]C(=O)[NH2+][C@H]2[C@H]3CC[C@@](C)([C@H]2O)C3(C)C)cc1,-0.46852108295774486,RMTYNAPTNBJHQI
Cc1ccc([C@@H]2O[C@H](CO)[C@@H](O)[C@H](O)[C@H]2O)cc1Cc1ccc(-c2ccc(F)cc2)s1,0.437750562820388,XTNGUQKDFGDXSJ
Cc1cccc(N2CC(CO)OC2=O)c1,1.0413926851582251,MXUNKHLAEDCYJL
Cc1cn([C@H]2C=C[C@@H](CO)O2)c(=O)[n-]c1=O,0.9138138523837167,XNKLLVCARDGLGL
Cc1nc2c([n-]1)-c1ccccc1N(C(=O)c1ccc(NC(=O)c3ccccc3-c3ccccc3)cc1)CC2,0.47712125471966244,SXMSLNDWBIHGAX
Cc1nc2sccn2c(=O)c1CC[NH+]1CCC(=C(c2ccc(F)cc2)c2ccc(F)cc2)CC1,-0.2924298239020636,JUQLTPCYUFPYKE
Clc1cccc(N2CC[NH2+]CC2)c1,0.785329835010767,VHFVKMTVMIZMIK
Cn1c(CCCC(=O)[O-])nc2cc(N(CCCl)CCCl)ccc21,0.6522463410033232,YTKUWDBFDASYHO
Cn1cc(C(=O)C2CCc3[n-]cnc3C2)c2ccccc21,0.846955325019824,GBSUVAOSPDUUEW
Cn1cc[n-]c1=S,0.568201724066995,PMRYVIKBURPHAH
Cn1cncc1[C@@]([NH3+])(c1ccc(Cl)cc1)c1ccc2c(c1)c(-c1cccc(Cl)c1)cc(=O)n2C,0.7015679850559274,PLHJCIYEEKOWNM
N#CC(CC[NH+]1CCC(C(N)=O)([NH+]2CCCCC2)CC1)(c1ccccc1)c1ccccc1,0.8920946026904804,IHEHEFLXQFOQJO
N#C[C@@H](O[C@@H]1O[C@H](CO[C@@H]2O[C@H](CO)[C@@H](O)[C@H](O)[C@H]2O)[C@@H](O)[C@H](O)[C@H]1O)c1ccccc1,0.2741578492636798,XUCIJNAGGSZNQT
N#Cc1c(N2C[C@@H]3[NH2+]CCO[C@H]3C2)c(F)cc2c(=O)c(C(=O)[O-])cn(C3CC3)c12,0.7596678446896304,FYMHQCNFKNMJAV
NC(=[NH2+])Nc1ccc(C(=O)Oc2ccc3cc(C(N)=[NH2+])ccc3c2)cc1,1.9136019497291574,MQQNFDZXWVTQEH
NC(=[NH2+])c1ccc(CNC(=O)C2CC[NH+]2C(=O)C([NH2+]CC(=O)[O-])C2CCCCC2)cc1,0.2787536009528289,DKWNMCUOEDMMIN
Nc1[n-]c(=O)ncc1F,0.3010299956639812,XRECTZIEBJDKEO
Nc1cc(N2CCCCC2)nc(N)[n+]1[O-],1.0606978403536116,ZFMITUMMTDLWHR
Nc1cc(OCC2CC2)c(C(=O)NC2C[NH+]3CCC2CC3)cc1Cl,0.7160033436347992,DBQMQBCSKXTCIJ
Nc1ccc(S(=O)(=O)Nc2ncccn2)cc1,-0.2596373105057561,SEEPANYCNGTZFQ
Nc1ccn([C@@H]2CO[C@H](CO)O2)c(=O)n1,0.38021124171160603,RXRGZNYSEHTMHC
Nc1nc(=O)c2c([n-]1)NCC(CNc1ccc(C(=O)NC(CCC(=O)[O-])C(=O)[O-])cc1)[NH+]2C=O,0.7634279935629372,GAOLOWGPQVKVFT
Nc1nc(N)c2nc(-c3ccccc3)c(N)nc2n1,1.7993405494535817,FNYLWPVRPXGIIP
Nc1nc(OCc2cc(Br)cs2)c2[n-]cnc2n1,1.3334472744967505,MZFGNRVCNZVTOQ
Nc1nc2[nH]cc(CCc3ccc(C(=O)NC(CCC(=O)[O-])C(=O)[O-])cc3)c2c(=O)[n-]1,0.11394335230683679,MHOKZADPGPVIBF
O=C(NC1CC[NH+](CCCCC2(C(=O)NCC(F)(F)F)c3ccccc3-c3ccccc32)CC1)c1ccccc1-c1ccc(C(F)(F)F)cc1,0.9395192526186185,MBBCVAKAJPKAKM
O=C(NCCN1CC[NH+]=C1c1ccncc1)Nc1ccc(C(=O)[O-])cc1,0.22271647114758325,QBVPWMWOTZZZRZ
O=C(NCC[NH+]1CCOCC1)c1ccc(Cl)cc1,1.0,YHXISWVBGDMDLQ
O=C([O-])c1ccc(-n2nc(-c3ccccc3[O-])nc2-c2ccccc2[O-])cc1,-0.07572071393811836,BOFQWVMAQOTZIW
O=C(c1ccc(F)c(F)c1Nc1ccc(I)cc1F)[NH+]1CC(O)([C@@H]2CCCC[NH2+]2)C1,0.4471580313422192,BSMCAPRUBJMWDF
O=C1CCC(C(=O)[NH+]2CSCC2C(=O)[O-])N1,0.06445798922691845,UUTKICFRNVKFRG
O=C1CC[C@@]2(O)[C@H]3Cc4ccc([O-])c5c4[C@@]2(CC[NH+]3CC2CC2)C1O5,1.7558748556724915,DQCKKXVULJGBQN
O=C1c2cccc3c2[C@H](CCC3)C[NH+]1[C@@H]1C[NH+]2CCC1CC2,0.414973347970818,CPZBLNMUGSZIPR
O=C1c2ccccc2S(=O)(=O)[NH+]1CCCC[NH2+]C[C@H]1CCc2ccccc2O1,0.3424226808222063,YGYBFMRFXNDIPO
O=S(=O)(Nc1ccccc1)c1cccc(/C=C/C(O)=NO)c1,1.3729120029701065,NCNRHFGMJRPRSK
O=c1[n-]c(O)cn1/N=C/c1ccc(-c2ccc([N+](=O)[O-])cc2)o1,-0.36653154442041347,FWVQFJZTSXRYNO
O=c1[n-]cnc2c1ncn2[C@H]1CC[C@@H](CO)O1,1.0413926851582251,BXZVVICBKDXVGW
O=c1ccc2ccc(OCCCC[NH+]3CCN(c4cccc5sccc45)CC3)cc2[n-]1,-0.46852108295774486,ZKIAIYBUSXZPLP
O=c1ccc2ncc(=O)n3c2n1C[C@H]3C[NH+]1CCC([NH2+]Cc2cc3c(cn2)OCCC3)CC1,0.9652017010259121,PZFAZQUREQIODZ
OCCO[C@H]1C[C@@H](n2nnc3c([NH2+][C@@H]4C[C@H]4c4ccc(F)c(F)c4)nc([S-])nc32)[C@H](O)[C@@H]1O,0.5289167002776547,KHPMHVDVKAOINW
[NH3+]CCNc1ccc(NCC[NH3+])c2c1C(=O)c1ccncc1C2=O,1.2479732663618066,PEZPMAYDXJQYRV
[O-]c1cc2c(cc1[O-])[C@H](Cc1cccc3ccccc13)[NH2+]CC2,2.1931245983544616,YGCQFKVNIBDJFW
[O-]c1ccc([C@@H](O)C[NH2+]CCCCCCOCCOCc2c(Cl)cccc2Cl)cc1CO,1.4099331233312946,DAFYYTQWSAWIGS
[O-]c1ccc2c3c1O[C@H]1[C@@H](O)CC[C@@]4(O)[C@@H](C2)[NH+](CC2CCC2)CC[C@]314,1.3424226808222062,NETZHAKZCGBWSS
c1cc2c(c(N3CC[NH2+]CC3)c1)OCCO2,0.9030899869919435,WVLHGCRWEHCIOT
c1ccc(CN(CC2=[NH+]CCN2)c2ccccc2)cc1,1.2938043599193367,REYFJDPCWQRWAA
C#C[C@]1(O)C=C[C@H]2[C@@H]3CC=C4CC(=O)CCC4[C@H]3CC[C@@]21CC,-0.09691001300805639,PCGOZSMTJRCWQF
C#C[C@]1(O)CC[C@H]2[C@@H]3CCC4=Cc5oncc5C[C@]4(C)[C@H]3CC[C@@]21C,1.1961761850399732,POZRVZJJTULAOH
C#Cc1cccc(Nc2ncnc3cc(OC)c(OCCCCCCC(O)=NO)cc23)c1,1.0788191830988487,PLIVFNIUGLLCEK
C/C(=C\c1csc(C)n1)[C@@H]1C[C@@H]2O[C@]2(C)CCC[C@H](C)[C@H](O)C(C)C(=O)C(C)(C)[C@@H](O)CC(=O)O1,0.3364597338485295,QXRSDHAAWVKZLJ
C/C=C(/C)C(=O)O[C@H]1[C@H](OC(C)=O)[C@]2(CO)[C@H](O)C[C@]3(C)C(=CC[C@@H]4[C@@]5(C)CC[C@H](O[C@@H]6OC(C(=O)[O-])[C@@H](O[C@@H]7O[C@H](CO)[C@@H](O)[C@H](O)[C@H]7O)[C@H](O)[C@H]6O[C@@H]6O[C@H](CO)[C@@H](O)[C@H](O)[C@H]6O)[C@](C)(CO)[C@@H]5CC[C@]43C)[C@@H]2CC1(C)C,0.4065401804339551,AXNVHPCVMSNXNP
C1COC(NC(C2CC2)C2CC2)=[NH+]1,0.8512583487190752,CQXADFVORZEARL
C=C(Br)C(=O)Nc1cc(C(=O)Nc2cc(C(=O)Nc3cc(C(=O)Nc4cc(C(=O)NCC[NH+]=C(N)N)n(C)c4)n(C)c3)n(C)c2)n(C)c1,0.7118072290411911,RXOVOXFAAGIKDQ
C=C1CC[C@@H]2[C@](C)(COC(=O)CCC(=O)[O-])[C@H](OC(=O)CCC(=O)[O-])CC[C@@]2(C)[C@@H]1/C=C/C1=CCOC1=O,0.3010299956639812,YTHKMAIVPFVDNU
C=C1C[C@@H]2CC[C@@]34C[C@H]5O[C@H]6[C@@H](O3)[C@H]3O[C@H](CC[C@@H]3O[C@H]6[C@H]5O4)CC(=O)O[C@@H]3[C@@H](OC)[C@@H](C[C@H](O)C[NH3+])O[C@H]3C[C@H]3O[C@@H](CC[C@@H]1O2)C[C@@H](C)C3=C,-0.12493873660829995,VEPHOPLDBFLPDL
C=C[C@@H]1C[C@]1(NC(=O)C1C[C@@H](Oc2ncc(OC)c3ccc(Cl)cc23)C[NH+]1C(=O)C(NC(=O)OC(C)(C)C)C(C)(C)C)C(=O)[N-]S(=O)(=O)C1CC1,1.0711452904510828,CLAXZTYTLSTEOX
C=C[C@@H]1C[NH2+]CC[C@@H]1CCCc1ccnc2ccc(OC)cc12,1.414973347970818,XFXANHWIBFMEOY
C=c1cc(C)[nH]c1=Cc1c(O)[nH]c2ccccc12,1.146128035678238,JGIFSQPBZMIFQM
CC(=O)NC(CO)C(=O)NC(CC(=O)[O-])C(=O)NC(CCCC[NH3+])C(=O)[NH+]1CCCC1C(=O)[O-],1.271841606536499,HJDRXEQUFWLOGJ
CC(=O)N[C@H]1[C@H]([C@H](O)[C@H](O)CO)OC(C(=O)[O-])=C[C@@H]1NC(N)=[NH2+],0.2041199826559248,ARAIBEBZBOPLMB
CC(=O)Nc1nnc(S(N)(=O)=O)s1,-0.18708664335714442,BZKPWHYZMXOIDC
CC(=O)OCC1=C(C(=O)[O-])[NH+]2C(=O)C(NC(=O)CC#N)[C@H]2SC1,0.5670263661590603,RRYMAQUWDLIUPV
CC(=O)OCC1=C(C(=O)[O-])[NH+]2C(=O)C(NC(=O)CSc3ccncc3)[C@H]2SC1,0.43136376415898736,UQLLWWBDSUHNEB
CC(=O)O[C@H]1C[C@@H]2CC[C@@H]3[C@H](CC[C@@]4(C)[C@H]3C[C@H]([NH+]3CC[N+](C)(C)CC3)[C@@H]4OC(C)=O)[C@@]2(C)C[C@@H]1[NH+]1CC[N+](C)(C)CC1,0.47712125471966244,OWWLUIWOFHMHOQ
CC(=O)O[C@H]1C[C@@]2(C)[C@@H](C[C@@H](O)[C@H]3[C@]4(C)CC[C@@H](O)[C@@H](C)[C@@H]4CC[C@]32C)/C1=C(/CCC=C(C)C)C(=O)[O-],-0.4559319556497244,IECPWNUMDGFDKC
CC(C(=O)[O-])c1ccc(N2Cc3ccccc3C2=O)cc1,-0.18708664335714442,RJMIEHBSYVWVIN
CC(C(=O)[O-])c1ccc2c(c1)[nH]c1ccc(Cl)cc12,-0.2924298239020636,PUXBGTOOZJQSKH
CC(C)(C(=O)[O-])c1ccc(C(=O)CCC[NH+]2CCC(OC(c3ccccc3)c3ccccc3)CC2)cc1,-0.3979400086720376,XGHOVGYJHWQGCC
CC(C)(C)C(NC(=O)C(CC1CCCC1)CN(O)C=O)C(=O)[NH+]1CC[NH+](Cc2ccc3c(c2)OCO3)CC1,0.4913616938342727,IBEANEPZNLVRRY
CC(C)(C)NC(=O)C1CC[C@H]2[C@@H]3CC[C@H]4NC(=O)C=C[C@]4(C)[C@H]3CC[C@]12C,0.38021124171160603,DBEPLOCGEIEOCV
CC(C)(C)c1nc(-c2cccc(NS(=O)(=O)c3c(F)cccc3F)c2F)c(-c2ccnc(N)n2)s1,0.456366033129043,BFSMGDJOXZAERB
CC(C)(O)[C@@H]1CC[C@](C)([C@H]2[C@@H](O)C[C@@]3(C)[C@@H]4C[C@H](O[C@@H]5O[C@H](CO)[C@@H](O)[C@H](O)[C@H]5O)[C@H]5C(C)(C)[C@@H](O[C@@H]6OC[C@@H](O)[C@H](O)[C@H]6O)CC[C@@]56C[C@@]46CC[C@]23C)O1,-0.13076828026902382,QMNWISYXSJWHRY
CC(C)(ON=C(C(=O)NC1C(=O)[NH+]2C(C(=O)[O-])=C(C[n+]3ccccc3)CS[C@H]12)c1csc(N)n1)C(=O)[O-],0.38021124171160603,ORFOPKXBNMVMKC
CC(C)=c1nc(N(C)S(C)(=O)=O)nc(-c2ccc(F)cc2)c1=CC[C@@H](O)C[C@@H](O)CC(=O)[O-],1.0413926851582251,DRLXVNRHGMULCY
CC(C)C(NC(=O)C(C(C)C)[NH+](C)C)C(=O)[NH+](C)C(C(=O)[NH+]1CCCC1C(=O)[NH+]1CCCC1C(=O)NC(C)(C)C)C(C)C,0.9822712330395684,QMCOCIWNMHBIIA
CC(C)C1NC(=O)C(CCCC[NH3+])NC(=O)C(Cc2c[nH]c3ccccc23)NC(=O)C(Cc2ccc([O-])cc2)NC(=O)C(NC(=O)C([NH3+])Cc2ccc3ccccc3c2)CSSCC(C(=O)NC(C(N)=O)[C@@H](C)O)NC1=O,0.7558748556724915,PUDHBTGHUJUUFI
CC(C)C[C@H](NC(=O)C(Cc1ccccc1)NC(=O)c1cnccn1)B(O)O,1.2787536009528289,GXJABQQUPOEUTA
CC(C)Oc1ccccc1N1CC[NH+](Cc2cccc(C(=O)[NH+]3CCCCC3)c2)CC1,0.7902851640332417,ZKZFPRUSWCYSGT
CC(C)[NH2+]C[C@@H](O)COc1cccc2c1N(C(=O)c1cccnc1)CCC2,0.5563025007672873,AUIHHZBJBKRDIE
CC(C=Cc1c(C)c(O)c2ccccc2c1O)=CCC[C@H](C)CCC[C@H](C)CCCC(C)C,0.2041199826559248,LLVIVPAPYJXADK
CC(CN1c2ccccc2Sc2ccccc21)[NH+](C)C,1.146128035678238,PWWVAXIEGOYWEE
CC([NH2+]C(CCc1ccccc1)C(=O)[O-])C(=O)[NH+]1Cc2ccccc2CC1C(=O)[O-],-0.03151705144606486,FLSLEGPOVLMJMN
CC1(C)O[C@@H]2C[C@H]3[C@@H]4C[C@H](F)C5=CC(=O)C=C[C@@]5(C)[C@H]4[C@@H](O)C[C@]3(C)[C@]2(C(=O)CO)O1,0.9777236052888477,XSFJVAJPIHIPKU
CC1(C)SC2C(NC(=O)C(NC(=O)c3cnc4cccnc4c3[O-])c3ccccc3)C(=O)[NH+]2C1C(=O)[O-],0.2787536009528289,XMQVYNAURODYCQ
CC1(C)S[C@@H]2C(/[NH+]=C/N3CCCCCC3)C(=O)[NH+]2C1C(=O)[O-],0.7993405494535817,BWWVAEOLVKTZFQ
CC1(C)S[C@@H]2C(NC(=O)C(NC(=O)[NH+]3CCNC3=O)c3ccccc3)C(=O)[NH+]2C1C(=O)[O-],0.3979400086720376,JTWOMNBEOCYFNV
CC1(C)S[C@@H]2C(NC(=O)C(NC(=O)[NH+]3CC[NH+](S(C)(=O)=O)C3=O)c3ccccc3)C(=O)[NH+]2C1C(=O)[O-],0.3222192947339193,YPBATNHYBCGSSN
CC1(C)[C@@H](O[C@H]2OC(C(=O)[O-])[C@@H](O)[C@H](O)[C@H]2O[C@@H]2OC(C(=O)[O-])[C@@H](O)[C@H](O)[C@H]2O)CC[C@]2(C)C3C(=O)C=C4C5C[C@@](C)(C(=O)[O-])CC[C@]5(C)CC[C@]4(C)[C@@]3(C)CC[C@@H]12,-0.8860566476931632,LPLVUJXQOOQHMX
CC1=C(CO)C2=C(C)C3(CC3)[C@@](C)(O)C(=O)C2=C1,2.146128035678238,NICJCIQSJJKZAH
CC1=[NH+]S(=O)(=O)c2cc(Cl)ccc2N1,-1.2218487496163564,GDLBFKVLRPITMI
CC1CC[NH+](CCCC(=O)c2ccc(F)cc2)CC1,1.662757831681574,DKMFBWQBDIGMHM
CC1CNc2c(cccc2S(=O)(=O)NC(CCCNC(N)=[NH2+])C(=O)[NH+]2CC[C@@H](C)CC2C(=O)[O-])C1,0.6989700043360189,KXNPVXPOPUZYGB
CCC(C)(C)[NH2+]CC(O)COc1ccccc1C(=O)CCc1ccccc1,1.0413926851582251,VDKMYSMWQCFYBQ
CCC(C)C(=O)O[C@H]1C[C@@H](C)C=C2C=C[C@H](C)[C@H](CC[C@@H](O)C[C@@H](O)CC(=O)[O-])[C@H]21,0.8573324964312685,QLJODMDSTUBWDW
CCC(C)CC(C)CCCCCCCCC(=O)NC1CC(O)C([NH2+]CC[NH3+])NC(=O)C2C(O)CC[NH+]2C(=O)C(C(O)CC[NH3+])NC(=O)C(C(O)C(O)c2ccc([O-])cc2)NC(=O)C2CC(O)C[NH+]2C(=O)C(C(C)O)NC1=O,-0.8538719643217619,JYIKNQVWKBUSNH
CCC(C)n1ncn(-c2ccc(N3CCN(c4ccc(OCC5COC(Cn6cncn6)(c6ccc(Cl)cc6Cl)O5)cc4)CC3)cc2)c1=O,0.7075701760979364,VHVPQPYKVGDNFY
CCC1(c2cccc([O-])c2)CCCC[NH+](C)C1,1.4471580313422192,JLICHNCFTLFZJN
CCC1=C[C@@H]2C[NH+](C1)Cc1c([nH]c3ccccc13)[C@@](C(=O)OC)(c1cc3c(cc1OC)[NH+](C)[C@H]1[C@@](O)(C(=O)OC)[C@H](OC(C)=O)[C@]4(CC)C=CC[NH+]5CC[C@]31[C@@H]54)C2,1.3010299956639813,GBABOYUKABKIAF
CCC1=NC(=O)C2CSSCC/C=C/[C@H](CC(=O)NC(C(C)C)C(=O)N2)OC(=O)C(C(C)C)NC1=O,0.8692317197309762,SOOPLNPQGWJZHY
CCC1C(=O)N(C)c2cnc(Nc3ccc(C(=O)N[C@H]4CC[C@H]([NH+]5CC[NH+](CC6CC6)CC5)CC4)cc3OC)nc2[NH+]1C(C)C,1.0644579892269184,SXNJFOWDRLKDSF
CCCC(=O)OCOC(=O)C1=C(C)[NH2+]C(C)=C(C(=O)OC)C1c1cccc(Cl)c1Cl,2.1522883443830563,KPBZROQVTHLCDU
CCCC(C)C1(CC)C(=O)[N-]C(=S)[N-]C1=O,0.9138138523837167,IUJDSEJGGMCXSG
CCCC([NH2+]C(C)C(=O)[NH+]1C(C(=O)[O-])C[C@@H]2CCCC[C@@H]21)C(=O)[O-],0.2304489213782739,ODAIHABQVKJNIY
CCCCC(=O)[NH+](Cc1ccc(-c2ccccc2-c2nnn[n-]2)cc1)C(C(=O)[O-])C(C)C,-0.3098039199714863,PFBBFBWIKFELAX
CCCCCCC(C)(C)c1cc([O-])c2c(c1)OC(C)(C)[C@H]1CC=C(CO)C[C@H]21,1.330007700872759,SSQJFGMEZBFMNV
CCCCCCCC(=O)N[C@H](C[NH+]1CCCC1)[C@H](O)c1ccc2c(c1)OCCO2,1.321184027302314,FJZZPCZKBUKGGU
CCCCCNC(=O)c1coc([C@H]2[C@@H](Cc3ccccc3CCC(=O)[O-])[C@@H]3CC[C@H]2O3)n1,0.8061799739838872,BBPRUNPUJIUXSE
CCCCC[C@@H](O)CC[C@H]1[C@@H]2Cc3cccc(OCC(=O)[O-])c3C[C@@H]2C[C@@H]1O,1.0293837776852097,PAJMKGZZBBTTOY
CCCCS(=O)(=O)NC(Cc1ccc(OCCCCC2CC[NH2+]CC2)cc1)C(=O)[O-],0.47712125471966244,COKMIXFXJJXBQG
CCCC[NH+]1CCCC1C(=O)Nc1c(C)cc(C)cc1C,1.2830749747354715,VEPZOLKTNZOTTQ
CCCCc1oc2ccc(NS(C)(=O)=O)cc2c1C(=O)c1ccc(OCCC[NH+](CCCC)CCCC)cc1,1.52283531366053,ZQTNQVWKHCQYLQ
CCCOC(C(=O)OC1CC[NH+](C)CC1)(c1ccccc1)c1ccccc1,0.46834733041215726,QPCVHQBVMYCJOM
CCCc1c(OCCCS(=O)(=O)c2ccc(C(=O)CCC(=O)[O-])cc2)ccc(C(C)=O)c1[O-],1.2415464805965484,ZAKKEARLDPTRLX
CCCn1c(=O)[n-]c(=O)c2nc[n-]c21,0.6020599913279624,YDPQCZQZTQLWCZ
CCNC(=O)CCC/C=C\C[C@@H]1[C@@H](/C=C\[C@@H](O)CCc2ccccc2)[C@H](O)C[C@@H]1O,1.3979400086720377,AQOKCDNYWBIDND
CCOC(=O)C1(c2ccccc2)CC[NH+](CCC(O)c2ccccc2)CC1,1.3424226808222062,IPOPQVVNCFQFRK
CCOC(=O)C1=C[C@]2(CC)CCC[NH+]3CCc4c(n1c1ccccc41)[C@@H]32,0.785329835010767,DDNCQMVWWZOMLN
CCOC(=O)Nc1ccc(NCc2ccc(F)cc2)nc1N,0.2041199826559248,JUUFBMODXQKSTD
CCOc1cc([C@@H](CS(C)(=O)=O)[NH+]2C(=O)c3cccc(CC(C)=O)c3C2=O)ccc1OC,0.37657695705651195,MUKPBEDSDFRMNQ
CCOc1ccc2c(c1)[C@]1(CC[C@H](OCC[NH+]3CCOCC3)CC1)C(=O)N2S(=O)(=O)c1ccc(C(=O)NC(C)(C)C)cc1OC,1.089905111439398,QKXJWFOKVQWEDZ
CC[C@@H](C)[NH+](C)C(=O)c1cc2ccccc2c(-c2ccccc2Cl)n1,0.7708520116421442,RAVIZVQZGXBOQO
CC[C@@H](CO)NC(=O)C1C=C2c3cccc4[nH]cc(c34)C[C@H]2[NH+](C)C1,0.8561244442423003,UNBRKDKAWYKMIV
CC[C@H]1C2C[C@H]3[C@@H]4[NH+](C)c5ccccc5C45C[C@@H](C2[C@H]5O)[NH+]3[C@@H]1O,0.9912260756924949,CJDRUOGAGYHKKD
CC[N+]1(CC)CCC(=C(c2ccccc2)c2ccccc2)[C@@H]1C,1.0969100130080565,ZYEPZINLLPPBMI
CC[NH+](CC)CCCC(C)[NH2+]c1c2ccc(Cl)cc2nc2ccc(OC)cc12,0.7075701760979364,GPKJTRJOBQGKQK
CC[NH+](CC)CCS(=O)(=O)[C@@H]1CC[NH+]2C(=O)c3coc(n3)CC(=O)C[C@H](O)/C=C(C)/C=C\CNC(=O)/C=C/[C@@H](C)[C@H](C(C)C)OC(=O)C12,1.2041199826559248,SUYRLXYYZQTJHF
CC[NH+](CC)CC[NH+](Cc1ccc(-c2ccc(C(F)(F)F)cc2)cc1)C(=O)Cn1c(SCc2ccc(F)cc2)nc(=O)c2c1CCC2,0.6138418218760693,WDPFJWLDPVQCAJ
CC[NH+](CCO)CCCC(C)[NH2+]c1ccnc2cc(Cl)ccc12,1.0413926851582251,XXSMGPRMXLTPCZ
CC[NH+]1CC(CC[NH+]2CCOCC2)C(c2ccccc2)(c2ccccc2)C1=O,0.724275869600789,XFDJYSQDBULQSI
CCc1c2c(nc3ccc(OC(=O)CCC(=O)Oc4c(C)c(C)c5c(c4C)CC[C@@](C)(CCC[C@H](C)CCC[C@H](C)CCCC(C)C)O5)cc13)-c1cc3c(c(=O)n1C2)COC(=O)[C@]3(O)CC,-0.09151498112135022,KRHZRBUSQSYTTP
CCc1cc2c(cc1CC)CC([NH2+]C[C@H](O)c1ccc([O-])c3[n-]c(=O)ccc13)C2,0.651278013998144,ZGNMJASADIRLJU
CCc1nn(CCC[NH+]2CCN(c3cccc(Cl)c3)CC2)c(=O)n1CCOc1ccccc1,0.8750612633917001,VRBKIVRKKCLPHA
CCn1cc(C(=O)[O-])c(=O)c2cnc(N3CC[NH2+]CC3)nc21,0.45331834004703764,JOHZPMXAZQZXHR
CN(C(=O)c1c([O-])c2ccccc2n(C)c1=O)c1ccccc1,-1.0861861476162833,SGOOQMRIPALTEL
CN/C(NC#N)=[NH+]\CCSCc1nc[n-]c1C,0.9084850188786497,GKPMQZGLRFUHAN
CN1C(=O)[N-]C(=O)C(C)(C2=CCCCC2)C1=O,0.5314789170422551,UYXAWHWODHRRMR
CNC(=O)c1cccc2c(Nc3ccc(NS(C)(=O)=O)cc3OC)c3cccc(C)c3nc12,0.414973347970818,TWHSQQYCDVSBRK
CNC(=O)c1ccccc1Sc1ccc2c(/C=C/c3ccccn3)n[n-]c2c1,0.6989700043360189,ITTZVFNGFLEASL
CO/N=C1\CN(c2nc3c(cc2F)c(=O)c(C(=O)[O-])cn3C2CC2)CC1C[NH3+],0.8573324964312685,ZRCVYEYHRGVLOC
COC(=O)C[C@@](O)(CCCC(C)(C)O)C(=O)O[C@@H]1C(OC)=C[C@]23CCC[NH+]2CCc2cc4c(cc2[C@H]13)OCO4,0.4712917110589386,HYFHYPWGAURHIV
COC(=O)NC(C(=O)[NH+]1CCC[C@H]1c1ncc(-c2ccc(-c3ccc(-c4cnc([C@@H]5CCC[NH+]5C(=O)C(NC(=O)OC)C(C)C)[n-]4)cc3)cc2)[n-]1)C(C)C,0.0,LMKVDOMWAJHANR
COC(=O)Nc1nc2cc(C(=O)c3ccccc3)ccc2[n-]1,1.1760912590556813,CVHJIACXRVJKCH
COC(=O)c1cnc2n1CCc1ccccc1C2=C1CC[NH+](CCc2ccc(OCc3ccc4ccccc4n3)cc2)CC1,1.1504494094608806,TULGGJGJQXESOO
COC1=C2C(C)[C@@H](OC(=O)C(O)C(NC(=O)OC(C)(C)C)c3ccccc3)C[C@@](O)([C@@H](OC(=O)c3ccccc3)[C@@H]3[C@]4(OC(C)=O)CO[C@@H]4C[C@H](OC)[C@@]3(C)C1=O)C2(C)C,1.0413926851582251,SUOGUKJEXYJHTD
COC1C(=O)C(C)C[C@H](C)/C=C/C=C/C=C(\C)[C@@H](OC)C[C@@H]2CC[C@@H](C)[C@@](O)(O2)C(=O)C(=O)[NH+]2CCCCC2C(=O)O[C@H]([C@H](C)C[C@@H]2CC[C@H](n3cnnn3)[C@H](OC)C2)CC(=O)C(C)=CC(C)[C@H]1O,-0.17392519729917355,UOZZDEYFDFKHQS
COCCC[NH+]1CCC(NC(=O)c2cc(Cl)c(N)c3c2OCC3)CC1,0.6580113966571124,ZPMNHBXQOOVQJL
CON=C(C(=O)NC1C(=O)[NH+]2C(C(=O)[O-])=C(COC(N)=O)CS[C@H]12)c1ccco1,0.3424226808222063,JFPVXVDWJQMJEE
CON=C(C(=O)NC1C(=O)[NH+]2C(C(=O)[O-])=C(CSc3cnns3)CS[C@H]12)c1csc(N)n1,0.6127838567197355,CXHKZHZLDMQGFF
CON=C(C(=O)NC1C(=O)[NH+]2C(C(=O)[O-])=C(CSc3nc(C)c(CC(=O)[O-])s3)CS[C@H]12)c1csc(N)n1,-0.21467016498923297,XDZKBRJLTGRPSS
CON=C(C(=O)NC1C(=O)[NH+]2C(C(=O)[O-])=C(C[N+]3(C)CCCC3)CS[C@H]12)c1csc(N)n1,0.3424226808222063,HVFLCNVBZFFHBT
CON=C(C(=O)NC1C(=O)[NH+]2C(C(=O)[O-])=C(C[N+]34CCC(C(N)=O)(CC3)CC4)CSC12)c1nsc(N)n1,0.2304489213782739,JUVHVMCKLDZLGN
CON=C(C(=O)NC1C(=O)[NH+]2C(C(=O)[O-])=C(C[n+]3ccc(N)n3CCO)CS[C@H]12)c1csc(N)n1,0.24797326636180664,BHXLLRXDAYEMPP
CO[C@@H]1C[C@@](C)(O)Cc2cc3c(c([O-])c21)C(=O)c1c([O-])cc2c(c1C3=O)O[C@@H]1O[C@]2(C)[C@@H](O)[C@@H]([NH+](C)C)[C@@H]1O,1.0648322197385738,LWYJUZBXGAFFLP
CO[C@@]1(NC(=O)C(C(=O)[O-])c2ccc([O-])cc2)C(=O)[NH+]2C(C(=O)[O-])=C(CSc3nnnn3C)CO[C@@H]21,-0.14266750356873156,JWCSIUVGFCSJCK
COc1c(C)cc2c(c1[O-])[C@@H]1[C@@H]3Cc4c(OC(C)=O)c(C)c5c(c4[C@H](CNC(=O)/C=C/c4cccc(C(F)(F)F)c4)[NH+]3[C@@H](O)[C@H](C2)[NH+]1C)OCO5,1.0791812460476249,VPAHZSUNBOYNQY
COc1cc(CC(=O)NCC(=O)[NH+](CCC(=O)[O-])Cc2ccc(OC)c(OC)c2)ccc1NC(=O)Nc1ccccc1C,1.0413926851582251,WZFRNNCNGXELDE
COc1cc(N)cn[n+]1-c1ccccc1,0.7075701760979364,VXROHTDSRBRJLN
COc1cc(NCc2ccc3nc(N)nc(N)c3c2C)cc(OC)c1OC,-0.11350927482751812,NOYPYLRCIDNJJB
COc1cc(NS(C)(=O)=O)ccc1Nc1c2ccccc2nc2ccccc12,0.6334684555795865,XCPGHVQEEXUHNC
COc1cc([C@@H]2c3cc4c(cc3[C@@H](O[C@@H]3O[C@@H]5CO[C@@H](c6cccs6)O[C@H]5[C@H](O)[C@H]3O)[C@H]3COC(=O)C23)OCO4)cc(OC)c1[O-],-0.721246399047171,NRUKOCRGYNPUPR
COc1cc([S+](C)O)ccc1-c1nc2cnccc2[n-]1,1.3159703454569178,DFXNTMSPOLVEQB
COc1cc2c(cc1OC)C(Cc1cc(OC)c(OC)c(OC)c1)[N+](C)(CCCOC(=O)CC/C=C/CCC(=O)OCCC[N+]1(C)CCc3cc(OC)c(OC)cc3C1Cc1cc(OC)c(OC)c(OC)c1)CC2,0.7160033436347992,ILVYCEVXHALBSC
COc1cc2c(cc1OC)CN(c1cc(N)c3cc(OC)c(OC)cc3n1)CC2,1.146128035678238,ANZIISNSHPKVRV
COc1cc2c(cc1[O-])CC[NH2+][C@]21CS[C@@H]2c3c(OC(C)=O)c(C)c4c(c3[C@H](COC1=O)[NH+]1[C@@H]2[C@H]2c3c(cc(C)c(OC)c3[O-])C[C@@H]([C@@H]1O)[NH+]2C)OCO4,1.0791812460476249,PKVRCIRHQMSYJX
COc1ccc(CC(NC(=O)CC(C)(C)[NH3+])C(=O)NC(Cc2c[n-]cn2)C(=O)N[C@@H](CC2CCCCC2)[C@@H](O)[C@@H](O)CC(C)C)cc1,-0.3467874862246563,BVNKZSWMRUPITL
COc1ccc(CC2c3cc(OC)c(OC)cc3CC[N+]2(C)CCC(=O)OCCCCCOC(=O)CC[N+]2(C)CCc3cc(OC)c(OC)cc3C2Cc2ccc(OC)c(OC)c2)cc1OC,0.7558748556724915,YXSLJKQTIDHPOT
COc1ccc(CC[NH+](C)CCC[C@](C#N)(c2cc(OC)c(OC)c(OC)c2)C(C)C)cc1OC,1.1553360374650619,XQLWNAFCTODIRK
COc1ccc(CC[NH2+]CC(O)COc2cccc(C)c2)cc1OC,0.7403626894942439,HXLAFSUPPDYFEO
COc1ccc(Cc2nccc3cc(OC)c(OC)cc23)cc1OC,1.0413926851582251,XQYZDYMELSJDRZ
COc1ccc(Cl)cc1C(=O)NCCc1ccc(S(=O)(=O)[N-]C(=O)[NH2+]C2CCCCC2)cc1,-0.08618614761628333,LGAKZQBLEAFCQV
COc1ccc([C@@H]2CNC(=O)C2)cc1OC1CCCC1,0.7993405494535817,HJORMJIFDVBMOB
COc1ccc2c(c1)N(C[C@H](C)C[NH+](C)C)c1ccccc1S2,0.9956351945975499,VRQVVMDWGGWHTJ
COc1ccc2c(c1)[C@@H]1C[C@]1(C(=O)[NH+]1[C@@H]3CC[C@H]1C[NH+](C)C3)Cn1c-2c(C2CCCCC2)c2ccc(C(=O)[N-]S(=O)(=O)[NH+](C)C)cc21,0.12385164096708581,ZTTKEBYSXUCBSE
COc1ccc2c3c1O[C@H]1[C@@H](O)CC[C@H]4[C@@H](C2)[NH+](C)CC[C@@]341,0.6242820958356683,RBOXVHNMENFORY
COc1cccc(OC)c1C(=O)NC1C(=O)[NH+]2C(C(=O)[O-])C(C)(C)S[C@H]12,0.8195439355418687,RJQXTJLFIWVMTO
COc1cccc2c1C(=N)c1c([O-])c3c(c([O-])c1C2=O)C[C@@](O)(C(=O)CO)C[C@@H]3O[C@H]1C[C@H]([NH3+])[C@H](O)[C@H](C)O1,1.1760912590556813,UNNWAMSRSUVXCZ
COc1cccc2c1C(=O)c1c([O-])c3c(c([O-])c1C2=O)C[C@@](O)(C(=O)CO)C[C@@H]3O[C@H]1C[C@H]([NH3+])[C@H](OCc2ccccc2)[C@H](C)O1,1.2671717284030137,FIGNGSHKNAHTSH
COc1cccc2c1[C@H](CO)[NH+]1[C@H](C#N)[C@@H]3CC(C(=O)[O-])[C@H]([C@@H]1C2)[NH+]3C,0.48572142648158,YGWHMSNGVVTUIT
COc1ccccc1OC[C@H](O)C[NH+]1CC[NH+](CC(=O)Nc2c(C)cccc2C)CC1,0.9777236052888477,XKLMZUWKNUAPSZ
COc1ccnc(C[S+](O)c2nc3cc(-n4cccc4)ccc3[n-]2)c1C,-0.1366771398795441,WEIYCDVJQUHKPX
CSCCC([NH3+])C(=O)NC(CCC(=O)[O-])C(=O)NC(Cc1cnc[n-]1)C(=O)NC(Cc1ccccc1)C(=O)NC(CCC[NH+]=C(N)N)C(=O)NC(Cc1c[nH]c2ccccc12)C(=O)NCC(=O)[O-],2.9400181550076634,PXCOJYXHCADOCU
CSCO[C@H]1C[C@H]2OC[C@@]2(OC(C)=O)[C@H]2[C@H](OC(=O)c3ccccc3)[C@]3(O)C[C@H](OC(=O)C(O)C(NC(=O)c4ccccc4)c4ccccc4)C(C)=C(C(OC(C)=O)C(=O)[C@]12C)C3(C)C,0.8061799739838872,UBJAHGAUPNGZFF
C[C@@H](C[NH+]1CC(=O)NC(=O)C1)[NH+]1CC(=O)NC(=O)C1,0.4913616938342727,BMKDZUISNHGIBY
C[C@@H](O)C1C(=O)[NH+]2C(C(=O)[O-])=C(SC3Cn4cnc[n+]4C3)[C@H](C)[C@H]12,0.3979400086720376,MRMBZHPJVKCOMA
C[C@@H](O)C1C(=O)[NH+]2C(C(=O)[O-])=C(S[C@H]3CC(C(=O)[NH+]4CC[C@H](NC(=O)CNC(N)=[NH2+])C4)[NH+](C)C3)[C@H](C)[C@H]12,0.2787536009528289,KEDAXBWZURNCHS
C[C@@H](O)C1C(=O)[NH+]2C(C(=O)[O-])=C([C@H]3CCCO3)S[C@H]12,0.34830486304816066,HGGAKXAHAYOLDJ
C[C@@H](OC[C@@]1(c2ccccc2)CC[C@]2(CCC(=O)N2)C[NH2+]1)c1cc(C(F)(F)F)cc(C(F)(F)F)c1,-0.42021640338318983,FIVSJYGQAIEMOC
C[C@@H](O[C@H]1OCC[NH+](Cc2n[n-]c(=O)[n-]2)[C@H]1c1ccc(F)cc1)c1cc(C(F)(F)F)cc(C(F)(F)F)c1,0.0,ULFPRSVQLXNLFG
C[C@@H](O[C@H]1OCC[NH+](Cc2nc(=O)n(P(=O)([O-])[O-])[n-]2)[C@H]1c1ccc(F)cc1)c1cc(C(F)(F)F)cc(C(F)(F)F)c1,1.2695129442179163,OUNJBEMOLRDPGP
C[C@@H]([NH2+]CCCc1cccc(C(F)(F)F)c1)c1cccc2ccccc12,1.2624510897304295,VDHAWDNDOKGFTD
C[C@@H]([NH2+]CCc1ccc([O-])cc1)[C@@H](O)c1ccc([O-])cc1,1.4913616938342726,IOVGROKTTNBUGK
C[C@@H](c1cccnc1F)c1c(CC[NH+](C)C)sc2ccccc12,1.0170333392987803,KLFVGKSTNOVPOR
C[C@@H]1C[C@@H]2[C@@H]3CC=C4CC(=O)C=C[C@]4(C)C3=CC[C@]2(C)C1C(=O)C[NH+]1CCN(c2cc(N3CCCC3)nc(N3CCCC3)n2)CC1,0.8450980400142568,NSTCAXPRTTYSFG
C[C@H](/C=C/[C@H](C)C(C)(C)O)[C@H]1CC[C@H]2/C(=C/C=C3C[C@@H](O)C[C@H](O)C3)CCC[C@]12C,-0.05060999335508721,BPKAHTKRCLCHEA
C[C@H](Cn1cnc2c(N)ncnc21)OCP(=O)([O-])[O-],0.4913616938342727,SGOIRFVFHAKUTI
C[C@H]1COc2c(N3CC[NH+](C)CC3)c(F)c(N)c3c(=O)c(C(=O)[O-])cn1c23,0.3424226808222063,MHFCVNDHFSOKMK
C[C@H]1C[NH+](CC(Cc2ccccc2)C(=O)NCC(=O)[O-])CC[C@@]1(C)c1cccc([O-])c1,0.7664128471123994,UPNUIXSCZBYVBB
C[C@H]1[NH2+]Cc2cc(-c3ccc4c(=O)c(C(=O)[O-])cn(C5CC5)c4c3OC(F)F)ccc21,0.08990511143939793,NJDRXTDGYFKORP
C[C@]12C[C@]3(O)O[C@@H](O1)[C@@]1(COC(=O)c4ccccc4)[C@@H]3C[C@]12O[C@@H]1O[C@H](CO)[C@@H](O)[C@H](O)[C@H]1O,0.31175386105575426,YKRGDOXKVOZESV
C[NH+](C)C/C=C(\c1ccc(Br)cc1)c1cccnc1,1.1398790864012365,OYPPVKRFBIWMSX
C[NH+](C)C1CC[NH+](C(=O)c2ccc(NC(=O)Nc3ccc(-c4nc(N5CCOCC5)nc(N5CCOCC5)n4)cc3)cc2)CC1,0.3521825181113625,DWZAEMINVBZMHQ
C[NH+](C)CC/C=C1/c2ccccc2Sc2ccc(Cl)cc21,1.0606978403536116,WSPOMRSOLSGNFJ
C[NH+](C)CCC=C1c2ccccc2CCc2ccccc21,0.785329835010767,KRMDCWKBEZIMAB
C[NH+](C)CCCNC(=O)/C(=C/CCCCC(O)=NO)COc1cccc2ccccc12,0.2600713879850748,AUGCSOFQTDKPSO
C[NH+](C)CCNC(=O)c1cccc2cc3ccccc3nc12,1.2124539610402758,XBGNERSKEKDZDS
C[NH+](C)CCO[C@]1(c2ccccc2)C[C@H]2CC[C@]1(C)C2(C)C,0.6884198220027106,QOBGWWQAMAPULA
C[NH+](C)CCn1nnnc1SCC1=C(C(=O)[O-])[NH+]2C(=O)C(NC(=O)Cc3csc(N)n3)[C@H]2SC1,0.7634279935629372,QYQDKDWGWDOFFU
C[NH+](C)Cc1c(C(=O)NCCOc2ccc(C(O)=NO)cc2)oc2ccccc12,1.212986184736668,MAUCONCHVWBMHK
C[NH+](C)Cc1nnc2n1-c1ccc(Cl)cc1C(c1ccccc1)=NC2,0.7923916894982539,GJSLOMWRLALDCT
C[NH+](C)N=Nc1nc[n-]c1C(N)=O,0.414973347970818,NSMKJXYHSAZSJE
C[NH+]1CC(C(=O)N[C@]2(C)O[C@@]3(O)[C@@H]4CCC[NH+]4C(=O)C(Cc4ccccc4)[NH+]3C2=O)C=C2c3cccc4[nH]cc(c34)C[C@H]21,1.1760912590556813,XCGSFFUVFURLIX
C[NH+]1CC[C@H](c2c([O-])cc([O-])c3c(=O)cc(-c4ccccc4Cl)oc23)[C@H](O)C1,0.785329835010767,BIIVYFLTOXDAOV
C[NH+]1CC[C@]23c4c5ccc([O-])c4O[C@H]2[C@@H](O[C@@H]2OC(C(=O)[O-])[C@@H](O)[C@H](O)[C@H]2O)C=C[C@H]3[C@H]1C5,0.3424226808222063,GNJCUHZOSOYIEC
C[NH+]1[C@@H]2C[C@@H](OC(=O)C(CO)c3ccccc3)C[C@H]1[C@@H]1O[C@@H]12,1.2041199826559248,STECJAGHUSJQJN
C[NH2+][C@@H]1CCc2[nH]c3ccc(C(N)=O)cc3c2C1,0.3979400086720376,XPSQPHWEGNHMSK
C[NH2+][C@@H]1C[C@H]2OC(C)([C@@H]1OC)n1c3ccccc3c3c4c(c5c6ccccc6n2c5c31)C(=O)N[C@@H]4O,-2.431798275933005,PBCZSGKMGDDXIJ
C[NH2+][C@@H]1[C@H](O[C@H]2[C@H](O[C@H]3[C@H](O)[C@@H](O)[C@H](NC(N)=[NH2+])[C@@H](O)[C@@H]3NC(N)=[NH2+])O[C@@H](C)[C@]2(O)C=O)O[C@@H](CO)[C@H](O)[C@H]1O,-0.10790539730951958,UCSJYZPVAKXKNQ
C[n+]1cccc(OC(=O)[NH+](C)C)c1,0.9822712330395684,RVOLLAQWKVFTGE
C[n+]1ccccc1C=NO,0.9542425094393249,JBKPUQTUERUYQE
Cc1[nH]c2ccccc2c1CC[NH2+]Cc1ccc(/C=C/C(O)=NO)cc1,1.0086001717619175,FPOHNWQLNRZRFC
Cc1c(C)c2ccc(OCCC[NH+]3CC[NH+](Cc4ccc(Cl)cc4)CC3)cc2oc1=O,0.11394335230683679,USCSJAIWXWYTEH
Cc1c[nH]c2c([O-])cc3c(c12)[C@H](CCl)CN3C(=O)c1cc2cc(NC(=O)Nc3ccc4[nH]c(C(=O)N5C[C@@H](CCl)c6c5cc([O-])c5[nH]cc(C)c65)cc4c3)ccc2[nH]1,-0.3010299956639812,FONKWHRXTPJODV
Cc1cc(=O)c(C(=O)NC(C(=O)NC2C(=O)[NH+]3C(C(=O)[O-])=C(CSc4nnnn4C)CS[C@H]23)c2ccc([O-])cc2)c[n-]1,-0.3187587626244128,ZYNWUOXABLBNKD
Cc1cc(F)ccc1[C@H]1C[NH2+]CC[NH+]1C(=O)[NH+](C)[C@H](C)c1cc(C(F)(F)F)cc(C(F)(F)F)c1,0.7067177823367587,SBBYBXSFWOLDDG
Cc1cc(NC(=O)C2C(=O)c3ccccc3S(=O)(=O)[NH+]2C)no1,-1.154901959985743,SPTMROWPYQRZSX
Cc1ccc(-c2nc3ccc(C)cn3c2CC(=O)[NH+](C)C)cc1,0.6334684555795865,ZAFYATHCZYHLPB
Cc1ccc(-n2ccnc2)cc1C(O)c1c(C)cc(C(=O)[O-])cc1C,0.4638929889859073,QSAHHFJAWATNBG
Cc1ccc(N(CC2=[NH+]CCN2)c2cccc([O-])c2)cc1,1.6232492903979006,MRBDMNSDAVCSSF
Cc1ccc(S(=O)(=O)[N-]C(=O)[N-]N2C[C@H]3CCC[C@@H]3C2)cc1,-0.38721614328026455,NOKNYHMNLQMORY
Cc1ccccc1-c1cc(N2CC[NH+](C)CC2)ncc1N(C)C(=O)C(C)(C)c1cc(C(F)(F)F)cc(C(F)(F)F)c1,0.45178643552429026,WAXQNWCZJDTGBU
Cc1ccccc1OCC(O)C[NH2+]CCOc1ccc(C(N)=O)cc1,1.146128035678238,SKQDKFOTIPJUSV
Cc1ccccc1[NH+]1C(=O)c2cc(S(N)(=O)=O)c(Cl)cc2[NH2+]C1C,0.146128035678238,AQCHWTWZEMGIFD
Cc1cccnc1NS(=O)(=O)c1ccc(C#Cc2ccc([O-])c(C(=O)[O-])c2)cc1,-1.154901959985743,WJLQPSZXCOYTHS
Cc1cnc(C(=O)NC2CCCCC/C=C\[C@@H]3C[C@@]3(C(=O)[N-]S(=O)(=O)C3CC3)NC(=O)C3C[C@@H](Oc4nc5ccccc5c5ccccc45)C[NH+]3C2=O)cn1,0.7589118923979735,SSKCBRRJZJCFKC
Cc1cnc(NC(=O)C2C(=O)c3ccccc3S(=O)(=O)[NH+]2C)s1,-0.9208187539523752,ZAHQBPYQBHTECE
Cc1nc(=O)c2cc(CN(C)c3ccc(C(=O)NC(CCC(=O)[O-])C(=O)[O-])s3)ccc2[n-]1,-0.045757490560675115,UKGFXUWEQPEGNS
Cc1nc2n(c(=O)c1CC[NH+]1CCC(c3noc4cc(F)ccc34)CC1)CCCC2O,0.07188200730612536,PMXMIIMHBWHSKN
Cc1ncc([N+](=O)[O-])n1CC(O)C[NH+]1CCOCC1,0.2041199826559248,GAZGHCHCYRSPIV
Cc1onc(-c2ccccc2)c1-c1ccc(S(N)(=O)=O)cc1,0.146128035678238,LNPDTQAFDNKSHK
Clc1ccc2nsnc2c1NC1=[NH+]CCN1,1.0413926851582251,XFYDIVBRZNQMJC
Cn1c(=N)c(NC(=O)NCC[NH3+])cn1CC1=C(C(=O)[O-])[NH+]2C(=O)C(=NC(=O)C(NOC(C)(C)C(=O)[O-])c3nsc(N)n3)[C@H]2SC1,0.06445798922691845,MBOIRYNXCZKSGU
Cn1c(=O)c2c(ncn2CC2OCCO2)n(C)c1=O,0.8344207036815325,HWXIGFIVGWUZAO
Cn1c(NCC[NH+](CCO)CCCc2ccc([N+](=O)[O-])cc2)cc(=O)n(C)c1=O,1.3199384399803087,OEBPANQZQGQPHF
N#C[C@H]1CC2C[C@H]2[NH+]1C(=O)C([NH3+])C12CC3CC(CC(O)(C3)C1)C2,0.8512583487190752,QGJUIPDUBHWZPV
N#C[C@H]1CCC[NH+]1C(=O)C[NH2+]C12C[C@@H]3C[C@@H](CC(O)(C3)C1)C2,0.9956351945975499,SYOKIDBDQMKNDQ
N#Cc1ccc2c(c1)C[NH+](S(=O)(=O)c1cccs1)[C@H](Cc1ccccc1)CN2Cc1cnc[n-]1,0.9822712330395684,JLYXUDQZHGUIIY
NC(=O)C1CC[C@@H]2C[NH+]1C(=O)N2OS(=O)(=O)[O-],0.4409090820652177,NDCUAPJVLWFHHB
NC(=O)c1csc([C@@H]2O[C@H](CO)[C@@H](O)[C@H]2O)n1,0.38021124171160603,FVRDYQYEVDDKCR
NC(=O)c1ncn([C@@H]2O[C@H](CO)[C@@H](O)[C@H]2O)n1,0.7160033436347992,IWUCXVSUMQZMFG
NC(=[NH2+])N=c1[nH]c(CSCCC(=[NH2+])NS(N)(=O)=O)cs1,0.8195439355418687,XUFQPHANEAPEMJ
NC(=[NH2+])NCCCNC(=O)C1CCCC[NH+]1C(=O)C(CC1CCCCC1)[NH2+]CC(=O)[O-],0.785329835010767,CDPROXZBMHOBTQ
NS(=O)(=O)c1cc(C(=O)[O-])cc(N2CCCC2)c1Oc1ccccc1,0.4913616938342727,UJEWTUDSLQGTOA
Nc1ccn(C[C@@H](CO)OCP(=O)([O-])[O-])c(=O)n1,0.3979400086720376,VWFCHDSQECPREK
Nc1ccn([C@@H]2CO[C@H](CO)S2)c(=O)n1,0.5910646070264992,RYMCFYKJDVMSIR
Nc1nc(C(=NO)C(=O)NC2C(=O)[NH+]3C(C(=O)[O-])=C(C=C4CC[NH+]([C@@H]5CC[NH2+]C5)C4=O)CS[C@H]23)ns1,0.17609125905568124,VOAZJEPQLGBXGO
Nc1ncnc2c1ncn2CCOCP(=O)([O-])[O-],0.568201724066995,SUPKOOSCJHTBAH
O=C(/C=C/c1ccc([O-])cc1)C1=C([O-])[C@](O)([C@@H]2O[C@H](CO)[C@@H](O)[C@H](O)[C@H]2O)C([O-])=C([C@@H]2O[C@H](CO)[C@@H](O)[C@H](O)[C@H]2O)C1=O,0.0,LIPJRCGLQNIXGO
O=C(C=Cc1c(C(=O)[O-])[n-]c2cc(Cl)cc(Cl)c12)Nc1ccccc1,-1.0506099933550872,CHFREERJSGVGBH
O=C(Cc1cccs1)NC1C(=O)[NH+]2C(C(=O)[O-])=C(C[n+]3ccccc3)CS[C@H]12,0.5185139398778874,CZTQZXZIADLWOZ
O=C(NCC[NH2+]CC(O)COc1ccc([O-])cc1)[NH+]1CCOCC1,0.47712125471966244,DXPOSRCHIDYWHW
O=C(NC[C@H](O)CO)c1ccncc1Nc1ccc(I)cc1F,0.9400181550076633,VIUAUNHCRHHYNE
O=C(NC[C@H]1CN(c2ccc(N3CCOCC3=O)cc2)C(=O)O1)c1ccc(Cl)s1,0.38021124171160603,KGFYHTZWPPHNLQ
O=C(O[C@H]1C[C@H]2CC3C[C@@H](C1)[NH+]2CC3=O)c1c[nH]c2ccccc12,2.255272505103306,UKTAZPQNNNJVKR
O=C([O-])C1/C(=C/CO)O[C@@H]2CC(=O)[NH+]12,0.4913616938342727,HZZVJAQRINQKSD
O=C([O-])C1C[C@@H](C2CCCCC2)C[NH+]1C(=O)CP(=O)([O-])CCCCc1ccccc1,-0.494850021680094,WOIWWYDXDVSWAZ
O=C([O-])CCCSCC[NH+]1C(=O)CC[C@@H]1/C=C/[C@@H](O)Cc1ccc(F)cc1,1.1983821300082942,SFNFINFMKONOSM
O=C([O-])CSc1nnc(Br)n1-c1ccc(C2CC2)c2ccccc12,0.1553360374650618,FGQFOYHRJSUHMR
O=C([O-])c1cc(N=Nc2ccc([O-])c(C(=O)[O-])c2)ccc1[O-],0.07918124604762482,QQBDLJCYGRGAKP
O=C1CCC[C@@H]2[C@H]3CCC[N@+]4(O)CCC[C@@H](C[NH+]12)[C@@H]34,0.884228769632604,OURDWVLTRGSQCP
O=C1CN=C(c2ccccn2)c2cc(Br)ccc2N1,-0.2924298239020636,VMIYHDSEFNYJSL
O=C1NC(c2ccccc2)(c2ccccc2)C(=O)[NH+]1COP(=O)([O-])[O-],0.5440680443502757,XWLUWCNOOVRFPX
O=C1OC2(c3ccc([O-])cc3Oc3cc([O-])ccc32)c2ccccc21,0.11394335230683679,GNBHRKFJIUUOQI
O=C1O[C@H]([C@@H](O)CO)C([O-])C1=O,0.021189299069938092,IHNDCQWMVHAOKM
O=C1c2ccccc2OC[NH+]1CCO[N+](=O)[O-],1.471144965160633,POVFCWQCRHXYAB
O=P([O-])([O-])C([NH2+]C1CCCCCC1)P(=O)([O-])[O-],0.3344537511509309,LWRDQHOZTAOILO
O=P([O-])([O-])OC(Cn1cncn1)(Cn1cncn1)c1ccc(F)cc1F,0.11394335230683679,GHJWNRRCRIGGIO
O=c1[n-]c(=O)n([C@@H]2O[C@H](CO)[C@H](O)[C@H](O)[C@H]2O)cc1F,0.13987908640123647,YHWGRVDTEORPPJ
O=c1[n-]c(O)cn1/N=C/c1ccc([N+](=O)[O-])o1,0.9867717342662449,SRBLIRXITMQCOS
O=c1[n-]c2ccccc2n1CCC[NH+]1CCC(n2c(=O)[n-]c3cc(Cl)ccc32)CC1,0.9777236052888477,NMUVIEAOYWSTGM
O=c1[n-]cc(F)c(=O)[n-]1,1.414973347970818,GHASVSINZRGABV
O=c1[n-]cnc2c([C@@H]3[NH2+][C@H](CO)[C@@H](O)[C@H]3O)c[nH]c12,0.1931245983544616,PTXSXTACIONDJX
OC(CC[NH+]1CCCC1)(c1ccccc1)C1CCCCC1,-0.06550154875643228,WYDUSKDSKCASEF
OC(c1ccccc1)(c1ccccc1)C12CC[N+](CCOCc3ccccc3)(CC1)CC2,1.5556988947189014,FVTWTVQXNAJTQP
OCCN(CCO)c1nc(N2CCCCC2)c2nc(N(CCO)CCO)nc(N3CCCCC3)c2n1,0.3010299956639812,IZEKFCXSFNUWAM
OCC[NH+](CCc1c[nH]c2ccccc12)Cc1ccc(/C=C/C(O)=NO)cc1,0.8808135922807914,BWDQBBCUWLSASG
OCC[NH+]1CC[NH+](CC/C=C2/c3ccccc3Sc3ccc(C(F)(F)F)cc32)CC1,0.617000341120899,NJMYODHXAKYRHW
OC[C@@H]1O[C@@H](n2cnc3c2[NH+]=CNC[C@H]3O)C[C@H]1O,0.21218760440395779,FPVKHBSQESCIEP
OC[C@H]1O[C@@H]2O[C@H]3[C@H](O)[C@@H](O)[C@@H](O[C@H]4[C@H](O)[C@@H](O)[C@@H](O[C@H]5[C@H](O)[C@@H](O)[C@@H](O[C@H]6[C@H](O)[C@@H](O)[C@@H](O[C@H]7[C@H](O)[C@@H](O)[C@@H](O[C@H]8[C@H](O)[C@@H](O)[C@@H](O[C@H]1[C@H](O)[C@H]2O)O[C@@H]8CO)O[C@@H]7CO)O[C@@H]6CO)O[C@@H]5CO)O[C@@H]4CO)O[C@@H]3CO,0.25527250510330607,WHGYBXFWUBPSRW
O[C@@H](C[NH2+]C[C@H](O)[C@H]1CCc2cc(F)ccc2O1)[C@@H]1CCc2cc(F)ccc2O1,1.146128035678238,KOHIRBRYDXPAMZ
Oc1cc2cc(CC[NH+]3CCN(c4nsc5ccccc45)CC3)c(Cl)cc2[nH]1,0.7075701760979364,CARRCRVKWDEWCD
S=P([NH+]1CC1)([NH+]1CC1)[NH+]1CC1,0.8260748027008264,FOCVUCIESVLUNU
[H]/[NH+]=C(\N)c1cccc(CC(C(=O)OC)[C@@H](C)NC(=O)c2ccc(-c3cc[n+]([O-])cc3)cc2)c1,0.8680563618230416,PFGVNLZDWRZPJW
[NH3+]C(C(=O)NC1C(=O)[NH+]2C(C(=O)[O-])=C(CSc3c[n-]nn3)CS[C@H]12)c1ccc([O-])cc1,0.5185139398778874,OWMZGPOAFXENJG
[NH3+]C(Cc1ccccn1)c1ccccc1,0.25527250510330607,FWUQWDCOOWEXRY
[NH3+]C12CC3CC(CC(C3)C1)C2,0.6812412373755872,DKNWSYNQZKUICI
[NH3+]CCCCC(NC(=O)C(Cc1cc(Br)c([O-])c(Br)c1)NC(=O)[NH+]1CCC([NH+]2Cc3ccccc3NC2=O)CC1)C(=O)[NH+]1CCN(c2ccncc2)CC1,0.414973347970818,ITIXDWVDFFXNEG
[NH3+]CCCNc1ccc2c(C[NH2+]CCO)nn3c4c([O-])ccc([O-])c4c(=O)c1c23,1.255272505103306,IQCIQDNWBGEGRL
[NH3+][C@@H]1CN(c2c(F)cc3c(=O)c(C(=O)[O-])cn([C@@H]4C[C@@H]4F)c3c2Cl)CC12CC2,0.568201724066995,PNUZDKCDAWUEGK
[NH3+][C@@H]1[C@H]2CN(c3nc4c(cc3F)c(=O)c(C(=O)[O-])cn4-c3ccc(F)cc3F)C[C@@H]12,0.146128035678238,WVPSKSLAZQPAKQ
[O-]c1c(C2=CC[C@@H](c3ccc(Cl)cc3)CC2)c(O)c2ccccc2c1O,-0.8239087409443188,JAUORDHNHDCTAS
[O-]c1ccc([C@H]2C[NH2+]CCc3c2cc([O-])c([O-])c3Cl)cc1,1.6180480967120927,TVURRHSHRRELCG
c1ccc(C2([NH+]3CCCCC3)CCCCC2)cc1,0.7075701760979364,JTJMJGYZQZDUJJ
c1ccc2c(c1)OCC(C1=[NH+]CCN1)O2,1.0,HPMRFMKYPGXPEP
