smiles,relation,value,units,assay_id,doc_id,desc,activity_id,domain,species
Brc1ccc2[nH]nc(C3=CCCNC3)c2c1,=,0.4985954221832476,,CHEMBL5360455,CHEMBL5357083,Unbound fraction in human plasma at 5 uM incubated for 6 hrs at 37 degC by LC-MS analysis based equilibrium dialysis,25610442,unknown,human
C#CCN(C)[C@H](C)Cc1ccccc1,=,0.5388312109918915,,CHEMBL1043580,CHEMBL1156824,Fraction unbound in human plasma,2990688,unknown,human
C#CCN(C)[C@H](C[18F])Cc1ccccc1,=,0.6677329519614803,,CHEMBL1913962,CHEMBL1909627,Fraction unbound in human plasma at 20 MBq after 10 mins by ultrafiltration,7854486,unknown,human
C#CCOCC(C(=O)N1CC[C@@H]2C[C@@H]3CCC[C@H](NC(=O)[C@H](C)NC)C(=O)N3[C@@H]2C1)c1ccccc1,=,0.6272477565454024,,CHEMBL3241793,CHEMBL3232969,Percentage unbound in human plasma,14584579,unknown,human
C#CCO[C@H]1CN(c2ncc(C(=O)O)s2)CC[C@H]1NC(=O)c1[nH]c(C)c(Cl)c1Cl,=,-0.1982656506346964,,CHEMBL3366713,CHEMBL3352173,Percentage unbound in human plasma,14997789,unknown,human
C#C[C@@]1(O)[C@@H](COC(Cc2ccc(N3CCCNC3=O)cc2)(C(=O)O)C(=O)O)O[C@@H](n2cnc3c(N)nc(Cl)nc32)[C@@H]1O,=,1.1283330671571743,,CHEMBL5316683,CHEMBL5316268,Plasma protein binding in human assessed as unbound fraction,25441751,unknown,human
C#C[C@H](CC(N)=O)NC(=O)[C@@H]1CCCN1C(=O)C1(c2ccc(OC(F)(F)F)cc2)CC1,=,1.064617645634545,,CHEMBL5379426,CHEMBL5375996,Plasma protein binding in human assessed as unbound fraction,25679553,unknown,human
C#C[C@H](CC(N)=O)NC(=O)[C@@H]1CCCN1C(=O)[C@]1(c2ccc(OC(F)(F)F)cc2)C[C@H](OC)C1,=,1.205821377816723,,CHEMBL5379426,CHEMBL5375996,Plasma protein binding in human assessed as unbound fraction,25679555,unknown,human
C#C[C@H](CC(N)=O)NC(=O)[C@@H]1C[C@@H](F)CN1C(=O)C1(c2ccc(OC(F)(F)F)cc2)CC1,=,1.1038072758825077,,CHEMBL5379426,CHEMBL5375996,Plasma protein binding in human assessed as unbound fraction,25679554,unknown,human
C#Cc1cnc2nc(O)n(C(CC)CC)c2n1,=,-0.4278685108271337,,CHEMBL4149319,CHEMBL4145557,Fraction unbound in human plasma at 5 uM after 6 hrs by equilibrium dialysis based HPLC method,18397397,unknown,human
C(#Cc1ncn2c1COc1ccccc1-2)c1ccccc1,=,-1.3557268386483343,,CHEMBL3412670,CHEMBL3407448,Fraction unbound in human plasma at 1 uM by equilibrium dialysis method,15195249,unknown,human
C/C=C/C[C@@H](C)[C@@H](O)[C@H]1C(=O)N[C@@H](CC)C(=O)N(C)CC(=O)N(C)[C@@H](CC(C)C)C(=O)N[C@@H](C(C)C)C(=O)N(C)[C@@H](CC(C)C)C(=O)N[C@@H](C)C(=O)N[C@H](C)C(=O)N(C)[C@@H](CC(C)C)C(=O)N(C)[C@@H](CC(C)C)C(=O)N(C)[C@@H](C(C)C)C(=O)N1C,=,0.213081770183828,,CHEMBL1043580,CHEMBL1156824,Fraction unbound in human plasma,2990569,unknown,human
C/C=C/C[C@@H](C)[C@@H](O)[C@H]1C(=O)N[C@@H](CC)C(=O)N(C)CC(=O)N(C)[C@@H](CC(C)C)C(=O)N[C@@H](C(C)C)C(=O)N(C)[C@@H](CC(C)C)C(=O)N[C@@H](C)C(=O)N[C@H](C)C(=O)N(C)[C@@H](CC(C)C)C(=O)N(C)[C@@H](CC(C)C)C(=O)N(C)[C@@H](C(C)C)C(=O)N1C,=,-1.0989455213580468,,CHEMBL4157516,CHEMBL4152348,Unbound fraction in human plasma at 2 uM at pH 7.4 by LC/MS/MS analysis,18441372,unknown,human
C1=C(CS/C(=N\C2CCCCC2)NC2CCCCC2)N2CCN=C2S1,=,0.9421539390478172,,CHEMBL958160,CHEMBL1151747,Fraction unbound in human serum,2578193,unknown,human
C=C(/C=C/c1ccc([N+](=O)[O-])cc1)[C@@H]1CC[C@]2(C(=O)O)CC[C@]3(C)[C@H](CC[C@@H]4[C@@]5(C)CC[C@H](O)C(C)(C)[C@@H]5CC[C@]43C)[C@@H]12,=,1.371429256999455,,CHEMBL4829453,CHEMBL4828721,Fraction unbound in human plasma at 10 uM measured after 4 hrs by RF-MS based rapid equilibrium dialysis method,23242993,unknown,human
C=C(/C=C/c1cccc(Cl)c1)[C@@H]1CC[C@]2(C(=O)O)CC[C@]3(C)[C@H](CC[C@@H]4[C@@]5(C)CC[C@H](O)C(C)(C)[C@@H]5CC[C@]43C)[C@@H]12,=,1.4457237955264233,,CHEMBL4829453,CHEMBL4828721,Fraction unbound in human plasma at 10 uM measured after 4 hrs by RF-MS based rapid equilibrium dialysis method,23242992,unknown,human
C=C(C)C(=O)Nc1ccc(-c2c(-c3ccc(Oc4nccc(C)n4)c(F)c3)c3c(N)ncnc3n2C)cc1,=,0.8123446904650463,,CHEMBL6101593,CHEMBL6096737,Plasma protein binding in human assessed as unbound fraction by LC-MS/MS analysis,29152051,unknown,human
C=C(F)C(=O)Nc1ccc(-c2c(-c3ccc(Oc4nccc(C)n4)cc3)c(C(N)=O)c3cnc(C)cn23)c(F)c1,=,-1.2111151001447686,,CHEMBL6101593,CHEMBL6096737,Plasma protein binding in human assessed as unbound fraction by LC-MS/MS analysis,29152053,unknown,human
C=C(F)C(=O)Nc1ccc(-c2c(-c3ccc(Oc4nccc(C)n4)cc3)c(C(N)=O)c3cnc(C)cn23)cc1,=,-0.4837793026341161,,CHEMBL6101593,CHEMBL6096737,Plasma protein binding in human assessed as unbound fraction by LC-MS/MS analysis,29152052,unknown,human
C=C1COC2(CN(c3ncc(C(=O)O)s3)CC[C@H]2NC(=O)c2[nH]c(C)c(Cl)c2Cl)OC1,=,-1.0072963022393624,,CHEMBL3366713,CHEMBL3352173,Percentage unbound in human plasma,14997805,unknown,human
C=CC(=O)N(C)CCOc1c(-c2ccc(CN3CCN(CC(C)C)CC3=O)c(C)c2)ccnc1N,=,0.9421539390478172,,CHEMBL5133807,CHEMBL5131445,Plasma protein binding in human assessed as unbound fraction by rapid equilibrium dialysis method,24797347,unknown,human
C=CC(=O)N(C)CCOc1c(N)ncnc1-c1ccc(CN2CCN(CC(C)C)CC2=O)c(C)c1,=,0.8190323146948894,,CHEMBL5133807,CHEMBL5131445,Plasma protein binding in human assessed as unbound fraction by rapid equilibrium dialysis method,24797348,unknown,human
C=CC(=O)N(C)CCOc1cnccc1-c1ccc(CN2CCN(CC(C)(C)C)CC2=O)c(C)c1,=,0.4548566296028772,,CHEMBL5133807,CHEMBL5131445,Plasma protein binding in human assessed as unbound fraction by rapid equilibrium dialysis method,24797345,unknown,human
C=CC(=O)N(C)CCOc1cncnc1-c1ccc(CN2CCN(CC(C)(C)C)CC2=O)c(C)c1,=,0.5760837328427963,,CHEMBL5133807,CHEMBL5131445,Plasma protein binding in human assessed as unbound fraction by rapid equilibrium dialysis method,24797344,unknown,human
C=CC(=O)N(C)CCOc1cncnc1-c1ccc(CN2CCN(CC(C)C)CC2=O)c(C)c1,=,0.8470259585922197,,CHEMBL5133807,CHEMBL5131445,Plasma protein binding in human assessed as unbound fraction by rapid equilibrium dialysis method,24797346,unknown,human
C=CC(=O)N(C)[C@H]1C[C@@](C)(Oc2nc(-c3cnn(C)c3)cn3nccc23)C1,=,0.4069462030645636,,CHEMBL5502981,CHEMBL5500379,Unbound fraction in human plasma,25838115,unknown,human
C=CC(=O)N1CC(NC(=O)Cn2c(C3CC3)c(C(=O)N3CCc4c(cccc4OC)C3)c3cc(Cl)cc(C)c32)C1,=,-0.0536539121311303,,CHEMBL4368390,CHEMBL4364340,Plasma protein binding in human assessed as unbound fraction at 5 uM by ultracentrifugation method,19100503,unknown,human
C=CC(=O)N1CCC([C@@H]2CCNc3c(C(N)=O)c(-c4cc(OC)c(C)c(OC)c4)nn32)CC1,=,-0.0536539121311303,,CHEMBL5251949,CHEMBL5247657,Protein binding in human plasma assessed as free fraction measured after 8 hrs by equilibrium dialysis based LC-MS/MS analysis,25067101,unknown,human
C=CC(=O)N1CCC([C@@H]2CCNc3c(C(N)=O)c(-c4ccc(Oc5ccccc5)cc4)nn32)CC1,=,0.133123287443151,,CHEMBL4414944,CHEMBL4414549,Fraction unbound in human plasma measured after 5 to 8 hrs by LC-MS/MS-based equilibrium dialysis method,19306113,unknown,human
C=CC(=O)N1CCC[C@@H](Oc2nc(-c3cnn(C)c3)cn3nccc23)CC1,=,0.5388312109918915,,CHEMBL5502981,CHEMBL5500379,Unbound fraction in human plasma,25838114,unknown,human
C=CC(=O)N1CCC[C@@H](n2nc(-c3ccc(Oc4ccccc4)cc3)c3c(N)ncnc32)C1,=,-0.2899148697533803,,CHEMBL4236260,CHEMBL4229542,Fraction unbound in human plasma,18679224,unknown,human
C=CC(=O)N1CCC[C@@H](n2nc(-c3ccc(Oc4ccccc4)cc3)c3c(N)ncnc32)C1,=,-0.2899148697533803,,CHEMBL4264701,CHEMBL4261605,Protein binding in human plasma assessed as unbound fraction,18752994,unknown,human
C=CC(=O)N1CCN(c2nc(=O)n(-c3c(C)ccnc3C(C)C)c3nc(-c4c(O)cccc4F)c(F)cc23)[C@@H](C)C1,=,0.3539836836796816,,CHEMBL4357285,CHEMBL4354832,Protein binding in plasma of human assessed as unbound fraction at 0.25 uM by ultracentrifugation,19058208,unknown,human
C=CC(=O)N1CC[C@@H](NC(=O)c2sc3nccc4c3c2NC(=O)N4c2ccc(Oc3ccccc3)cc2C)C1,=,-1.6717152153404626,,CHEMBL5152662,CHEMBL5150028,Protein binding in human plasma assessed as unbound fraction,24869455,unknown,human
C=CC(=O)N1CC[C@@H]2[C@H]1C[C@]2(C)Oc1nc(-c2cnn(C)c2)cn2nccc12,=,0.0585156666555915,,CHEMBL5502981,CHEMBL5500379,Unbound fraction in human plasma,25838116,unknown,human
C=CC(=O)N1CCc2c(ncnc2N2CC[C@@H](Nc3ncc(Cl)c(OC)n3)C2)C1,=,0.5270949812424817,,CHEMBL6158133,CHEMBL6153137,Protein binding in human plasma assessed as free fraction at 400 uM incubated for 4 hrs by equilibrium dialysis method based LC-MS/MS analysis,29286539,unknown,human
C=CC(=O)N1C[C@@H]2C[C@H]1CN2c1ccc(C(N)=O)c(Oc2ccc(Oc3ccccc3)cc2)n1,=,-1.1408597057392154,,CHEMBL4236260,CHEMBL4229542,Fraction unbound in human plasma,18679242,unknown,human
C=CC(=O)N[C@@H]1CN(c2nc(Nc3cn(C)nc3OC)c3ncn(C)c3n2)C[C@H]1F,=,0.90623301799406,,CHEMBL4178375,CHEMBL4177539,Fraction unbound in human plasma at 2 uM by LC-MS/MS based equilibrium dialysis method,18450718,unknown,human
C=CC(=O)N[C@H]1CCC[C@H]1NC(=O)c1sc2nccc3c2c1NC(=O)N3[C@@H]1CN=C(CC(C)C)C=C1C,=,-0.1817828950592638,,CHEMBL5152662,CHEMBL5150028,Protein binding in human plasma assessed as unbound fraction,24869456,unknown,human
C=CC(=O)N[C@H]1CCN(c2ccc(C(N)=O)c(Nc3ccc(N4C[C@@H](C)O[C@@H](C)C4)cc3)n2)C1,=,-0.1982656506346964,,CHEMBL4264701,CHEMBL4261605,Protein binding in human plasma assessed as unbound fraction,18752995,unknown,human
C=CC(=O)N[C@H]1COC[C@H]1Nc1ncc(OCc2c(F)c(OC)cc(OC)c2F)cn1,=,1.0423961709522949,,CHEMBL4018340,CHEMBL4017480,Unbound plasma concentration in human at 2 uM measured after 4 hrs by LC-MS/MS analysis,18084568,unknown,human
C=CC(=O)Nc1cc(Nc2ncc(C#N)c(-c3cn(C)c4ccccc34)n2)c(OC)cc1N(C)CCN(C)C,=,0.348367100030422,,CHEMBL3389038,CHEMBL3351341,Unbound fraction in human plasma,15073257,unknown,human
C=CC(=O)Nc1cc(Nc2ncc(C)c(-c3cn(C)c4ccccc34)n2)c(OC)cc1N(C)CCN(C)C,=,0.2623344645609978,,CHEMBL3389038,CHEMBL3351341,Unbound fraction in human plasma,15077755,unknown,human
C=CC(=O)Nc1cc(Nc2ncc(Cl)c(-c3c[nH]c4ccccc34)n2)c(OC)cc1N(C)CCN(C)C,=,-0.1066164315160123,,CHEMBL3389038,CHEMBL3351341,Unbound fraction in human plasma,15073288,unknown,human
C=CC(=O)Nc1cc(Nc2ncc(Cl)c(-c3cn(C)c4ccccc34)n2)c(OC)cc1N(C)CCN(C)C,=,-0.331829054134549,,CHEMBL3389038,CHEMBL3351341,Unbound fraction in human plasma,15073001,unknown,human
C=CC(=O)Nc1cc(Nc2ncc(Cl)c(-c3cnn4ccccc34)n2)c(OC)cc1N(C)CCN(C)C,=,-0.1658234909178525,,CHEMBL3389038,CHEMBL3351341,Unbound fraction in human plasma,15073158,unknown,human
C=CC(=O)Nc1cc(Nc2ncc(Cl)c(-c3cnn4ccccc34)n2)c(OC)cc1N1CC(N(C)C)C1,=,-0.2899148697533803,,CHEMBL3389038,CHEMBL3351341,Unbound fraction in human plasma,15073210,unknown,human
C=CC(=O)Nc1cc(Nc2ncc(Cl)c(-c3cnn4ccccc34)n2)c(OC)cc1N1CC[C@@H](N(C)C)C1,=,-0.2512281700195782,,CHEMBL3389038,CHEMBL3351341,Unbound fraction in human plasma,15073112,unknown,human
C=CC(=O)Nc1cc(Nc2nccc(-c3c[nH]c4ccccc34)n2)c(OC)cc1N(C)CCN(C)C,=,0.2623344645609978,,CHEMBL3389038,CHEMBL3351341,Unbound fraction in human plasma,15077769,unknown,human
C=CC(=O)Nc1cc(Nc2nccc(-c3cn(C)c4ccccc34)n2)c(OC)cc1N(C)CCN(C)C,=,-0.2153072489658211,,CHEMBL3389038,CHEMBL3351341,Unbound fraction in human plasma,15073026,unknown,human
C=CC(=O)Nc1cc(Nc2nccc(-c3cn(C)c4ccccc34)n2)c(OC)cc1N(C)CCN(C)C,=,1.538623328791171,,CHEMBL5346645,CHEMBL5344475,Plasma protein binding in human assessed as unbound fraction,25553943,unknown,human
C=CC(=O)Nc1cc(Nc2nccc(-c3cn(C)c4ccccc34)n2)c(OC)cc1N(C)CCNC,=,-0.0663806427073687,,CHEMBL3389038,CHEMBL3351341,Unbound fraction in human plasma,15077792,unknown,human
C=CC(=O)Nc1cc(Nc2nccc(-c3cnc4c(C)cccn34)n2)c(OC)cc1N(C)CCN(C)C,=,-0.331829054134549,,CHEMBL5623233,CHEMBL5620414,Protein binding in human plasma assessed as free fraction,26143051,unknown,human
C=CC(=O)Nc1ccc(C(=O)N2CC[C@@H](Nc3ncc(Cl)c(OC)n3)C2)cc1,=,-1.3557268386483343,,CHEMBL6158133,CHEMBL6153137,Protein binding in human plasma assessed as free fraction at 400 uM incubated for 4 hrs by equilibrium dialysis method based LC-MS/MS analysis,29286538,unknown,human
C=CC(=O)Nc1ccc(S(=O)(=O)N2CCN(C(=O)C34CC5CC(CC(C5)C3)C4)CC2)cc1,=,-0.4020844485401025,,CHEMBL2091171,CHEMBL2086255,Fraction unbound in human plasma at 10 uM after 6 hrs,11007890,unknown,human
C=CC(=O)Nc1ccc(S(=O)(=O)N2CCN(C(=O)C3CC3)CC2)cc1,=,0.4548566296028772,,CHEMBL2091171,CHEMBL2086255,Fraction unbound in human plasma at 10 uM after 6 hrs,11007891,unknown,human
C=CC(=O)Nc1ccc(S(=O)(=O)N2CCN(C(=O)C3CC3)CC2)cn1,=,1.5438870314101638,,CHEMBL2091171,CHEMBL2086255,Fraction unbound in human plasma at 10 uM after 6 hrs,11007889,unknown,human
C=CC(=O)Nc1ccc(S(=O)(=O)N2CCN(C(=O)C3CCCC3)CC2)cc1,=,0.2276531964338244,,CHEMBL2091171,CHEMBL2086255,Fraction unbound in human plasma at 10 uM after 6 hrs,11007892,unknown,human
C=CC(=O)Nc1ccc(S(=O)(=O)N2CCNCC2)cc1,=,-0.0536539121311303,,CHEMBL2091171,CHEMBL2086255,Fraction unbound in human plasma at 10 uM after 6 hrs,11007894,unknown,human
C=CC(=O)Nc1cccc(-n2c(=O)cc(C)c3cnc(Nc4ccc(OCCN(C)C)cc4OC)nc32)c1,=,1.254663554403032,,CHEMBL3635837,CHEMBL3632511,Fraction unbound in human plasma at 5 uM by rapid equilibrium dialysis method,15771612,unknown,human
C=CC(=O)Nc1cccc(S(=O)(=O)N2CCN(C(=O)OCc3ccccc3)CC2)c1,=,-0.4020844485401025,,CHEMBL2091171,CHEMBL2086255,Fraction unbound in human plasma at 10 uM after 6 hrs,11007893,unknown,human
C=CC1=C(C(=O)O)N2C(=O)[C@@H](NC(=O)/C(=N\OCC(=O)O)c3csc(N)n3)[C@H]2SC1,=,0.9756782929543744,,CHEMBL1043580,CHEMBL1156824,Fraction unbound in human plasma,2991954,unknown,human
C=CCN1CC[C@]23c4c5ccc(O)c4O[C@H]2C(=O)CC[C@@]3(O)[C@H]1C5,=,1.2818420115008826,,CHEMBL3533033,CHEMBL3526056,Fraction unbound in human plasma,15470066,unknown,human
C=CCNC(=O)Nc1nc2cc(-c3cccnc3)c(=O)n(CCC(C)C)c2s1,=,-0.1982656506346964,,CHEMBL3117258,CHEMBL3112566,Percentage unbound in human plasma,13923062,unknown,human
C=CC[C@@H]1/C=C(\C)C[C@H](C)C[C@H](OC)[C@H]2O[C@@](O)(C(=O)C(=O)N3CCCC[C@H]3C(=O)O[C@H](/C(C)=C/[C@@H]3CC[C@@H](O)[C@H](OC)C3)[C@H](C)[C@@H](O)CC1=O)[C@H](C)C[C@@H]2OC,=,-0.7505149849490745,,CHEMBL1043580,CHEMBL1156824,Fraction unbound in human plasma,2990486,unknown,human
C=CCc1ccccc1OCC(O)CNC(C)C,=,0.7024142200886537,,CHEMBL1043580,CHEMBL1156824,Fraction unbound in human plasma,2990733,unknown,human
C=C[C@@H]1C[C@]1(NC(=O)[C@@H]1C[C@@H]2CN1C(=O)[C@@H](C(C)C)N[C@H](C)CCCCCCCc1cccc3c1CN(C3)C(=O)O2)C(=O)NS(=O)(=O)C1CC1,=,0.4362367599376376,,CHEMBL1032973,CHEMBL1158491,Fraction unbound in human plasma,2646070,unknown,human
C=C[C@@H]1C[C@]1(NC(=O)[C@@H]1C[C@@H]2CN1C(=O)[C@H](C(C)C)N[C@H](C(F)(F)F)CCCCCCc1cccc3c1CN(C3)C(=O)O2)C(=O)NS(=O)(=O)C1CC1,=,-0.4278685108271337,,CHEMBL1032973,CHEMBL1158491,Fraction unbound in human plasma,2646069,unknown,human
C=C[C@H]1CN2CC[C@H]1C[C@@H]2[C@@H](O)c1ccnc2ccc(OC)cc12,=,0.8872617474008635,,CHEMBL1043580,CHEMBL1156824,Fraction unbound in human plasma,2991883,unknown,human
C=C[C@H]1CN2CC[C@H]1C[C@H]2[C@H](O)c1ccnc2ccc(OC)cc12,=,0.9591955373789416,,CHEMBL1043580,CHEMBL1156824,Fraction unbound in human plasma,2991944,unknown,human
CB1C=Cc2c(cccc2OCC(O)CN(C)C)N1,=,1.0605252566247725,,CHEMBL3738827,CHEMBL3734721,Fraction unbound in human plasma at 5 uM after 4.5 hrs by LC-MS/MS analysis,16387547,unknown,human
CB1C=Cc2cccc(OCC(O)CN(C)C)c2N1,=,0.6996137726954,,CHEMBL3738827,CHEMBL3734721,Fraction unbound in human plasma at 5 uM after 4.5 hrs by LC-MS/MS analysis,16387546,unknown,human
CC#Cc1cncc(-c2cc(Cl)c([C@]3(C)CC(=O)N(C)C(=N)N3)s2)c1,=,-0.0536539121311303,,CHEMBL2155075,CHEMBL2150878,Fraction unbound in human plasma at 10 uM after 4 hrs by rapid equilibrium dialysis assay,12052961,unknown,human
CC(=O)CC(c1ccccc1)c1c(O)c2ccccc2oc1=O,=,-0.5466961870436686,,CHEMBL1043580,CHEMBL1156824,Fraction unbound in human plasma,2990491,unknown,human
CC(=O)CC(c1ccccc1)c1c(O)c2ccccc2oc1=O,=,-0.99081354666393,,CHEMBL4179627,CHEMBL4177599,Fraction unbound in human plasma at 5 uM after 4 hrs by LC-MS/MS analysis,18457335,unknown,human
CC(=O)CC(c1ccccc1)c1c(O)c2ccccc2oc1=O,=,0.0585156666555915,,CHEMBL5372848,CHEMBL5370593,Plasma protein binding in human assessed as unbound fraction by rapid equilibrium dialysis analysis,25658229,unknown,human
CC(=O)CC(c1ccccc1)c1c(O)c2ccccc2oc1=O,=,-1.0860428839112757,,CHEMBL6138111,CHEMBL6134848,Protein binding in human plasma assessed as unbound fraction at 1 uM incubated for 6 hrs,29257312,unknown,human
CC(=O)CC(c1ccccc1)c1c(O)c2ccccc2oc1=O,=,-0.6383454061623525,,CHEMBL6179800,CHEMBL6177960,Protein binding in human plasma assessed as unbound fraction at 5 uM incubated for 5 hrs by equilibrium dialysis based LC-MS analysis,29297165,unknown,human
CC(=O)N(C)CCOc1cncnc1-c1ccc(CN2CCN(CC(C)(C)C)CC2=O)c(C)c1,=,0.9756782929543744,,CHEMBL5133807,CHEMBL5131445,Plasma protein binding in human assessed as unbound fraction by rapid equilibrium dialysis method,24797343,unknown,human
CC(=O)N(C)CCc1cc(Br)c(OCCCNc2ncn(C)c3ncnc2-3)c(Br)c1,=,0.4218047924226103,,CHEMBL1111424,CHEMBL1153772,Unbound fraction in human plasma at 10 uM,3214519,unknown,human
CC(=O)N(C)CCc1cc(Br)c(OCCCNc2ncn(C)c3ncnc2-3)c(Br)c1,=,-0.0057434855928168,,CHEMBL1111425,CHEMBL1153772,Unbound fraction in human plasma at 1 uM,3214520,unknown,human
CC(=O)N(C)C[C@H]1C[C@H](c2ccc(CN3CCCC3)c(Cl)c2)C1,=,0.8470259585922197,,CHEMBL2208778,CHEMBL2203251,Fraction unbound in human plasma,12171531,unknown,human
CC(=O)N(C)Cc1ccc(-c2ccc(N3CCOc4ncnc(N)c4C3=O)cc2)c(Cl)c1,=,0.3758427365675943,,CHEMBL3222766,CHEMBL3217691,Fraction unbound in human plasma,14536604,unknown,human
CC(=O)N(C)c1ccc2ccn(-c3cc(NC4CC4)n4ncc(C#N)c4n3)c2c1,=,-0.2899148697533803,,CHEMBL2065447,CHEMBL2062503,Fraction unbound in human plasma,10975202,unknown,human
CC(=O)N(Cc1ccsc1)C1CCN([C@H](C)CCNC(=O)c2c(C)cc(Cl)nc2C)CC1,=,1.2638872812075437,,CHEMBL2168046,CHEMBL2163215,Fraction unbound in human plasma after 5 hrs,12091389,unknown,human
CC(=O)N(O)CCc1ccccc1,=,1.064617645634545,,CHEMBL3801196,CHEMBL3797172,Percentage unbound in human plasma at 5 uM after 6 hrs by equilibrium dialysis method,16560835,unknown,human
CC(=O)N/C(N)=N/C(=N/S(=O)(=O)c1ccc(Cl)cc1)N1C[C@H](c2ccccc2)C(c2ccc(Cl)cc2)=N1,=,1.5639044605640415,,CHEMBL5366631,CHEMBL5365437,Unbound fraction in human plasma,25634573,unknown,human
CC(=O)N1CCC(c2nsc3cc(Nc4n[nH]c5cccnc45)ccc23)CC1,=,-0.0291281208564636,,CHEMBL4310042,CHEMBL4308847,Fraction unbound in human plasma after 4 hrs by equilibrium dialysis method,18871306,unknown,human
CC(=O)N1CCCC1c1nc(C(=O)NCc2ccc(F)cc2)c(O)c(=O)[nH]1,=,0.2947766242778414,,CHEMBL1060103,CHEMBL1154041,Fraction unbound in human plasma at pH7.4 after 1 hr by ultrafiltration method,2726541,unknown,human
CC(=O)N1CCCCC1(C)c1nc(C(=O)NCc2ccc(F)cc2)c(O)c(=O)[nH]1,=,0.3539836836796816,,CHEMBL1060103,CHEMBL1154041,Fraction unbound in human plasma at pH7.4 after 1 hr by ultrafiltration method,2726514,unknown,human
CC(=O)N1CCCCC1c1nc(C(=O)NCc2ccc(F)cc2)c(O)c(=O)[nH]1,=,-0.7505149849490745,,CHEMBL1060103,CHEMBL1154041,Fraction unbound in human plasma at pH7.4 after 1 hr by ultrafiltration method,2726550,unknown,human
CC(=O)N1CCC[C@@]1(C)c1nc(C(=O)NCc2ccc(F)cc2)c(O)c(=O)[nH]1,=,0.2276531964338244,,CHEMBL1060103,CHEMBL1154041,Fraction unbound in human plasma at pH7.4 after 1 hr by ultrafiltration method,2725834,unknown,human
CC(=O)N1CCCn2nc(CN(C)c3ccccc3)cc21,=,1.1740626702880612,,CHEMBL3636802,CHEMBL3632544,Fraction unbound in human plasma,15775151,unknown,human
CC(=O)N1CCCn2nc(CN3CCOc4ccccc43)cc21,=,1.0366838480384906,,CHEMBL3636802,CHEMBL3632544,Fraction unbound in human plasma,15775152,unknown,human
CC(=O)N1CCCn2nc(COc3ccccc3)cc21,=,0.8872617474008635,,CHEMBL3636802,CHEMBL3632544,Fraction unbound in human plasma,15774558,unknown,human
CC(=O)N1CCCn2nc(COc3ccccc3F)cc21,=,0.6736818853795221,,CHEMBL3636802,CHEMBL3632544,Fraction unbound in human plasma,15774559,unknown,human
CC(=O)N1CCN(C)C(C)(c2nc(C(=O)NCc3ccc(F)cc3)c(O)c(=O)n2C)C1,=,0.4548566296028772,,CHEMBL1060103,CHEMBL1154041,Fraction unbound in human plasma at pH7.4 after 1 hr by ultrafiltration method,2726529,unknown,human
CC(=O)N1CCN(C)C(c2nc(C(=O)NCc3ccc(F)cc3)c(O)c(=O)n2C)C1,=,0.9421539390478172,,CHEMBL1060103,CHEMBL1154041,Fraction unbound in human plasma at pH7.4 after 1 hr by ultrafiltration method,2726565,unknown,human
CC(=O)N1CCN(C)CC1(C)c1nc(C(=O)NCc2ccc(F)cc2)c(O)c(=O)[nH]1,=,0.5388312109918915,,CHEMBL1060103,CHEMBL1154041,Fraction unbound in human plasma at pH7.4 after 1 hr by ultrafiltration method,2726523,unknown,human
CC(=O)N1CCN(C)CC1c1nc(C(=O)NCc2ccc(F)cc2)c(O)c(=O)[nH]1,=,0.4069462030645636,,CHEMBL1060103,CHEMBL1154041,Fraction unbound in human plasma at pH7.4 after 1 hr by ultrafiltration method,2726559,unknown,human
CC(=O)N1CCN(CCOc2ccc(-c3cccc4c(=O)cc(N5CCOCC5)oc34)c3sc4ccccc4c23)CC1,=,-1.109100998210553,,CHEMBL2423443,CHEMBL2417539,Fraction unbound in human Plasma,13424278,unknown,human
CC(=O)N1CCN(CCOc2ccc(C3(O)CCN(c4ccc5nnc(C(F)(F)F)n5n4)CC3)cc2)CC1,=,0.6736818853795221,,CHEMBL2352668,CHEMBL2346572,Fraction unbound in human plasma by equilibrium dialysis method,12720193,unknown,human
CC(=O)N1CCN(CCOc2ccc(C3CCN(C4=Nn5c(nnc5C(F)(F)F)CC4)CC3)cc2)CC1,=,0.4985954221832476,,CHEMBL2352668,CHEMBL2346572,Fraction unbound in human plasma by equilibrium dialysis method,12720192,unknown,human
CC(=O)N1CCN(CCOc2ccc(C3CCN(c4ccc5nnc(C(F)(F)F)n5n4)CC3)cc2)CC1,=,-0.2512281700195782,,CHEMBL2352668,CHEMBL2346572,Fraction unbound in human plasma by equilibrium dialysis method,12720194,unknown,human
CC(=O)N1CCN([C@H]2CCN(C(=O)N(C)[C@H](C)c3cc(C(F)(F)F)cc(C(F)(F)F)c3)[C@@H](c3ccc(F)cc3C)C2)CC1,=,-1.0989455213580468,,CHEMBL3535089,CHEMBL3526104,Unbound fraction in human plasma,15450893,unknown,human
CC(=O)N1CCN([C@H]2CC[C@H](Nc3ncnn4ccc(C(C)C)c34)CC2)CC1,=,0.8470259585922197,,CHEMBL4266479,CHEMBL4265877,Fraction unbound in human plasma by equilibrium dialysis method,18761701,unknown,human
CC(=O)N1CCN([C@H]2CC[C@H](Nc3ncnn4ccc(C5CCOCC5)c34)CC2)CC1,=,1.1954564950011917,,CHEMBL4266479,CHEMBL4265877,Fraction unbound in human plasma by equilibrium dialysis method,18761873,unknown,human
CC(=O)N1CCN(c2cc(-c3cc(C(F)(F)F)c4c(N)ncnn34)ccc2C#N)C(=O)C1(C)C,=,0.6432071606868136,,CHEMBL4016560,CHEMBL4014340,Fraction unbound in human serum,18077860,unknown,human
CC(=O)N1CCN(c2cc(-c3cc(C(F)(F)F)c4c(N)ncnn34)ccc2C(C)O)C(=O)C1(C)C,=,1.022112421788494,,CHEMBL4016560,CHEMBL4014340,Fraction unbound in human serum,18077859,unknown,human
CC(=O)N1CCN(c2cc(-c3cc(Cl)c4c(N)ncnn34)ccc2C#N)C(=O)C1(C)C,=,0.6736818853795221,,CHEMBL4016560,CHEMBL4014340,Fraction unbound in human serum,18077855,unknown,human
CC(=O)N1CCN(c2cc(-c3cc(Cl)c4c(N)ncnn34)ccc2C(C)O)C(=O)C1(C)C,=,1.022112421788494,,CHEMBL4016560,CHEMBL4014340,Fraction unbound in human serum,18077854,unknown,human
CC(=O)N1CCN(c2cc3c(N[C@H](C)c4cccc(C(F)F)c4F)ccnc3cn2)CC1,=,0.0390414655482346,,CHEMBL5536410,CHEMBL5532737,Plasma protein binding in human assessed as unbound fraction incubated for 4 hrs by LC-MS/MS analysis,25949771,unknown,human
CC(=O)N1CCN(c2ccc(CN(C3CCC3)S(=O)(=O)Cc3ccccc3)cc2)CC1,=,0.1501648857742756,,CHEMBL3367614,CHEMBL3352759,Fraction unbound in human plasma after 4 hrs by LC-MS/MS analysis,15037398,unknown,human
CC(=O)N1CCN(c2cccc(-c3cc(-c4ccnn4C4CCOCC4)c4c(N)ncnn34)c2)C(=O)C1(C)C,=,1.254663554403032,,CHEMBL4016560,CHEMBL4014340,Fraction unbound in human serum,18077840,unknown,human
CC(=O)N1CCN(c2cccc(-c3cc(-c4ccnn4CC(F)(F)F)c4c(N)ncnn34)c2)C(=O)C1(C)C,=,0.9591955373789416,,CHEMBL4016560,CHEMBL4014340,Fraction unbound in human serum,18077841,unknown,human
CC(=O)N1CCN(c2cccc(-c3cc(Br)c4c(N)ncnn34)c2)C(=O)C1(C)C,=,0.2276531964338244,,CHEMBL4016560,CHEMBL4014340,Fraction unbound in human serum,18077848,unknown,human
CC(=O)N1CCN(c2cccc(-c3cc(C#N)c4c(N)ncnn34)c2)C(=O)C1(C)C,=,0.9591955373789416,,CHEMBL4016560,CHEMBL4014340,Fraction unbound in human serum,18077844,unknown,human
CC(=O)N1CCN(c2cccc(-c3cc(C(F)(F)F)c4c(N)ncnn34)c2)C(=O)C1(C)C,=,0.4985954221832476,,CHEMBL4016560,CHEMBL4014340,Fraction unbound in human serum,18077845,unknown,human
CC(=O)N1CCN(c2cccc(-c3cc(C)c4c(N)ncnn34)c2)C(=O)C1(C)C,=,0.6736818853795221,,CHEMBL4016560,CHEMBL4014340,Fraction unbound in human serum,18077843,unknown,human
CC(=O)N1CCN(c2cccc(-c3cc(Cl)c4c(N)ncnn34)c2)C(=O)C1(C)C,=,0.3539836836796816,,CHEMBL4016560,CHEMBL4014340,Fraction unbound in human serum,18077847,unknown,human
CC(=O)N1CCN(c2cccc(-c3cc(F)c4c(N)ncnn34)c2)C(=O)C1(C)C,=,0.8256321338790893,,CHEMBL4016560,CHEMBL4014340,Fraction unbound in human serum,18077846,unknown,human
CC(=O)N1CCN(c2cccc(-c3cc(I)c4c(N)ncnn34)c2)C(=O)C1(C)C,=,0.0585156666555915,,CHEMBL4016560,CHEMBL4014340,Fraction unbound in human serum,18077849,unknown,human
CC(=O)N1CC[C@H]2CC[C@@H](C(=O)N[C@@H](CCC(N)=O)C(=O)N[C@@H](Cc3ccc(F)c(F)c3)C(=O)N3CCC(CCC#Cc4cccc5c4CN(C4CCC(=O)NC4=O)C5=O)CC3)N2C(=O)[C@@H](NC(=O)c2cc3cc(C(F)(F)P(=O)(O)O)ccc3s2)C1,=,-1.0072963022393624,,CHEMBL6095941,CHEMBL6092220,Plasma protein binding in human assessed as unbound fraction at 10 uM,29135043,unknown,human
CC(=O)N1Cc2cc(S(C)(=O)=O)ccc2[C@@H]1C(=O)Nc1ccc(C(O)(C(F)(F)F)C(F)(F)F)cc1,=,0.6432071606868136,,CHEMBL4833115,CHEMBL4831524,Plasma protein binding in human assessed as unbound fraction by equilibrium dialysis,23261671,unknown,human
CC(=O)N1Cc2cc(S(C)(=O)=O)ccc2[C@@H]1C(=O)Nc1ccc(C(O)(C(F)(F)F)C(F)(F)F)cc1,=,0.6432071606868136,,CHEMBL5264134,CHEMBL5260836,Unbound fraction in human plasma,25108424,unknown,human
CC(=O)NC(=O)NCc1ccccc1,=,1.4330248109857762,,CHEMBL3801196,CHEMBL3797172,Percentage unbound in human plasma at 5 uM after 6 hrs by equilibrium dialysis method,16560847,unknown,human
CC(=O)NCCNc1nonc1/C(=N/O)Nc1ccc(F)c(Br)c1,=,-0.0057434855928168,,CHEMBL3999989,CHEMBL3997850,Fraction unbound in human plasma after 2 hrs by equilibrium dialysis method,17990697,unknown,human
CC(=O)NC[C@H]1CN(c2ccc(N3CCOCC3)c(F)c2)C(=O)O1,=,1.3778814681934672,,CHEMBL1043580,CHEMBL1156824,Fraction unbound in human plasma,2993384,unknown,human
CC(=O)NC[C@H]1CN(c2ccc(N3CCOCC3)c(F)c2)C(=O)O1,=,0.9756782929543744,,CHEMBL1696173,CHEMBL1687729,Fraction unbound in human plasma,5306519,unknown,human
CC(=O)NC[C@H]1CN(c2ccc(N3CCOCC3)c(F)c2)C(=O)O1,=,1.3922447026794724,,CHEMBL3389961,CHEMBL3352584,Fraction unbound in human plasma at 10 uM after 16 hrs by LC-MS/MS analysis,15073388,unknown,human
CC(=O)NCc1ccc(-c2ccc(N3CCOc4ncnc(N)c4C3=O)cc2)c(Cl)c1,=,0.5502996705557653,,CHEMBL3222766,CHEMBL3217691,Fraction unbound in human plasma,14536605,unknown,human
CC(=O)NOCCc1ccccc1,=,1.3400682335047578,,CHEMBL3801196,CHEMBL3797172,Percentage unbound in human plasma at 5 uM after 6 hrs by equilibrium dialysis method,16560837,unknown,human
CC(=O)N[C@@H](C)C(=O)N[C@@H](CCCNC(=N)N)C(=O)N[C@@H](CC(=O)O)C(=O)N[C@@H](CS)C(=O)N1CCC[C@H]1C(=O)N[C@@H](CC(C)C)C(=O)N[C@H](C(=O)N[C@@H](CC(N)=O)C(=O)N1CCC[C@H]1C(=O)N[C@@H](CC(C)C)C(=O)N[C@@H](CS)C(=O)N[C@@H](CC(C)C)C(=O)N[C@@H](Cc1cnc[nH]1)C(=O)N1CCC[C@H]1C(=O)NCC(=O)N[C@@H](Cc1c[nH]c2ccccc12)C(=O)N[C@H](C(=O)N[C@@H](CS)C(=O)O)[C@@H](C)O)C(C)C,=,1.344758895910435,,CHEMBL4605309,CHEMBL4602699,Unbound fraction in human plasma at 2 uM incubated for 2 hrs by LC/MS/MS analysis,20607423,unknown,human
CC(=O)N[C@@H](CC(C)C)C(=O)N[C@H](C(=O)N[C@@H](Cc1ccccc1)C(=O)N[C@]1(C)CCCCCC/C=C/CCC[C@@](C)(C(=O)N[C@@H](C)C(=O)N[C@@H](C)C(=O)N[C@@H](C)C(=O)N[C@@H](C)C(=O)N[C@@H](C)C(=O)N[C@H](C)C(N)=O)NC(=O)[C@H](CC(C)C)NC(=O)[C@H](CCC(N)=O)NC(=O)[C@H](C)NC(=O)[C@H](Cc2c[nH]c3ccccc23)NC(=O)[C@H](Cc2ccc(O)cc2)NC(=O)[C@H](CCC(=O)O)NC1=O)[C@@H](C)O,=,-0.1982656506346964,,CHEMBL5351117,CHEMBL5346962,Plasma protein binding in human assessed as unbound fraction upto 150 uM,25570287,unknown,human
CC(=O)N[C@@H](CC(C)C)C(=O)N[C@H](C(=O)N[C@@H](Cc1ccccc1)C(=O)N[C@]1(C)CCCCCC/C=C/CCC[C@@](C)(C(=O)N[C@@H](C)C(=O)N[C@@H](C)C(=O)N[C@@H](C)C(=O)N[C@@H](C)C(=O)N[C@@H](C)C(=O)N[C@H](C)C(N)=O)NC(=O)[C@H](CC(C)C)NC(=O)[C@H](CCC(N)=O)NC(=O)[C@H](C)NC(=O)[C@H](Cc2c[nH]c3ccccc23)NC(=O)[C@H](Cc2ccc(O)cc2)NC(=O)[C@H](CCC(=O)O)NC1=O)[C@@H](C)O,=,0.4985954221832476,,CHEMBL5351118,CHEMBL5346962,Plasma protein binding in human assessed as unbound fraction at >200 uM,25570288,unknown,human
CC(=O)N[C@@H]1C[C@H](NC(C)(C)C)CC[C@@H]1N1CC[C@H](Nc2ncnc3cc(C(C)(C)C)nn23)C1=O,=,1.3922447026794724,,CHEMBL4842059,CHEMBL4840365,Protein binding in human plasma assessed as unbound fraction at 1 uM by equilibrium dialysis method,23301226,unknown,human
CC(=O)N[C@H]1[C@H]([C@H](O)[C@H](O)CO)OC(C(=O)O)=C[C@@H]1NC(=N)N,=,1.4885918906378484,,CHEMBL1043580,CHEMBL1156824,Fraction unbound in human plasma,2994755,unknown,human
CC(=O)Nc1cc(-c2[nH]c3cccnc3c2-c2cccc(C(F)F)n2)ccn1,=,0.3539836836796816,,CHEMBL4270432,CHEMBL4266061,Fraction unbound in human plasma,18782447,unknown,human
CC(=O)Nc1cc(-c2c(-c3ccc(F)cc3)nc([S+](C)[O-])n2C)ccn1,=,1.5114448716933202,,CHEMBL4030466,CHEMBL4028848,Fraction unbound in human plasma at 1 uM by equilibrium dialysis relative to control,18138958,unknown,human
CC(=O)Nc1cc(-c2c(-c3ccc(F)cc3)nc([S+](C)[O-])n2C)ccn1,=,1.4559938372906742,,CHEMBL4030467,CHEMBL4028848,Fraction unbound in human plasma at 10 uM by equilibrium dialysis relative to control,18138959,unknown,human
CC(=O)Nc1cc(-c2c(-c3ccc(F)cc3)nc([S+](C)[O-])n2C)ccn1,=,1.440155129217786,,CHEMBL4030468,CHEMBL4028848,Fraction unbound in human plasma at 30 uM by equilibrium dialysis relative to control,18138960,unknown,human
CC(=O)Nc1cc(-c2c(-c3ccc(F)cc3)nc([S+](C)[O-])n2C)ccn1,=,1.2159768546692298,,CHEMBL4030608,CHEMBL4028848,Fraction unbound in human plasma,18139134,unknown,human
CC(=O)Nc1cc(-c2c(-c3ccc(F)cc3)nc([S+](C)[O-])n2C)ccn1,=,1.5114448716933202,,CHEMBL6085306,CHEMBL6083249,Plasma protein binding in human assessed as unbound fraction at 1 uM incubated for 6 hrs by LC-MS/MS analysis,29098901,unknown,human
CC(=O)Nc1cc(-c2c(-c3ccc(F)cc3)nc([S+](C)[O-])n2C)ccn1,=,1.4559938372906742,,CHEMBL6085307,CHEMBL6083249,Plasma protein binding in human assessed as unbound fraction at 10 uM incubated for 6 hrs by LC-MS/MS analysis,29098902,unknown,human
CC(=O)Nc1cc(-c2c(-c3ccc(F)cc3)nc([S+](C)[O-])n2C)ccn1,=,1.440155129217786,,CHEMBL6085308,CHEMBL6083249,Plasma protein binding in human assessed as unbound fraction at 30 uM incubated for 6 hrs by LC-MS/MS analysis,29098903,unknown,human
CC(=O)Nc1cc(-c2ccc(N(C)C(=O)c3c(F)cccc3Cl)c(N3CC4CC4C3)c2)n(C(C)C)n1,=,-0.8034775043339566,,CHEMBL3599137,CHEMBL3596090,Percentage unbound in human plasma,15655824,unknown,human
CC(=O)Nc1cc(-c2cnc(N(C)C(=O)c3c(F)cccc3Cl)c(N3CCCCC3)c2)n(C(C)C)n1,=,0.2689925619908105,,CHEMBL3599137,CHEMBL3596090,Percentage unbound in human plasma,15655831,unknown,human
CC(=O)Nc1cc(Nc2cc(NC3CC3)n3ncc(C#N)c3n2)c(F)cc1C,=,0.5388312109918915,,CHEMBL2411101,CHEMBL2406966,Fraction unbound in human plasma at 10 uM by equilibrium dialysis method,13396958,unknown,human
CC(=O)Nc1cc(Nc2cc(NC3CC3)n3ncc(C#N)c3n2)c(F)cc1C1CC1,=,0.3864258433965256,,CHEMBL2411101,CHEMBL2406966,Fraction unbound in human plasma at 10 uM by equilibrium dialysis method,13396957,unknown,human
CC(=O)Nc1cc(Nc2cc(NC3CC3)n3ncc(C#N)c3n2)ccc1C,=,0.2947766242778414,,CHEMBL2411101,CHEMBL2406966,Fraction unbound in human plasma at 10 uM by equilibrium dialysis method,13396961,unknown,human
CC(=O)Nc1cc(Nc2cc(NC3CC3)n3ncc(C#N)c3n2)ccc1C,=,0.4069462030645636,,CHEMBL3810879,CHEMBL3808365,Fraction unbound in human plasma at 10 uM by equilibrium dialysis method,16606759,unknown,human
CC(=O)Nc1cc(Nc2cc(NC3CC3)n3ncc(C#N)c3n2)ccc1C(C)C,=,-0.0536539121311303,,CHEMBL2411101,CHEMBL2406966,Fraction unbound in human plasma at 10 uM by equilibrium dialysis method,13396960,unknown,human
CC(=O)Nc1cc(Nc2cc(NC3CC3)n3ncc(C#N)c3n2)ccc1C1CC1,=,-0.4020844485401025,,CHEMBL2411101,CHEMBL2406966,Fraction unbound in human plasma at 10 uM by equilibrium dialysis method,13396959,unknown,human
CC(=O)Nc1cc(Nc2cc(NC3CC3)n3ncc(C#N)c3n2)ccc1Cl,=,-0.1982656506346964,,CHEMBL2411101,CHEMBL2406966,Fraction unbound in human plasma at 10 uM by equilibrium dialysis method,13396962,unknown,human
CC(=O)Nc1cc(Nc2cc(NC3CC3)n3ncc(C#N)c3n2)ccc1N(C)CCCN(C)C,=,0.8032871660118494,,CHEMBL3810879,CHEMBL3808365,Fraction unbound in human plasma at 10 uM by equilibrium dialysis method,16606766,unknown,human
CC(=O)Nc1cc(Nc2cc(NC3CC3)n3ncc(C#N)c3n2)ccc1N(C)CCN,=,1.0910805453062695,,CHEMBL3810879,CHEMBL3808365,Fraction unbound in human plasma at 10 uM by equilibrium dialysis method,16606767,unknown,human
CC(=O)Nc1cc(Nc2cc(NC3CC3)n3ncc(C#N)c3n2)ccc1N(C)CCN(C)C,=,0.8872617474008635,,CHEMBL3810879,CHEMBL3808365,Fraction unbound in human plasma at 10 uM by equilibrium dialysis method,16606761,unknown,human
CC(=O)Nc1cc(Nc2cc(NC3CC3)n3ncc(C#N)c3n2)ccc1N(C)CCN1CC(F)(F)C1,=,-0.4020844485401025,,CHEMBL3810879,CHEMBL3808365,Fraction unbound in human plasma at 10 uM by equilibrium dialysis method,16606764,unknown,human
CC(=O)Nc1cc(Nc2cc(NC3CC3)n3ncc(C#N)c3n2)ccc1N(C)CCN1CCOCC1,=,0.7024142200886537,,CHEMBL3810879,CHEMBL3808365,Fraction unbound in human plasma at 10 uM by equilibrium dialysis method,16606763,unknown,human
CC(=O)Nc1cc(Nc2cc(NC3CC3)n3ncc(C#N)c3n2)ccc1N(C)C[C@@H](C)N,=,1.0071059639172557,,CHEMBL3810879,CHEMBL3808365,Fraction unbound in human plasma at 10 uM by equilibrium dialysis method,16606775,unknown,human
CC(=O)Nc1cc(Nc2cc(NC3CC3)n3ncc(C#N)c3n2)ccc1N(C)C[C@H](C)N,=,1.0508447564976258,,CHEMBL3810879,CHEMBL3808365,Fraction unbound in human plasma at 10 uM by equilibrium dialysis method,16606776,unknown,human
CC(=O)Nc1cc(Nc2cc(NC3CC3)n3ncc(C#N)c3n2)ccc1N1CCC[C@@H](N(C)C)C1,=,0.4548566296028772,,CHEMBL3810879,CHEMBL3808365,Fraction unbound in human plasma at 10 uM by equilibrium dialysis method,16606770,unknown,human
CC(=O)Nc1cc(Nc2cc(NC3CC3)n3ncc(C#N)c3n2)ccc1N1CCC[C@@H](N)C1,=,0.7553767394735358,,CHEMBL3810879,CHEMBL3808365,Fraction unbound in human plasma at 10 uM by equilibrium dialysis method,16606774,unknown,human
CC(=O)Nc1cc(Nc2cc(NC3CC3)n3ncc(C#N)c3n2)ccc1N1CCC[C@H](N)C1,=,0.8032871660118494,,CHEMBL3810879,CHEMBL3808365,Fraction unbound in human plasma at 10 uM by equilibrium dialysis method,16606773,unknown,human
CC(=O)Nc1cc(Nc2cc(NC3CC3)n3ncc(C#N)c3n2)ccc1N1CCN(C)CC1,=,0.7024142200886537,,CHEMBL3810879,CHEMBL3808365,Fraction unbound in human plasma at 10 uM by equilibrium dialysis method,16606760,unknown,human
CC(=O)Nc1cc(Nc2cc(NC3CC3)n3ncc(C#N)c3n2)ccc1N1CC[C@@H](N)C1,=,0.9916376970957856,,CHEMBL3810879,CHEMBL3808365,Fraction unbound in human plasma at 10 uM by equilibrium dialysis method,16606772,unknown,human
CC(=O)Nc1cc(Nc2cc(NC3CC3)n3ncc(C#N)c3n2)ccc1N1CC[C@H](N(C)C)C1,=,0.9421539390478172,,CHEMBL3810879,CHEMBL3808365,Fraction unbound in human plasma at 10 uM by equilibrium dialysis method,16606769,unknown,human
CC(=O)Nc1cc(Nc2cc(NC3CC3)n3ncc(C#N)c3n2)ccc1N1CC[C@H](N)C1,=,0.9756782929543744,,CHEMBL3810879,CHEMBL3808365,Fraction unbound in human plasma at 10 uM by equilibrium dialysis method,16606771,unknown,human
CC(=O)Nc1cc(Nc2cc(NC3CC3)n3ncc(C#N)c3n2)ccc1NCCCO,=,0.2276531964338244,,CHEMBL3810879,CHEMBL3808365,Fraction unbound in human plasma at 10 uM by equilibrium dialysis method,16606765,unknown,human
CC(=O)Nc1cc(Nc2cc(NC3CC3)n3ncc(C#N)c3n2)cnc1C,=,0.6107650009699698,,CHEMBL2411101,CHEMBL2406966,Fraction unbound in human plasma at 10 uM by equilibrium dialysis method,13396956,unknown,human
CC(=O)Nc1cc(Nc2cc(NC3CC3)n3ncc(C#N)c3n2)ncc1C,=,0.4985954221832476,,CHEMBL2411101,CHEMBL2406966,Fraction unbound in human plasma at 10 uM by equilibrium dialysis method,13396955,unknown,human
CC(=O)Nc1cc(Nc2cc(NC3CCC3)n3ncc(C#N)c3n2)c(F)cc1C,=,-0.0172998337847618,,CHEMBL2411101,CHEMBL2406966,Fraction unbound in human plasma at 10 uM by equilibrium dialysis method,13396953,unknown,human
CC(=O)Nc1cc(Nc2cc(NC3CCC3)n3ncc(C#N)c3n2)ccc1C,=,-0.3104352294214184,,CHEMBL2411101,CHEMBL2406966,Fraction unbound in human plasma at 10 uM by equilibrium dialysis method,13396954,unknown,human
CC(=O)Nc1cc(Nc2cc(NC3COC3)n3ncc(C#N)c3n2)c(F)cc1C,=,0.8872617474008635,,CHEMBL2411101,CHEMBL2406966,Fraction unbound in human plasma at 10 uM by equilibrium dialysis method,13396948,unknown,human
CC(=O)Nc1cc(Nc2cc(NC3COC3)n3ncc(C#N)c3n2)c(F)cc1C1CC1,=,0.7799025307482025,,CHEMBL2411101,CHEMBL2406966,Fraction unbound in human plasma at 10 uM by equilibrium dialysis method,13396946,unknown,human
CC(=O)Nc1cc(Nc2cc(NC3COC3)n3ncc(C#N)c3n2)ccc1C,=,0.9245142692517684,,CHEMBL2411101,CHEMBL2406966,Fraction unbound in human plasma at 10 uM by equilibrium dialysis method,13396949,unknown,human
CC(=O)Nc1cc(Nc2cc(NC3COC3)n3ncc(C#N)c3n2)ccc1C1CC1,=,0.7553767394735358,,CHEMBL2411101,CHEMBL2406966,Fraction unbound in human plasma at 10 uM by equilibrium dialysis method,13396947,unknown,human
CC(=O)Nc1cc(Nc2cc(NC3COC3)n3ncc(C#N)c3n2)ccc1Cl,=,0.4985954221832476,,CHEMBL2411101,CHEMBL2406966,Fraction unbound in human plasma at 10 uM by equilibrium dialysis method,13396950,unknown,human
CC(=O)Nc1cc(Nc2cc(Nc3ccn(C)n3)n3ncc(C#N)c3n2)ccc1C,=,0.4985954221832476,,CHEMBL2411101,CHEMBL2406966,Fraction unbound in human plasma at 10 uM by equilibrium dialysis method,13396952,unknown,human
CC(=O)Nc1cc(Nc2cc(Nc3cn(C)cn3)n3ncc(C#N)c3n2)ccc1C,=,0.7799025307482025,,CHEMBL2411101,CHEMBL2406966,Fraction unbound in human plasma at 10 uM by equilibrium dialysis method,13396951,unknown,human
CC(=O)Nc1ccc(-c2nnn(C)c2NC(=O)O[C@H](C)c2cc(F)cnc2F)nc1,=,1.0508447564976258,,CHEMBL6104063,CHEMBL6103545,Plasma protein binding in human assessed as unbound fraction incubated for 24 hrs by equilibrium dialysis based Rapidfire-QToF mass spectrometric analysis,29154157,unknown,human
CC(=O)Nc1ccc(C(=O)/C=C(\O)C(F)(F)C(F)(F)F)cn1,=,0.1754879476474308,,CHEMBL6073209,CHEMBL6071172,Plasma protein binding in pooled human plasma assessed as free fraction at 5 uM incubated for 1 hrs by ultracentrifugation based HPLC-MS/MS analysis,29060393,unknown,human
CC(=O)Nc1ccc(O)cc1,=,1.2356922838098356,,CHEMBL1043580,CHEMBL1156824,Fraction unbound in human plasma,2993193,unknown,human
CC(=O)Nc1ccc(OCC(O)CNC(C)C)cc1,=,-0.7505149849490745,,CHEMBL1043580,CHEMBL1156824,Fraction unbound in human plasma,2990485,unknown,human
CC(=O)Nc1ccc2ccn(-c3cc(NC4COC4)n4ncc(C#N)c4n3)c2c1,=,0.5150781777586803,,CHEMBL2065447,CHEMBL2062503,Fraction unbound in human plasma,10975196,unknown,human
CC(=O)Nc1ccc2ccn(-c3cc(NCCCCO)n4ncc(C#N)c4n3)c2c1,=,-0.0412414541546705,,CHEMBL2065447,CHEMBL2062503,Fraction unbound in human plasma,10975197,unknown,human
CC(=O)Nc1ccc2ccn(-c3cc(NCCCN(C)C)n4ncc(C#N)c4n3)c2c1,=,0.4069462030645636,,CHEMBL2065447,CHEMBL2062503,Fraction unbound in human plasma,10975200,unknown,human
CC(=O)Nc1ccc2ccn(-c3cc(NCCCN4CCCC4)n4ncc(C#N)c4n3)c2c1,=,0.2056345375731557,,CHEMBL2065447,CHEMBL2062503,Fraction unbound in human plasma,10975201,unknown,human
CC(=O)Nc1ccc2ccn(-c3cc(NCCN4CCCC4)n4ncc(C#N)c4n3)c2c1,=,0.1154836176471022,,CHEMBL2065447,CHEMBL2062503,Fraction unbound in human plasma,10975199,unknown,human
CC(=O)Nc1ccc2ccn(-c3cc(NCCN4CCOCC4)n4ncc(C#N)c4n3)c2c1,=,0.4548566296028772,,CHEMBL2065447,CHEMBL2062503,Fraction unbound in human plasma,10975198,unknown,human
CC(=O)Nc1cccc(Nc2cc(NC3CC3)n3ncc(C#N)c3n2)c1,=,0.0585156666555915,,CHEMBL3810879,CHEMBL3808365,Fraction unbound in human plasma at 10 uM by equilibrium dialysis method,16606758,unknown,human
CC(=O)Nc1ccccc1C(=O)N1CCCC[C@H]1c1cc2[nH]c(C)c(C)c(=O)n2n1,=,0.6736818853795221,,CHEMBL3413803,CHEMBL3407466,Percentage unbound in human plasma at 2 uM by equilibrium dialysis,15196738,unknown,human
CC(=O)Nc1nc(C(C)C)c(-c2cnc(N(C)C(=O)c3c(F)cccc3Cl)c(N3CCCCC3)c2)s1,=,-1.3557268386483343,,CHEMBL3599137,CHEMBL3596090,Percentage unbound in human plasma,15655832,unknown,human
CC(=O)Nc1nc(C)c(-c2cc3c(c(NS(C)(=O)=O)c2)C(=O)N([C@@H](C)C2CC2)C3)s1,=,-0.7505149849490745,,CHEMBL4124240,CHEMBL4118226,Fraction unbound in human plasma,18298672,unknown,human
CC(=O)Nc1nc(C)c(-c2cc3c(c(S(C)(=O)=O)c2)C(=O)N([C@@H](C)C2CC2)C3)s1,=,0.4985954221832476,,CHEMBL4124240,CHEMBL4118226,Fraction unbound in human plasma,18298671,unknown,human
CC(=O)O.C[C@@H]1[C@H](O)[C@@H](C)/C=C/C=C/CC/C=C/C=C/C=C/C=C/[C@H](O[C@@H]2O[C@H](C)[C@@H](O)[C@H](N)[C@@H]2O)C[C@@H]2O[C@](O)(C[C@@H](O)[C@H](O)CC[C@@H](O)C[C@@H](O)C[C@@H](O)CC(=O)O[C@H]1C)C[C@H](O)[C@H]2C(=O)NCCO,=,0.9591955373789416,,CHEMBL5030461,CHEMBL5029198,Protein binding in human plasma assessed as free fraction at 0.1 mg/ml measured after 48 hrs by RP-HPLC analysis relative to control,24345759,unknown,human
CC(=O)O.C[C@@H]1[C@H](O)[C@@H](C)/C=C/C=C/CC/C=C/C=C/C=C/C=C/[C@H](O[C@@H]2O[C@H](C)[C@@H](O)[C@H](N)[C@@H]2O)C[C@@H]2O[C@](O)(C[C@@H](O)[C@H](O)CC[C@@H](O)C[C@@H](O)C[C@@H](O)CC(=O)O[C@H]1C)C[C@H](O)[C@H]2C(=O)NCCO,=,1.1038072758825077,,CHEMBL5030462,CHEMBL5029198,Protein binding in human plasma assessed as free fraction at 0.25 mg/ml measured after 48 hrs by RP-HPLC analysis relative to control,24345760,unknown,human
CC(=O)O.C[C@@H]1[C@H](O)[C@@H](C)/C=C/C=C/CC/C=C/C=C/C=C/C=C/[C@H](O[C@@H]2O[C@H](C)[C@@H](O)[C@H](N)[C@@H]2O)C[C@@H]2O[C@](O)(C[C@@H](O)[C@H](O)CC[C@@H](O)C[C@@H](O)C[C@@H](O)CC(=O)O[C@H]1C)C[C@H](O)[C@H]2C(=O)NCCO,=,0.9136254895602888,,CHEMBL5030463,CHEMBL5029198,Protein binding in human plasma assessed as free fraction at 0.5 mg/ml measured after 48 hrs by RP-HPLC analysis relative to control,24345761,unknown,human
CC(=O)O[C@H]1C[C@@]2(C)[C@@H](C[C@@H](O)[C@H]3[C@@]4(C)CC[C@@H](O)[C@@H](C)[C@@H]4CC[C@@]32C)/C1=C(\CCC=C(C)C)C(=O)O,=,0.0585156666555915,,CHEMBL1696173,CHEMBL1687729,Fraction unbound in human plasma,5306514,unknown,human
CC(C(=O)O)c1ccc(C(=O)c2cccs2)cc1,=,-1.0072963022393624,,CHEMBL1043580,CHEMBL1156824,Fraction unbound in human plasma,2990465,unknown,human
CC(C(=O)O)c1cccc(C(=O)c2ccccc2)c1,=,-0.8626845637357965,,CHEMBL1043580,CHEMBL1156824,Fraction unbound in human plasma,2990468,unknown,human
CC(C(=O)O)c1cccc(C(=O)c2ccccc2)c1,=,-1.2111151001447686,,CHEMBL3528936,CHEMBL3526069,Fraction unbound in human plasma by ultracentrifugation method,15461526,unknown,human
CC(C(=O)O)c1cccc(C(=O)c2ccccc2)c1,=,-0.8626845637357965,,CHEMBL3591348,CHEMBL3588773,Unbound fraction in human plasma,15644222,unknown,human
CC(C)(C(=O)O)c1ccc(C(O)CCCN2CCC(C(O)(c3ccccc3)c3ccccc3)CC2)cc1,=,-1.1853938766611165,,CHEMBL4702833,CHEMBL4699523,Fraction unbound in human plasma,22763464,unknown,human
CC(C)(C)Cc1c[nH]c(C(C)(O)Cc2ccc(-c3ccc(F)cn3)cc2)n1,=,-1.9079761729627127,,CHEMBL1680291,CHEMBL1671827,Faction unbound in human plasma at 1 uM,5207972,unknown,human
CC(C)(C)Cc1c[nH]c(CC(C)(O)c2ccc(-c3ccc(F)cn3)cc2)n1,=,-1.2111151001447686,,CHEMBL1680291,CHEMBL1671827,Faction unbound in human plasma at 1 uM,5207973,unknown,human
CC(C)(C)Cc1c[nH]c(CC(C)(O)c2ccc(-n3cccn3)cc2)n1,=,0.213081770183828,,CHEMBL1680291,CHEMBL1671827,Faction unbound in human plasma at 1 uM,5207974,unknown,human
CC(C)(C)Cc1noc2cc(Nc3n[nH]c4cccnc34)ccc12,=,-0.5142540273268247,,CHEMBL4310042,CHEMBL4308847,Fraction unbound in human plasma after 4 hrs by equilibrium dialysis method,18871298,unknown,human
CC(C)(C)Cc1noc2cc(Nc3n[nH]c4nccnc34)ccc12,=,-0.331829054134549,,CHEMBL4310042,CHEMBL4308847,Fraction unbound in human plasma after 4 hrs by equilibrium dialysis method,18871297,unknown,human
CC(C)(C)Cc1nsc2cc(Nc3n[nH]c4cccnc34)cnc12,=,-1.0072963022393624,,CHEMBL4310042,CHEMBL4308847,Fraction unbound in human plasma after 4 hrs by equilibrium dialysis method,18871301,unknown,human
CC(C)(C)Cc1nsc2cc(Nc3n[nH]c4nccnc34)cnc12,=,-0.6186299770217468,,CHEMBL4310042,CHEMBL4308847,Fraction unbound in human plasma after 4 hrs by equilibrium dialysis method,18871302,unknown,human
CC(C)(C)N1C[C@@H](C(=O)N2CCC(c3ccnn3-c3ccc(F)c(Cl)c3)CC2)[C@H](c2ccc(F)cc2F)C1,=,0.7024142200886537,,CHEMBL2026496,CHEMBL2021890,Plasma protein binding in 10% human plasma assessed as percentage unbound,10873217,unknown,human
CC(C)(C)N1C[C@@H](C(=O)N2CCC(c3nnnn3-c3ccc(Cl)cc3)CC2)[C@H](c2ccc(F)cc2F)C1,=,0.9916376970957856,,CHEMBL2026496,CHEMBL2021890,Plasma protein binding in 10% human plasma assessed as percentage unbound,10872548,unknown,human
CC(C)(C)NC(=O)C(c1cccnc1)N(C(=O)c1ccco1)c1ccc(C(C)(C)C)cc1,=,-0.1503552240963827,,CHEMBL5257315,CHEMBL5257019,Plasma protein binding in human assessed as unbound fraction,25087289,unknown,human
CC(C)(C)NC(=O)NCCN1CCC(CO)(CNC(=O)c2cc(Cl)cc(Cl)c2)CC1,=,0.7024142200886537,,CHEMBL2343524,CHEMBL2331553,Unbound fraction in human plasma after 18 hrs by equilibrium dialysis method,12700582,unknown,human
CC(C)(C)NC(=O)[C@@H](c1cccnc1)N(C(=O)c1ccco1)c1ccc(C(C)(C)C)cc1,=,-0.1503552240963827,,CHEMBL2445676,CHEMBL2439951,Fraction unbound in human plasma,13513188,unknown,human
CC(C)(C)NC(=O)[C@@H]1C[C@@H]2CCCC[C@@H]2CN1C[C@@H](O)[C@H](Cc1ccccc1)NC(=O)[C@H](CC(N)=O)NC(=O)c1ccc2ccccc2n1,=,-0.2329469187618698,,CHEMBL1043580,CHEMBL1156824,Fraction unbound in human plasma,2990509,unknown,human
CC(C)(C)NC(=O)[C@H]1CC[C@H]2[C@@H]3CC=C4C=C(C(=O)O)CC[C@]4(C)[C@H]3CC[C@]12C,=,-0.1982656506346964,,CHEMBL1043580,CHEMBL1156824,Fraction unbound in human plasma,2990515,unknown,human
CC(C)(C)NC(=O)[C@H]1CC[C@H]2[C@@H]3CC=C4C=C(C(=O)O)CC[C@]4(C)[C@H]3CC[C@]12C,=,-2.9035327474521138,,CHEMBL4702833,CHEMBL4699523,Fraction unbound in human plasma,22763449,unknown,human
CC(C)(C)NC(=O)[C@H]1CC[C@H]2[C@@H]3CC[C@H]4NC(=O)C=C[C@]4(C)[C@H]3CC[C@]12C,=,0.3811621407775327,,CHEMBL1043580,CHEMBL1156824,Fraction unbound in human plasma,2990596,unknown,human
CC(C)(C)NC(=O)c1c[nH]c2ncc(-c3ncn4c3CCCC4)nc12,=,-0.0536539121311303,,CHEMBL2350846,CHEMBL2346624,Fraction unbound in human plasma,12717288,unknown,human
CC(C)(C)NC(=O)c1c[nH]c2ncc(-c3nn(C4CCNCC4)c4cc(F)ccc34)nc12,=,-0.7762990472361058,,CHEMBL2350846,CHEMBL2346624,Fraction unbound in human plasma,12717289,unknown,human
CC(C)(C)NC(=O)c1c[nH]c2ncc(-c3nn(CCC(O)CO)c4cc(F)ccc34)nc12,=,-0.6588657658303905,,CHEMBL2350846,CHEMBL2346624,Fraction unbound in human plasma,12717292,unknown,human
CC(C)(C)NC(=O)c1c[nH]c2ncc(-c3nn(CCC(O)CO)c4ccc(OC(F)F)cc34)nc12,=,-0.929807991579814,,CHEMBL2350846,CHEMBL2346624,Fraction unbound in human plasma,12717293,unknown,human
CC(C)(C)NC(=O)c1c[nH]c2ncc(-c3nn(CCCS(C)(=O)=O)c4ccc(OC(F)F)cc34)nc12,=,-0.929807991579814,,CHEMBL2350846,CHEMBL2346624,Fraction unbound in human plasma,12717294,unknown,human
CC(C)(C)NCC(O)COc1ccc(NC(=O)NC2CCCCC2)cc1,=,1.0910805453062695,,CHEMBL1043580,CHEMBL1156824,Fraction unbound in human plasma,2992017,unknown,human
CC(C)(C)NCC(O)COc1cccc2c1CC(O)C(O)C2,=,0.5760837328427963,,CHEMBL1043580,CHEMBL1156824,Fraction unbound in human plasma,2990700,unknown,human
CC(C)(C)NCC(O)c1cc(O)cc(O)c1,=,1.419795652574636,,CHEMBL1043580,CHEMBL1156824,Fraction unbound in human plasma,2993475,unknown,human
CC(C)(C)NCC(O)c1ccc(O)c(CO)c1,=,1.5224932066970334,,CHEMBL1043580,CHEMBL1156824,Fraction unbound in human plasma,2994914,unknown,human
CC(C)(C)NC[C@H](O)COc1nsnc1N1CCOCC1,=,1.5114448716933202,,CHEMBL1043580,CHEMBL1156824,Fraction unbound in human plasma,2994880,unknown,human
CC(C)(C)NS(=O)(=O)c1ccc(-c2cc3c(N)ncc(C(=O)NCCN4CCOCC4)c3s2)cc1,=,0.4119480254968721,,CHEMBL1941464,CHEMBL1938231,Fraction unbound in human plasma by equilibrium dialysis,8010861,unknown,human
CC(C)(C)NS(=O)(=O)c1cccc(NC(=O)c2ccc(NS(=O)(=O)C3(C)CC3)cc2N2CCC3(CC2)CC3)c1,=,-0.5466961870436686,,CHEMBL5224121,CHEMBL5223091,"Unbound fraction in CD-1 mouse plasma xenografted with human OVCAR-3 cells at 100 mg/kg, ip by LC-MS/MS analysis",24974478,unknown,human
CC(C)(C)NS(=O)(=O)c1cccc(NC(=O)c2ccc(NS(C)(=O)=O)cc2N2CCC3(CC2)CC3)c1,=,-0.929807991579814,,CHEMBL5224121,CHEMBL5223091,"Unbound fraction in CD-1 mouse plasma xenografted with human OVCAR-3 cells at 100 mg/kg, ip by LC-MS/MS analysis",24974477,unknown,human
CC(C)(C)NS(=O)(=O)c1cccc(NC(=O)c2ncc(NS(C)(=O)=O)nc2N2CCC3(CC2)CC3)n1,=,-0.354174022001789,,CHEMBL5224117,CHEMBL5223091,"Unbound fraction in CD-1 mouse plasma xenografted with human OVCAR-3 cells at 100 mg/kg, po by LC-MS/MS analysis",24974467,unknown,human
CC(C)(C)NS(=O)(=O)c1cccc(NC(=O)c2ncc(NS(C)(=O)=O)nc2N2CCC3(CC2)CC3)n1,=,-0.354174022001789,,CHEMBL5224121,CHEMBL5223091,"Unbound fraction in CD-1 mouse plasma xenografted with human OVCAR-3 cells at 100 mg/kg, ip by LC-MS/MS analysis",24974476,unknown,human
CC(C)(C)OC(=O)NC[C@H]1CC[C@H](CNC(=O)c2cc(-c3cccc(CN)c3)nc3ccccc23)CC1,=,-0.5813774551708419,,CHEMBL1820803,CHEMBL1817551,Fraction unbound in human plasma at 10 uM after 18 hrs by equilibrium dialysis method,6327513,unknown,human
CC(C)(C)OC(=O)NC[C@H]1CC[C@H](CNC(=O)c2cc(-c3ccccc3)nc3ccccc23)CC1,=,-1.9079761729627127,,CHEMBL1820803,CHEMBL1817551,Fraction unbound in human plasma at 10 uM after 18 hrs by equilibrium dialysis method,6327512,unknown,human
CC(C)(C)OC(=O)NC[C@H]1CC[C@H](CNC(=O)c2cc(N3CCC(CCN4CC(O)C4)CC3)nc3ccccc23)CC1,=,-0.1503552240963827,,CHEMBL1820803,CHEMBL1817551,Fraction unbound in human plasma at 10 uM after 18 hrs by equilibrium dialysis method,6327515,unknown,human
CC(C)(C)OC(=O)N[C@H]1CCCCC/C=C\[C@@H]2C[C@@]2(C(=O)NS(=O)(=O)C2CC2)NC(=O)[C@@H]2C[C@@H](OC(=O)N3Cc4cccc(F)c4C3)CN2C1=O,=,-2.0731082711343167,,CHEMBL4702833,CHEMBL4699523,Fraction unbound in human plasma,22763447,unknown,human
CC(C)(C)OC(=O)Nc1ccc(Cl)c(C(=O)Nc2ncc(C#Cc3ccccc3)cc2F)c1,=,1.5634010263637534,,CHEMBL6141300,CHEMBL6134922,Plasma protein binding in human assessed as unbound fraction at 5 uM incubated for 6 hrs by equilibrium dialysis based HPLC analysis,29268608,unknown,human
CC(C)(C)[C@@H](CO)NC(=O)c1nn(-c2c[n+]([O-])ccn2)c2c1C[C@@H]1C[C@H]21,=,0.4069462030645636,,CHEMBL4144147,CHEMBL4138258,Protein binding in human plasma assessed as unbound fraction,18374330,unknown,human
CC(C)(C)[C@@H](NC(=O)c1c[nH]c2ncc(C3CC3)nc12)C(=O)N1CC(C#N)C1,=,-0.135348766225144,,CHEMBL2329051,CHEMBL2321829,Fraction unbound in human plasma by equilibrium dialysis method,12647799,unknown,human
CC(C)(C)[C@@H]1Cc2c(nc3c(C(F)(F)F)cc(C4CC4)cn23)-c2[nH]c(=O)c(C(=O)O)cc21,=,0.0585156666555915,,CHEMBL6131146,CHEMBL6127124,Plasma protein binding in human assessed as unbound fraction at 2 uM incubated for 6 hrs by equilibrium dialysis,29242290,unknown,human
CC(C)(C)[C@H](NC(=O)C(F)(F)F)C(=O)N1C[C@H]2[C@@H]([C@H]1C(=O)N[C@H](C#N)C[C@@H]1CCNC1=O)C2(C)C,=,0.9591955373789416,,CHEMBL5576524,CHEMBL5576048,Plasma protein binding in human plasma assessed as unbound fraction at 0.3 to 10 uM by equilibrium dialysis,26006464,unknown,human
CC(C)(C)c1c(C(=O)NC2C3CC4CC(C3)CC2C4)cnn1-c1ccc(C(=O)O)cc1,=,-0.5813774551708419,,CHEMBL2184981,CHEMBL2177022,Percentage unbound in human plasma at 37 degC by equilibrium dialysis method,12154398,unknown,human
CC(C)(C)c1cccn2c(C3(c4ccc(Cl)cc4)CC3)cnc12,=,0.6107650009699698,,CHEMBL5227510,CHEMBL5226306,Unbound fraction in human plasma,24984930,unknown,human
CC(C)(C)n1nc(-c2ccc3nc(OC4CC4)ccc3c2)c(C(N)=O)c1N,=,1.5001482388297935,,CHEMBL3773068,CHEMBL3769379,Fraction unbound in human plasma after 4 hrs by LC/MS analysis,16483174,unknown,human
CC(C)(C)n1nc(-c2cnc3cc(OC4CC4)ccc3c2)c(C(N)=O)c1N,=,1.4767636035661464,,CHEMBL3773068,CHEMBL3769379,Fraction unbound in human plasma after 4 hrs by LC/MS analysis,16483173,unknown,human
CC(C)(CO)NC(=O)c1c[nH]c2ncc(-c3nn(CCCS(C)(=O)=O)c4cc(F)ccc34)nc12,=,0.1904006745829195,,CHEMBL2350846,CHEMBL2346624,Fraction unbound in human plasma,12717291,unknown,human
CC(C)(F)CN1[C@@H]2C=CC[C@@]1(c1c(F)cc(/C=C/C(=O)O)cc1F)c1[nH]c3ccccc3c1C2,=,-1.3557268386483343,,CHEMBL4308793,CHEMBL4304838,Fraction unbound in human plasma by equilibrium dialysis method,18861485,unknown,human
CC(C)(F)CN1[C@@H]2CCC[C@@]1(c1c(F)cc(/C=C/C(=O)O)cc1F)c1[nH]c3ccccc3c1C2,=,-1.1519080407429287,,CHEMBL4308793,CHEMBL4304838,Fraction unbound in human plasma by equilibrium dialysis method,18861486,unknown,human
CC(C)(F)CN1[C@@H]2CCC[C@@]1(c1c(F)cc(OCCN3CC(CF)C3)cc1F)c1[nH]c3ccccc3c1C2,=,-1.6412404906477542,,CHEMBL4308793,CHEMBL4304838,Fraction unbound in human plasma by equilibrium dialysis method,18861489,unknown,human
CC(C)(F)CN1[C@H](c2ccc(/C=C/C(=O)O)cc2)c2ccc(O)cc2CC1(C)C,=,-0.929807991579814,,CHEMBL3776156,CHEMBL3774369,Percentage unbound in human plasma by equilibrium dialysis method,16505134,unknown,human
CC(C)(N)C(=O)N[C@H](COCc1ccccc1)C(=O)N1CCC2=NN(C3CC3)C(=O)[C@]2(Cc2ccccc2)C1,=,1.381510935274868,,CHEMBL6108523,CHEMBL6103654,Plasma protein binding in human assessed as unbound fraction measured after 6 hrs by dialysis method,29167946,unknown,human
CC(C)(N)[C@H](N[C@H]1CCc2cc(C#Cc3ccc(Cn4ccnc4CO)cc3)ccc21)C(=O)NO,=,0.1501648857742756,,CHEMBL4050644,CHEMBL4049409,Fraction unbound in human plasma at 10 uM by equilibrium dialysis method,18233535,unknown,human
CC(C)(O)CNC(=O)[C@@H]1CC[C@@]2(S(=O)(=O)c3ccc(F)cc3)c3ccc(C(F)(C(F)(F)F)C(F)(F)F)cc3CC[C@@H]12,=,-1.0989455213580468,,CHEMBL4675799,CHEMBL4673237,Protein binding in human serum assessed as unbound fraction,22429047,unknown,human
CC(C)(O)COc1nc(OCCC(F)(F)F)c(CO)cc1-c1ccc(S(C)(=O)=O)cc1,=,-0.7505149849490745,,CHEMBL4810398,CHEMBL4808216,Protein binding in human plasma assessed as unbound fraction,23150765,unknown,human
CC(C)(O)COc1nc(OCCCC(F)(F)F)c(CO)cc1-c1ccc(S(C)(=O)=O)cc1,=,-0.7026045584107611,,CHEMBL4810398,CHEMBL4808216,Protein binding in human plasma assessed as unbound fraction,23150766,unknown,human
CC(C)(O)Cn1cc(-c2nc(NC3CCN(S(=O)(=O)C4CC4)CC3)ncc2C#N)cn1,=,1.0366838480384906,,CHEMBL5529971,CHEMBL5528049,Protein binding in human plasma assessed as free fraction incubated for 2 hrs by LC-MS/MS analysis,25927777,unknown,human
CC(C)(O)Cn1cc(-c2nc(NC3CCN(S(=O)(=O)C4CC4)CC3)ncc2C(F)(F)F)cn1,=,0.4985954221832476,,CHEMBL5529971,CHEMBL5528049,Protein binding in human plasma assessed as free fraction incubated for 2 hrs by LC-MS/MS analysis,25927776,unknown,human
CC(C)(O)[C@H](F)CN1Cc2cc(NC(=O)c3cnn4cccnc34)c(N3CCOCC3)cc2C1=O,=,-0.7505149849490745,,CHEMBL5227510,CHEMBL5226306,Unbound fraction in human plasma,24984929,unknown,human
CC(C)(O)c1ccc(-c2nc(-c3ccc(F)cc3)oc2Sc2ccc(Cl)cn2)cn1,=,-0.5142540273268247,,CHEMBL3296742,CHEMBL3286267,Fraction unbound in human plasma,14738011,unknown,human
CC(C)(O)c1ccccc1CC[C@@H](SCC1(CC(=O)O)CC1)c1cccc(/C=C/c2ccc3ccc(Cl)cc3n2)c1,=,-1.5595456365537408,,CHEMBL1043580,CHEMBL1156824,Fraction unbound in human plasma,2990452,unknown,human
CC(C)(O)c1ccccc1CC[C@@H](SCC1(CC(=O)O)CC1)c1cccc(/C=C/c2ccc3ccc(Cl)cc3n2)c1,=,-3.526037476172045,,CHEMBL4702833,CHEMBL4699523,Fraction unbound in human plasma,22763456,unknown,human
CC(C)(O)c1ccccc1CC[C@@H](SCC1(CC(=O)[O-])CC1)c1cccc(/C=C/c2ccc3ccc(Cl)cc3n2)c1.[Na+],=,-1.2111151001447686,,CHEMBL3542035,CHEMBL3525951,Fraction unbound in human plasma,15467879,unknown,human
CC(C)(O)c1cnc([S@](N)(=O)=NC(=O)Nc2c3c(cc4c2CCC4)CCC3)s1,=,-0.8034775043339566,,CHEMBL6118460,CHEMBL6115017,Fraction unbound in human plasma,29199347,unknown,human
CC(C)(O)c1coc(S(=O)(=O)NC(=O)Nc2c3c(cc4c2CCC4)CCC3)c1,=,-0.929807991579814,,CHEMBL6118460,CHEMBL6115017,Fraction unbound in human plasma,29199344,unknown,human
CC(C)(O)c1csc([S@](N)(=O)=NC(=O)Nc2c3c(cc4c2CCC4)CCC3)c1,=,-0.8034775043339566,,CHEMBL6118460,CHEMBL6115017,Fraction unbound in human plasma,29199346,unknown,human
CC(C)(O)c1csc([S@](N)(=O)=NC(=O)Nc2c3c(cc4c2CCC4)CCC3)n1,=,-0.5813774551708419,,CHEMBL6118460,CHEMBL6115017,Fraction unbound in human plasma,29199348,unknown,human
CC(C)(O)c1nc([S@](N)(=O)=NC(=O)Nc2c3c(cc4c2CCC4)CCC3)cs1,=,0.1243808234872447,,CHEMBL6118460,CHEMBL6115017,Fraction unbound in human plasma,29199349,unknown,human
CC(C)(O)c1ncc([S@](N)(=O)=NC(=O)Nc2c3c(c(F)c4c2CCC4)CCC3)s1,=,-1.3557268386483343,,CHEMBL6118460,CHEMBL6115017,Fraction unbound in human plasma,29199350,unknown,human
CC(C)(O)c1ncc([S@](N)(=O)=NC(=O)Nc2c3c(cc4c2CCC4)CCC3)s1,=,-1.0072963022393624,,CHEMBL6118460,CHEMBL6115017,Fraction unbound in human plasma,29199345,unknown,human
CC(C)(O/N=C(\C(=O)NC1CN(C(=O)NS(=O)(=O)N2CCN(NC(=O)c3cc(=O)c(O)c[nH]3)C2=O)C1=O)c1csc(N)n1)C(=O)O,=,0.9421539390478172,,CHEMBL3412999,CHEMBL3407427,Percentage unbound in human plasma at 10 uM after 16 hrs by LC-MS/MS analysis,15200360,unknown,human
CC(C)(O/N=C(\C(=O)N[C@@H]1C(=O)N(C(=O)NS(=O)(=O)N2C[C@@H](NC(=O)NCc3cc(=O)c(O)cn3O)CC2=O)C1(C)C)c1csc(N)n1)C(=O)O,=,0.8256321338790893,,CHEMBL3412999,CHEMBL3407427,Percentage unbound in human plasma at 10 uM after 16 hrs by LC-MS/MS analysis,15201582,unknown,human
CC(C)(O/N=C(\C(=O)N[C@@H]1C(=O)N(S(=O)(=O)O)[C@@H]1CNC(=O)NCc1cc(=O)c(O)cn1O)c1csc(N)n1)C(=O)O,=,1.564407391078202,,CHEMBL2409947,CHEMBL2407067,Fraction unbound in human plasma,13387776,unknown,human
CC(C)(O/N=C(\C(=O)N[C@@H]1C(=O)N(S(=O)(=O)O)[C@@H]1CNC(=O)c1cc(-c2cc(=O)c(O)cn2O)no1)c1csc(N)n1)C(=O)O,=,1.1740626702880612,,CHEMBL2071705,CHEMBL2069171,Fraction unbound in human plasma,10987196,unknown,human
CC(C)(O/N=C(\C(=O)N[C@@H]1C(=O)N(S(=O)(=O)O)[C@@H]1COC(=O)CNC(=O)c1cc(=O)c(O)cn1O)c1csc(N)n1)C(=O)O,=,1.2818420115008826,,CHEMBL2071705,CHEMBL2069171,Fraction unbound in human plasma,10987194,unknown,human
CC(C)(O/N=C(\C(=O)N[C@@H]1C(=O)N(S(=O)(=O)O)[C@@H]1COC(=O)c1cc(-c2cc(=O)c(O)cn2O)no1)c1csc(N)n1)C(=O)O,=,0.9916376970957856,,CHEMBL2071705,CHEMBL2069171,Fraction unbound in human plasma,10987195,unknown,human
CC(C)(O/N=C(\C(=O)N[C@@H]1C(=O)N(S(=O)(=O)O)[C@@H]1Cn1cc(COCc2cc(=O)c(O)cn2O)nn1)c1csc(N)n1)C(=O)O,=,1.2159768546692298,,CHEMBL2409947,CHEMBL2407067,Fraction unbound in human plasma,13387774,unknown,human
CC(C)(O/N=C(\C(=O)N[C@@H]1C(=O)N(S(=O)(=O)[O-])[C@@H]1CNC(=O)OCc1cc(=O)c(O)cn1O)c1csc(N)n1)C(=O)[O-].[Na+].[Na+],=,1.2259312196939005,,CHEMBL2409947,CHEMBL2407067,Fraction unbound in human plasma,13387775,unknown,human
CC(C)(O/N=C(\C(=O)N[C@H]1CN(C(=O)NS(=O)(=O)n2nc(-c3cc(=O)c(O)c[nH]3)n(C[C@@H](O)CO)c2=O)C1=O)c1csc(N)n1)C(=O)O,=,0.1501648857742756,,CHEMBL3584212,CHEMBL3580646,Unbound fraction in human plasma after 16 hrs by LC-MS/MS analysis,15615657,unknown,human
CC(C)C(O/N=C(\C(=O)N[C@@H]1C(=O)N(OS(=O)(=O)O)C1(C)C)c1csc(N)n1)c1cc(=O)c(O)cn1O,=,-1.278238527988786,,CHEMBL4010997,CHEMBL4007487,Fraction unbound in human plasma at 10 uM after 4 hrs by LC-MS/MS based rapid equilibrium dialysis method,18047183,unknown,human
CC(C)C(O/N=C(\C(=O)N[C@@H]1C(=O)N(OS(=O)(=O)O)C1(C)C)c1nc(N)sc1Cl)c1cc(=O)c(O)cn1O,=,-1.489290242148187,,CHEMBL4010997,CHEMBL4007487,Fraction unbound in human plasma at 10 uM after 4 hrs by LC-MS/MS based rapid equilibrium dialysis method,18047154,unknown,human
CC(C)C(O/N=C(\C(=O)N[C@@H]1C(=O)N(OS(=O)(=O)O)C1(C)C)c1nsc(N)n1)c1cc(=O)c(O)cn1O,=,-1.390408106775508,,CHEMBL4010997,CHEMBL4007487,Fraction unbound in human plasma at 10 uM after 4 hrs by LC-MS/MS based rapid equilibrium dialysis method,18047155,unknown,human
CC(C)CCCCC(=O)N[C@@H](CCN)C(=O)N[C@H](C(=O)N[C@@H](CCN)C(=O)N[C@H]1CCNC(=O)[C@H]([C@@H](C)O)NC(=O)[C@H](CCN)NC(=O)[C@H](CCN)NC(=O)[C@H](CC(C)C)NC(=O)[C@@H](Cc2ccccc2)NC(=O)[C@@H](CCN)NC1=O)[C@@H](C)O,=,0.4018941102179953,,CHEMBL6079483,CHEMBL6078630,Protein binding in human plasma assessed as unbound fraction at 0.2 uM incubated for 6 hrs by LC-MS/MS analysis,29079155,unknown,human
CC(C)CCCCC(=O)N[C@@H](CCN)C(=O)N[C@H](C(=O)N[C@@H](CN)C(=O)N[C@H]1CCNC(=O)[C@H]([C@@H](C)O)NC(=O)[C@H](CCN)NC(=O)[C@H](CCN)NC(=O)[C@H]([C@@H](C)O)NC(=O)[C@@H](Cc2ccccc2)NC(=O)[C@H](CCN)NC1=O)[C@@H](C)O,=,0.8299843602610951,,CHEMBL6079483,CHEMBL6078630,Protein binding in human plasma assessed as unbound fraction at 0.2 uM incubated for 6 hrs by LC-MS/MS analysis,29079154,unknown,human
CC(C)CCN[C@@H]1CCc2cc(O)c(N3CC(=O)NS3(=O)=O)c(F)c2C1,=,1.2948993432116758,,CHEMBL5524540,CHEMBL5523702,Plasma protein binding in human assessed as unbound fraction,25908644,unknown,human
CC(C)CCn1c(CN2C(=O)C3(CC3)c3cc(F)ccc32)nc2cc(CN)ccc21,=,0.4548566296028772,,CHEMBL4825893,CHEMBL4825662,Protein binding in human plasma assessed as unbound fraction at 5 uM by LC-MS/MS analysis based equilibrium dialysis method,23227620,unknown,human
CC(C)CCn1c(CN2C(=O)C3(CC3)c3ccc(F)cc32)nc2cc(CN)ccc21,=,0.7134625550923671,,CHEMBL4825893,CHEMBL4825662,Protein binding in human plasma assessed as unbound fraction at 5 uM by LC-MS/MS analysis based equilibrium dialysis method,23227621,unknown,human
CC(C)CCn1c(CN2C(=O)C3(CC3)c3cccc(F)c32)nc2cc(CN)ccc21,=,1.1283330671571743,,CHEMBL4825893,CHEMBL4825662,Protein binding in human plasma assessed as unbound fraction at 5 uM by LC-MS/MS analysis based equilibrium dialysis method,23227622,unknown,human
CC(C)CCn1c(CN2C(=O)C3(CC3)c3ccccc32)nc2cc(CN)ccc21,=,0.2276531964338244,,CHEMBL4825893,CHEMBL4825662,Protein binding in human plasma assessed as unbound fraction at 5 uM by LC-MS/MS analysis based equilibrium dialysis method,23227618,unknown,human
CC(C)CCn1c(CN2C(=O)C3(CCCC3)c3ccncc32)nc2cc(CN)ccc21,=,0.6736818853795221,,CHEMBL4825893,CHEMBL4825662,Protein binding in human plasma assessed as unbound fraction at 5 uM by LC-MS/MS analysis based equilibrium dialysis method,23227619,unknown,human
CC(C)CCn1c(Cn2c(=O)n(C3CC3)c3ccncc32)cc2ccccc21,=,-1.0072963022393624,,CHEMBL4620886,CHEMBL4619758,Protein binding in human plasma assessed as unbound fraction,20672621,unknown,human
CC(C)CN(Cc1ccc(-c2ccc(S(C)(=O)=O)cc2)cc1)S(=O)(=O)Cc1ccccc1,=,-0.7505149849490745,,CHEMBL3367614,CHEMBL3352759,Fraction unbound in human plasma after 4 hrs by LC-MS/MS analysis,15037397,unknown,human
CC(C)CN1CCC([S+]([O-])c2ccc(CNC(=O)c3cc4ccncc4o3)cc2)CC1,=,0.7553767394735358,,CHEMBL3395025,CHEMBL3393056,Fraction unbound in human plasma,15146598,unknown,human
CC(C)CN1CCc2c(ccc3[nH]ccc23)C1c1ccc(/C=C/C(=O)O)cc1,=,-0.1503552240963827,,CHEMBL4370323,CHEMBL4368914,Fraction unbound in 10% human plasma by equilibrium dialysis,19110408,unknown,human
CC(C)CN1CCc2c(ccc3[nH]ncc23)[C@H]1c1ccc(/C=C/C(=O)O)cc1,=,0.2276531964338244,,CHEMBL4370323,CHEMBL4368914,Fraction unbound in 10% human plasma by equilibrium dialysis,19110409,unknown,human
CC(C)CN1CCc2cc(O)ccc2[C@@H]1c1ccc(/C=C/C(=O)O)cc1,=,-0.4278685108271337,,CHEMBL3776156,CHEMBL3774369,Percentage unbound in human plasma by equilibrium dialysis method,16505153,unknown,human
CC(C)CN1CCc2cc(O)ccc2[C@@]1(C)c1ccc(/C=C/C(=O)O)cc1,=,-0.8034775043339566,,CHEMBL3776156,CHEMBL3774369,Percentage unbound in human plasma by equilibrium dialysis method,16505152,unknown,human
CC(C)CN1CCc2cc(O)ccc2[C@H]1c1ccc(/C=C/C(=O)O)cc1,=,0.1746906770489424,,CHEMBL3776156,CHEMBL3774369,Percentage unbound in human plasma by equilibrium dialysis method,16505154,unknown,human
CC(C)CN1CCc2cc(O)ccc2[C@H]1c1ccc(/C=C/C(=O)O)cc1,=,0.1746906770489424,,CHEMBL4370323,CHEMBL4368914,Fraction unbound in 10% human plasma by equilibrium dialysis,19110406,unknown,human
CC(C)CN1CCc2cccc3[nH]cc(c23)C1c1ccc(/C=C/C(=O)O)cc1,=,0.4548566296028772,,CHEMBL4370323,CHEMBL4368914,Fraction unbound in 10% human plasma by equilibrium dialysis,19110407,unknown,human
CC(C)CN1[C@H](C)Cc2cc(O)ccc2[C@@]1(C)c1ccc(/C=C/C(=O)O)cc1,=,-0.5466961870436686,,CHEMBL3776156,CHEMBL3774369,Percentage unbound in human plasma by equilibrium dialysis method,16505150,unknown,human
CC(C)CN1[C@H](c2c(F)cc(/C=C/C(=O)O)cc2F)c2ccc(O)cc2CC1(C)C,=,-1.0989455213580468,,CHEMBL3776156,CHEMBL3774369,Percentage unbound in human plasma by equilibrium dialysis method,16505138,unknown,human
CC(C)CN1[C@H](c2c(F)cc(/C=C/C(=O)O)cc2F)c2ccc3[nH]ncc3c2C[C@H]1C,=,-1.119465881026085,,CHEMBL4370323,CHEMBL4368914,Fraction unbound in 10% human plasma by equilibrium dialysis,19110413,unknown,human
CC(C)CN1[C@H](c2c(F)cc(OCCN3CC(CF)C3)cc2F)c2ccc3[nH]ncc3c2C[C@H]1C,=,-1.2111151001447686,,CHEMBL4676151,CHEMBL4673245,Fraction unbound in human plasma by equilibrium dialysis method,22430015,unknown,human
CC(C)CN1[C@H](c2ccc(/C=C/C(=O)O)cc2)c2[nH]c3ccccc3c2C[C@H]1C,=,-1.0889911563333765,,CHEMBL3624766,CHEMBL3621041,Fraction unbound in human 10% plasma by equilibrium dialysis,15740582,unknown,human
CC(C)CN1[C@H](c2ccc(/C=C/C(=O)O)cc2)c2ccc(O)cc2CC1(C)C,=,-0.1207773399751477,,CHEMBL3776156,CHEMBL3774369,Percentage unbound in human plasma by equilibrium dialysis method,16505149,unknown,human
CC(C)CN1[C@H](c2ccc(/C=C/C(=O)O)cc2)c2ccc(O)cc2C[C@H]1C,=,0.2276531964338244,,CHEMBL3776156,CHEMBL3774369,Percentage unbound in human plasma by equilibrium dialysis method,16505151,unknown,human
CC(C)CN1[C@H](c2ccc(/C=C/C(=O)O)cc2)c2ccc3[nH]ncc3c2CC1(C)C,=,-0.1066164315160123,,CHEMBL4370323,CHEMBL4368914,Fraction unbound in 10% human plasma by equilibrium dialysis,19110410,unknown,human
CC(C)CN1[C@H](c2ccc(/C=C/C(=O)O)cc2)c2ccc3[nH]ncc3c2C[C@H]1C,=,-0.354174022001789,,CHEMBL4370323,CHEMBL4368914,Fraction unbound in 10% human plasma by equilibrium dialysis,19110411,unknown,human
CC(C)CN1[C@H](c2ccc(/C=C/C(=O)O)cc2)c2ccccc2C[C@H]1C,=,-0.3775586572654357,,CHEMBL3776156,CHEMBL3774369,Percentage unbound in human plasma by equilibrium dialysis method,16505146,unknown,human
CC(C)CN1[C@H](c2ccc(OCCN3CC(CF)C3)cc2)c2ccc3[nH]ncc3c2C[C@H]1C,=,0.4548566296028772,,CHEMBL4676151,CHEMBL4673245,Fraction unbound in human plasma by equilibrium dialysis method,22430014,unknown,human
CC(C)CN1[C@H](c2ccc(OCCN3CC(CF)C3)cn2)c2ccc3[nH]ncc3c2C[C@H]1C,=,0.7295926771865047,,CHEMBL4676151,CHEMBL4673245,Fraction unbound in human plasma by equilibrium dialysis method,22430012,unknown,human
CC(C)CNC(=O)[C@H]1C[C@@](F)(c2ccc(CN3CCCC3)c(F)c2)C1,=,1.022112421788494,,CHEMBL2208778,CHEMBL2203251,Fraction unbound in human plasma,12171528,unknown,human
CC(C)COc1ccc(-c2cn(C)c3cc(C(=O)NS(=O)(=O)C4CC4)c(F)cc23)cn1,=,-0.3104352294214184,,CHEMBL4373225,CHEMBL4371076,Fraction unbound in human plasma,19123645,unknown,human
CC(C)COc1ccc(-c2cn(C)c3cc(C(=O)NS(C)(=O)=O)c(F)cc23)cn1,=,-0.8626845637357965,,CHEMBL4373225,CHEMBL4371076,Fraction unbound in human plasma,19123644,unknown,human
CC(C)COc1ncc(-c2cn(C)c3cc(C(=O)NS(C)(=O)=O)c(F)cc23)cc1Cl,=,-1.9079761729627127,,CHEMBL4373225,CHEMBL4371076,Fraction unbound in human plasma,19123642,unknown,human
CC(C)CS(=O)(=O)N[C@H]1CC[C@H](Nc2ncc3c(N4CCOCC4)n[nH]c3n2)CC1,=,1.0071059639172557,,CHEMBL4369859,CHEMBL4368903,Fraction unbound in human plasma at 10 ug/ml after 15 mins by UPLC-MS/MS analysis,19107966,unknown,human
CC(C)C[C@@H](N)C(=O)Nc1ccc(-c2cnco2)c(OC(F)F)c1,=,-0.0794379744181615,,CHEMBL4829134,CHEMBL4828715,Protein binding in human plasma assessed as unbound fraction at 10 uM measured after 5 hrs by equilibrium dialysis method,23240800,unknown,human
CC(C)C[C@@H](N)C(=O)Nc1ccc(-c2cnco2)c(OC(F)F)c1,=,-0.0794379744181615,,CHEMBL5159136,CHEMBL5154743,Plasma protein binding in human assessed as unbound fraction at 10 uM incubated for 5 hrs by rapid equlibrium dialysis based LC-MS/MS method,24893846,unknown,human
CC(C)C[C@@H](N)c1cc(C#N)c2cc(-c3ccncc3)ccc2n1,=,0.7024142200886537,,CHEMBL5159136,CHEMBL5154743,Plasma protein binding in human assessed as unbound fraction at 10 uM incubated for 5 hrs by rapid equlibrium dialysis based LC-MS/MS method,24893848,unknown,human
CC(C)C[C@@H]1NC(=O)[C@@H]2CSCCC(=O)N3CN(CN(C3)C(=O)CCSC[C@H](NC(=O)[C@H](CC(=O)O)NC(=O)[C@H](CCCNC(=N)N)NC(=O)[C@H](C)NC(=O)CN(C)C(=O)CN(C)C(=O)CN(C)C(=O)CN(C)CC(=O)N(C)CC(=O)N(C)CC(=O)N(C)CC(=O)N(C)CC(=O)N(C)CC(=O)N(C)C(=O)CCN)C(=O)N3CCC[C@H]3C(=O)N[C@@H](CC(C)C)C(=O)N[C@@H](C(C)C)C(=O)N[C@@H](CC(N)=O)C(=O)N3CCC[C@H]3C(=O)N[C@@H](CC(C)C)C(=O)N2)C(=O)CCSC[C@@H](C(N)=O)NC(=O)C(CCCCNC(=N)N)NC(=O)[C@H](CC2CCc3ccccc32)NC(=O)[C@@H](CC(=O)O)NC(=O)[C@@H]2CCCN2C(=O)[C@H](Cc2c[nH]cn2)NC1=O,=,1.1162197338589677,,CHEMBL4605309,CHEMBL4602699,Unbound fraction in human plasma at 2 uM incubated for 2 hrs by LC/MS/MS analysis,20607424,unknown,human
CC(C)C[C@H](N)c1cc(C#N)c2cc(-c3ccncc3)ccc2n1,=,0.7024142200886537,,CHEMBL5159136,CHEMBL5154743,Plasma protein binding in human assessed as unbound fraction at 10 uM incubated for 5 hrs by rapid equlibrium dialysis based LC-MS/MS method,24893849,unknown,human
CC(C)C[C@H](N)c1cc(C#N)c2cc(-c3cnco3)ccc2n1,=,-0.5813774551708419,,CHEMBL5159136,CHEMBL5154743,Plasma protein binding in human assessed as unbound fraction at 10 uM incubated for 5 hrs by rapid equlibrium dialysis based LC-MS/MS method,24893850,unknown,human
CC(C)C[C@H](NC(=O)[C@@H]1COCCCCCC(=O)N2C[C@H](F)C[C@H]2C(=O)N1)C(=O)[C@@]1(C)CO1,=,-1.1519080407429287,,CHEMBL5509570,CHEMBL5506017,Protein binding in human plasma assessed as unbound fraction,25859029,unknown,human
CC(C)C[C@H](NC(=O)[C@H](CCN)NC(=O)[C@H](CC(=O)O)NC(=O)[C@H](CCC(=O)O)NC(=O)CCCCNC(=O)c1ccc(Oc2ccc(C(N)=O)cc2)cc1)C(=O)N(C)[C@@H](CCC(=O)O)C(=O)N1CCC[C@H]1CC(N)=O,=,1.2657118894067454,,CHEMBL5168858,CHEMBL5154944,Protein binding in human serum assessed as free fraction at 10 ug/ml incubated for 6 hrs by equilibrium dialysis based LC-MS/MS assay,24930096,unknown,human
CC(C)C[C@](C)(N)COc1ccc(-c2ccnc(C(F)F)c2)c2nccn12,=,0.7374677051946791,,CHEMBL6086262,CHEMBL6083275,Protein binding in human plasma assessed as unbound fraction,29103454,unknown,human
CC(C)C[C@](C)(N)COc1ccc(-c2ccnc(C(F)F)c2)cc1C#N,=,0.5760837328427963,,CHEMBL5049604,CHEMBL5046296,Protein binding in human plasma assessed as unbound fraction at 10 uM measured after 5 hrs by LC-MS/MS analysis,24424685,unknown,human
CC(C)C[C@](C)(N)COc1ccc(-c2ccnc(C(F)F)c2)cc1C(F)(F)F,=,-0.8626845637357965,,CHEMBL5049604,CHEMBL5046296,Protein binding in human plasma assessed as unbound fraction at 10 uM measured after 5 hrs by LC-MS/MS analysis,24424683,unknown,human
CC(C)C[C@](C)(N)COc1ccc(-c2ccnc(C(F)F)c2)cc1C(F)F,=,0.016601482274423,,CHEMBL5049604,CHEMBL5046296,Protein binding in human plasma assessed as unbound fraction at 10 uM measured after 5 hrs by LC-MS/MS analysis,24424684,unknown,human
CC(C)C[C@](C)(N)COc1ccc(-c2ccnc(C(F)F)c2)n2cncc12,=,0.8256321338790893,,CHEMBL6086262,CHEMBL6083275,Protein binding in human plasma assessed as unbound fraction,29103453,unknown,human
CC(C)C[C@](C)(N)COc1ccc(-c2ccnc(C(F)F)c2)nc1C(F)F,=,0.3252513489705502,,CHEMBL5049604,CHEMBL5046296,Protein binding in human plasma assessed as unbound fraction at 10 uM measured after 5 hrs by LC-MS/MS analysis,24424686,unknown,human
CC(C)C[C@](C)(N)COc1ccc(-c2ccnc(C(F)F)c2)nc1C(F)F,=,0.3398227752205463,,CHEMBL6086262,CHEMBL6083275,Protein binding in human plasma assessed as unbound fraction,29103452,unknown,human
CC(C)C[C@](C)(N)COc1cnc(-c2ccnc(C(F)F)c2)cc1C(F)F,=,0.5191157818512858,,CHEMBL5161196,CHEMBL5154787,Protein binding in human plasma assessed as unbound fraction measured after 3 hrs by LC/MS/MS analysis,24902904,unknown,human
CC(C)Cc1ccc(-c2cn(C)c3cc(C(=O)NS(C)(=O)=O)ccc23)cc1,=,-1.9079761729627127,,CHEMBL4373225,CHEMBL4371076,Fraction unbound in human plasma,19123635,unknown,human
CC(C)Cc1ccc(C(C)C(=O)O)cc1,=,-1.0072963022393624,,CHEMBL1043580,CHEMBL1156824,Fraction unbound in human plasma,2990464,unknown,human
CC(C)Cc1ccc(C(C)C(=O)O)cc1,=,-1.489290242148187,,CHEMBL3591953,CHEMBL3588839,Fraction unbound (%) in human plasma at pH 7.4 after 18 hrs by equilibrium dialysis,15640572,unknown,human
CC(C)Cc1ccc(C(C)C(=O)O)cc1,=,-2.9654792087669,,CHEMBL4702833,CHEMBL4699523,Fraction unbound in human plasma,22763441,unknown,human
CC(C)Cc1nc2cc(O)c(O)c(O)c2c(=O)n1-c1ccccc1,=,-0.2682697683507028,,CHEMBL5336420,CHEMBL5335781,Plasma protein binding in human assessed as unbound fraction,25516798,unknown,human
CC(C)Cn1c(=O)n(C)c(=O)c2c(C(=O)N3CC[C@@H](O)C3)c(Cc3ccnc4ccccc34)sc21,=,1.0508447564976258,,CHEMBL869600,CHEMBL1146970,Percent of unbound ligand in human plasma,1707848,unknown,human
CC(C)Cn1c(=O)n(C)c(=O)c2c(SCCCO)c(Cc3cccc4ccccc34)sc21,=,-1.9079761729627127,,CHEMBL869600,CHEMBL1146970,Percent of unbound ligand in human plasma,1707847,unknown,human
CC(C)Cn1cc(C#N)c2cc(Oc3ccc(NC(=O)[C@@H]4CCCN4)cc3)ccc21,=,-1.3078164121100209,,CHEMBL3425239,CHEMBL3421585,Fraction unbound in human plasma,15234914,unknown,human
CC(C)N(C)c1ccc([C@H]2C[C@@]3(C)[C@@H](CC[C@@]3(O)C#CC(C)(C)C)[C@@H]3CCC4=CC(=O)CC[C@@H]4[C@H]32)cc1,=,0.5760837328427963,,CHEMBL4151825,CHEMBL4145686,Unbound fraction in human plasma,18410149,unknown,human
CC(C)N(CCC(C(N)=O)(c1ccccc1)c1ccccn1)C(C)C,=,0.6432071606868136,,CHEMBL1043580,CHEMBL1156824,Fraction unbound in human plasma,2990724,unknown,human
CC(C)N1CCC(N(C(=O)Cc2ccccc2)c2ccc(Cl)cc2)CC1,=,0.6107650009699698,,CHEMBL1043580,CHEMBL1156824,Fraction unbound in human plasma,2990711,unknown,human
CC(C)N1CCC[C@H]1CNC(=O)c1cn(C2CCCC2)c(=O)c2c1c1ccccc1n2C,=,0.5971782547742522,,CHEMBL3388527,CHEMBL3351313,Fraction unbound in human plasma,15064957,unknown,human
CC(C)N1CCN(C(=O)C2CC23CCN(C2CCOCC2)CC3)CC1,=,1.4944032733621953,,CHEMBL3132254,CHEMBL3124793,Percentage unbound in human plasma,13957314,unknown,human
CC(C)NC(=O)[C@H](Nc1ccc2c(c1)CNC2)c1cc(Cl)cc2[nH]c(-c3ccccc3)nc12,=,-0.1982656506346964,,CHEMBL5674857,CHEMBL5674856,"Human plasma protein binding is determined by spiking test compound into plasma and dialyzing against buffer until equilibrium. Verapamil as test compound is used as reference. Peak areas of compound in both plasma and buffer are determined using HPLC-MS/MS and plasma protein-bound of compound is calculated. The assay has been performed by Enamine biological services, Bienta Ltd.",26265383,unknown,human
CC(C)NC(=O)c1cc(F)ccc1CNC(=O)c1nc(C(C)(C)C)n(C)c(=O)c1O,=,-0.7505149849490745,,CHEMBL927109,CHEMBL1144749,Fraction unbound in human plasma proteins after 1 hr,2159750,unknown,human
CC(C)NCC(O)COc1ccc(CC(N)=O)cc1,=,1.5333039245812323,,CHEMBL1043580,CHEMBL1156824,Fraction unbound in human plasma,2994975,unknown,human
CC(C)NCC(O)COc1ccc(CCOCC2CC2)cc1,=,1.1038072758825077,,CHEMBL1043580,CHEMBL1156824,Fraction unbound in human plasma,2992047,unknown,human
CC(C)NCC(O)COc1ccc(COCCOC(C)C)cc1,=,1.3555365003262276,,CHEMBL1043580,CHEMBL1156824,Fraction unbound in human plasma,2993355,unknown,human
CC(C)NCC(O)COc1cccc2[nH]ccc12,=,1.2905844754567892,,CHEMBL1043580,CHEMBL1156824,Fraction unbound in human plasma,2993248,unknown,human
CC(C)NCC(O)COc1cccc2ccccc12,=,0.5388312109918915,,CHEMBL1043580,CHEMBL1156824,Fraction unbound in human plasma,2990687,unknown,human
CC(C)NCC(O)COc1cccc2ccccc12,=,1.1295284993661605,,CHEMBL3738827,CHEMBL3734721,Fraction unbound in human plasma at 5 uM after 4.5 hrs by LC-MS/MS analysis,16387545,unknown,human
CC(C)NCC(O)COc1cccc2ccccc12,=,0.8553348916829864,,CHEMBL4179627,CHEMBL4177599,Fraction unbound in human plasma at 5 uM after 4 hrs by LC-MS/MS analysis,18457334,unknown,human
CC(C)NCC(O)c1ccc(NS(C)(=O)=O)cc1,=,1.3241088293633465,,CHEMBL1043580,CHEMBL1156824,Fraction unbound in human plasma,2993315,unknown,human
CC(C)NC[C@@H](C(=O)N1CCN(c2ncnc3c2[C@H](C)CC(=O)N3)CC1)c1ccc(Cl)cc1,=,1.228879492116001,,CHEMBL5168691,CHEMBL5154942,Plasma protein binding in human assessed as unbound fraction at 1 to 100 uM incubated for 16 hrs by UPLC-MS/MS analysis,24929643,unknown,human
CC(C)OC(=O)C(C)(C)NP(=O)(OC[C@H]1O[C@@H](n2ccc(=O)[nH]c2=O)[C@](Cl)(Br)[C@@H]1O)Oc1ccccc1,=,0.7374677051946791,,CHEMBL4610275,CHEMBL4609978,Unbound drug level in human plasma,20628303,unknown,human
CC(C)OC(=O)[C@H](C)N[P@](=O)(OC[C@H]1O[C@@H](n2ccc(=O)[nH]c2=O)[C@@](F)(Br)[C@@H]1O)Oc1ccccc1,=,1.1401613542288764,,CHEMBL4610275,CHEMBL4609978,Unbound drug level in human plasma,20628301,unknown,human
CC(C)OC(=O)[C@H](C)N[P@](=O)(OC[C@H]1O[C@@H](n2ccc(=O)[nH]c2=O)[C@](C)(F)[C@@H]1O)Oc1ccccc1,=,1.2756305413834117,,CHEMBL4610275,CHEMBL4609978,Unbound drug level in human plasma,20628299,unknown,human
CC(C)OC(=O)[C@H](C)N[P@](=O)(OC[C@H]1O[C@@H](n2ccc(=O)[nH]c2=O)[C@](Cl)(Br)[C@@H]1O)Oc1ccccc1,=,0.4683824413167973,,CHEMBL4610275,CHEMBL4609978,Unbound drug level in human plasma,20628300,unknown,human
CC(C)OC(=O)[C@H]1Cc2c([nH]c3ccccc23)[C@H](c2ccccc2)N1C(=O)CCl,=,-0.7026045584107611,,CHEMBL5376065,CHEMBL5375942,Unbound fraction in human plasma,25670232,unknown,human
CC(C)OC1CN(C(=O)N[C@@H]2CCCCc3cc(-c4ccnc(Nc5cnn(C)c5)n4)ccc32)C1,=,0.2276531964338244,,CHEMBL5043210,CHEMBL5042486,Protein binding in human plasma assessed as unbound fraction at 2 uM by rapid equilibrium dialysis method,24398567,unknown,human
CC(C)Oc1cc(-n2cnc3ccc(N[C@@H](C)c4ccc(F)cn4)nc32)n[nH]1,=,0.1501648857742756,,CHEMBL2154696,CHEMBL2150905,Fraction unbound in human plasma,12051543,unknown,human
CC(C)Oc1cc(-n2cnc3ccc(N[C@@H](CO)c4ccc(F)cn4)nc32)n[nH]1,=,0.3010211642947998,,CHEMBL2154696,CHEMBL2150905,Fraction unbound in human plasma,12051544,unknown,human
CC(C)Oc1cc(-n2cnc3cnc(N[C@@H](C)c4ncc(F)cn4)nc32)n[nH]1,=,0.9756782929543744,,CHEMBL2154696,CHEMBL2150905,Fraction unbound in human plasma,12051545,unknown,human
CC(C)Oc1cc(Nc2nc(N[C@@H](C)c3ccc(F)cn3)ncc2Cl)n[nH]1,=,0.2204202801798293,,CHEMBL1004780,CHEMBL1155933,Fraction unbound in human plasma,2561724,unknown,human
CC(C)Oc1cc(Nc2nc3c(cc2F)ncn3[C@@H](CO)c2ccc(F)cn2)n[nH]1,=,0.133123287443151,,CHEMBL2154696,CHEMBL2150905,Fraction unbound in human plasma,12051546,unknown,human
CC(C)Oc1cc2c(OC[C@@H]3CCC(=O)N3)nccc2cc1C(N)=O,=,0.9421539390478172,,CHEMBL4015953,CHEMBL4014327,Fraction unbound in human plasma,18073976,unknown,human
CC(C)Oc1cc2nn(C34COC(C)(C3)C4)cc2cc1C(=O)Nc1cccn([C@H]2C[C@H]2F)c1=O,=,-0.3274768277525433,,CHEMBL5638979,CHEMBL5634203,Plasma protein binding in human assessed as unbound fraction,26199918,unknown,human
CC(C)Oc1ccc(NC(=O)c2cc(N(C)Cc3ccc(F)cc3)ncn2)cc1,=,-2.3685762881584065,,CHEMBL4032614,CHEMBL4028901,Fraction unbound in human plasma at 5 uM pre-incubated for 1 hr by ultra-centrifugation and LC-MS/MS method,18147483,unknown,human
CC(C)Oc1nc2nc(C34COC(C)(C3)C4)cn2cc1C(=O)Nc1cccn(C2CC2)c1=O,=,0.0055531472707097,,CHEMBL5510260,CHEMBL5506029,Plasma protein binding in human assessed as unbound fraction incubated for 8 hrs by LC-MS/MS analysis,25861394,unknown,human
CC(C)Oc1nc2nn(C34COC(C)(C3)C4)cc2cc1C(=O)Nc1cccn([C@@H]2C[C@@H]2F)c1=O,=,-0.6303662067711566,,CHEMBL5638979,CHEMBL5634203,Plasma protein binding in human assessed as unbound fraction,26199917,unknown,human
CC(C)Oc1nc2nn(C34COC(C)(C3)C4)cc2cc1C(=O)Nc1cccn([C@H]2C[C@@H]2C)c1=O,=,-0.650556832739624,,CHEMBL5638979,CHEMBL5634203,Plasma protein binding in human assessed as unbound fraction,26199915,unknown,human
CC(C)Oc1nc2nn(C34COC(C)(C3)C4)cc2cc1C(=O)Nc1cccn([C@H]2C[C@H]2C)c1=O,=,-0.4020844485401025,,CHEMBL5638979,CHEMBL5634203,Plasma protein binding in human assessed as unbound fraction,26199914,unknown,human
CC(C)Oc1nc2nn(C34COC(C)(C3)C4)cc2cc1C(=O)Nc1cccn([C@H]2C[C@H]2F)c1=O,=,0.1451127929277073,,CHEMBL5638979,CHEMBL5634203,Plasma protein binding in human assessed as unbound fraction,26199916,unknown,human
CC(C)SCC(O/N=C(\C(=O)N[C@@H]1C(=O)N(OS(=O)(=O)O)C1(C)C)c1csc(N)n1)c1cc(=O)c(O)cn1O,=,-1.5350198452790742,,CHEMBL4010997,CHEMBL4007487,Fraction unbound in human plasma at 10 uM after 4 hrs by LC-MS/MS based rapid equilibrium dialysis method,18047150,unknown,human
CC(C)[C@@H](NC(=O)NCC(C)(C)O)C(=O)N1CC[C@](O)(c2ccc(Cl)cc2)C(C)(C)C1,=,0.7295926771865047,,CHEMBL3366929,CHEMBL3351798,Unbound fraction in human serum,15052687,unknown,human
CC(C)[C@@H](NC(=O)[C@@H]1CC[C@@H](O)C1)C(=O)N1CC[C@](O)(c2ccc(Cl)cc2)C(C)(C)C1,=,0.6432071606868136,,CHEMBL2398864,CHEMBL2396549,Fraction unbound in human serum,13351970,unknown,human
CC(C)[C@@H](Nc1ncnc2[nH]c(-c3cnn(C)c3C#N)cc12)c1ccc2c(n1)OCCO2,=,-1.0989455213580468,,CHEMBL5442324,CHEMBL5442321,"To determine the human plasma protein binding, the plasma is diluted to 50 % with pH 7.4 phosphate buffer and warmed to 37 C before adding test compounds achieving 5 uM concentration. The dialysis buffer is added to one side of the chamber of the RED device, and the incubation is initiated by the addition of 300 uL of the test compound protein solution to the opposing chamber. The samples are incubated for 4 hours. Equal volumes from the buffer and the plasma chambers are transferred into separate wells. 50 uL of 50 % blank plasma are added to the buffer samples, and 50 uL of buffer are added to the 50 % plasma samples to ensure matrix matching of samples from both the free and bound fractions. Acetonitrile containing internal standard are added to precipitate the protein. The supernatants are analyzed by LC-MS/MS and the results are calculated. The assay has been performed by Concept Life Sciences Ltd.",25749725,unknown,human
CC(C)[C@@H](Nc1ncnc2[nH]c(C(=O)N[C@@H]3CCN(C)C3)cc12)c1ccc2c(c1)S(=O)(=O)CCC2,=,0.8930286826246755,,CHEMBL5442324,CHEMBL5442321,"To determine the human plasma protein binding, the plasma is diluted to 50 % with pH 7.4 phosphate buffer and warmed to 37 C before adding test compounds achieving 5 uM concentration. The dialysis buffer is added to one side of the chamber of the RED device, and the incubation is initiated by the addition of 300 uL of the test compound protein solution to the opposing chamber. The samples are incubated for 4 hours. Equal volumes from the buffer and the plasma chambers are transferred into separate wells. 50 uL of 50 % blank plasma are added to the buffer samples, and 50 uL of buffer are added to the 50 % plasma samples to ensure matrix matching of samples from both the free and bound fractions. Acetonitrile containing internal standard are added to precipitate the protein. The supernatants are analyzed by LC-MS/MS and the results are calculated. The assay has been performed by Concept Life Sciences Ltd.",25749777,unknown,human
CC(C)[C@@H]1NC(=O)C(C)(C)/C=C/c2cc3cc(ccc3cn2)[C@@H](C)OC(=O)[C@@H]2CCCN(N2)C(=O)[C@H](C)NC1=O,=,0.7024142200886537,,CHEMBL4157516,CHEMBL4152348,Unbound fraction in human plasma at 2 uM at pH 7.4 by LC/MS/MS analysis,18441380,unknown,human
CC(C)[C@@H]1NC(=O)C(C)(C)/C=C/c2ccc3ccc(nc3c2)[C@@H](C)OC(=O)[C@@H]2CCCN(N2)C(=O)[C@H](C)NC1=O,=,0.7295926771865047,,CHEMBL4157516,CHEMBL4152348,Unbound fraction in human plasma at 2 uM at pH 7.4 by LC/MS/MS analysis,18441379,unknown,human
CC(C)[C@@H]1NC(=O)C/C=C/c2cc3cc(ccc3cn2)[C@@H](C)OC(=O)[C@@H]2CCCN(N2)C(=O)[C@H](C)NC1=O,=,0.9916376970957856,,CHEMBL4157516,CHEMBL4152348,Unbound fraction in human plasma at 2 uM at pH 7.4 by LC/MS/MS analysis,18441376,unknown,human
CC(C)[C@@H]1NC(=O)C/C=C/c2ccc3ccc(cc3c2)[C@@H](C)OC(=O)[C@@H]2CCCN(N2)C(=O)[C@H](C)NC1=O,=,0.0585156666555915,,CHEMBL4157516,CHEMBL4152348,Unbound fraction in human plasma at 2 uM at pH 7.4 by LC/MS/MS analysis,18441377,unknown,human
CC(C)[C@@H]1NC(=O)C/C=C/c2ccc3ccc(nc3c2)[C@@H](C)OC(=O)[C@@H]2CCCN(N2)C(=O)[C@H](C)NC1=O,=,1.1038072758825077,,CHEMBL4157516,CHEMBL4152348,Unbound fraction in human plasma at 2 uM at pH 7.4 by LC/MS/MS analysis,18441378,unknown,human
CC(C)[C@@H]1NC(=O)CC/C=C/c2cc3cc(ccc3cn2)[C@@H](C)OC(=O)[C@@H]2CCCN(N2)C(=O)[C@H](C)NC1=O,=,0.4985954221832476,,CHEMBL4157516,CHEMBL4152348,Unbound fraction in human plasma at 2 uM at pH 7.4 by LC/MS/MS analysis,18441375,unknown,human
CC(C)[C@@H]1OC(=O)C(C)(C)/C=C/c2cc3cc(ccc3cn2)[C@@H](C)NC(=O)[C@@H]2CCCN(N2)C(=O)[C@H](C)NC1=O,=,0.8256321338790893,,CHEMBL4157516,CHEMBL4152348,Unbound fraction in human plasma at 2 uM at pH 7.4 by LC/MS/MS analysis,18441382,unknown,human
CC(C)[C@@H]1OC(=O)C(C)(C)/C=C/c2ccc3ccc(nc3c2)[C@@H](C)NC(=O)[C@@H]2CCCN(N2)C(=O)[C@H](C)NC1=O,=,0.3864258433965256,,CHEMBL4157516,CHEMBL4152348,Unbound fraction in human plasma at 2 uM at pH 7.4 by LC/MS/MS analysis,18441381,unknown,human
CC(C)[C@@H]1OC(=O)C(CO)(CO)/C=C/c2ccc3ccc(nc3c2)[C@@H](C)NC(=O)[C@@H]2CCCN(N2)C(=O)[C@H](C)NC1=O,=,1.3555365003262276,,CHEMBL4157516,CHEMBL4152348,Unbound fraction in human plasma at 2 uM at pH 7.4 by LC/MS/MS analysis,18441390,unknown,human
CC(C)[C@@H]1OC(=O)C2(/C=C/c3ccc4ccc(nc4c3)[C@@H](C)NC(=O)[C@@H]3CCCN(N3)C(=O)[C@H](C)NC1=O)CCC(O)CC2,=,1.022112421788494,,CHEMBL4157516,CHEMBL4152348,Unbound fraction in human plasma at 2 uM at pH 7.4 by LC/MS/MS analysis,18441384,unknown,human
CC(C)[C@@H]1OC(=O)C2(/C=C/c3ccc4ccc(nc4c3)[C@@H](C)NC(=O)[C@@H]3CCCN(N3)C(=O)[C@H](C)NC1=O)CCOCC2,=,0.9245142692517684,,CHEMBL4157516,CHEMBL4152348,Unbound fraction in human plasma at 2 uM at pH 7.4 by LC/MS/MS analysis,18441387,unknown,human
CC(C)[C@@H]1OC(=O)C2(/C=C/c3ccc4ccc(nc4c3)[C@@H](C)NC(=O)[C@@H]3CCCN(N3)C(=O)[C@H](C)NC1=O)CCS(=O)(=O)CC2,=,1.2259312196939005,,CHEMBL4157516,CHEMBL4152348,Unbound fraction in human plasma at 2 uM at pH 7.4 by LC/MS/MS analysis,18441388,unknown,human
CC(C)[C@@H]1OC(=O)C2(/C=C/c3ccc4ccc(nc4c3)[C@@H](C)NC(=O)[C@@H]3CCCN(N3)C(=O)[C@H](C)NC1=O)COCCOC2,=,1.2356922838098356,,CHEMBL4157516,CHEMBL4152348,Unbound fraction in human plasma at 2 uM at pH 7.4 by LC/MS/MS analysis,18441389,unknown,human
CC(C)[C@@H]1OC(=O)C2(/C=C/c3ccc4ccc(nc4c3)[C@@H](C)NC(=O)[C@@H]3CCCN(N3)C(=O)[C@H](C)NC1=O)COCOC2,=,1.1162197338589677,,CHEMBL4157516,CHEMBL4152348,Unbound fraction in human plasma at 2 uM at pH 7.4 by LC/MS/MS analysis,18441383,unknown,human
CC(C)[C@H](NC(=O)c1ccc2ccccc2c1)C(=O)N1[C@H]2CC[C@](O)(CC2)[C@H]1C(=O)N[C@H]1CC(=O)OC1O,=,0.4985954221832476,,CHEMBL4186382,CHEMBL4184170,Fraction unbound in human plasma at 5 uM after 4 hrs by LC-MS/MS-based equilibrium dialysis method,18486523,unknown,human
CC(C)[C@H](Nc1ncnc2[nH]c(-c3cnn(C)c3C#N)cc12)c1ccc2c(n1)OCCO2,=,-1.0989455213580468,,CHEMBL5442324,CHEMBL5442321,"To determine the human plasma protein binding, the plasma is diluted to 50 % with pH 7.4 phosphate buffer and warmed to 37 C before adding test compounds achieving 5 uM concentration. The dialysis buffer is added to one side of the chamber of the RED device, and the incubation is initiated by the addition of 300 uL of the test compound protein solution to the opposing chamber. The samples are incubated for 4 hours. Equal volumes from the buffer and the plasma chambers are transferred into separate wells. 50 uL of 50 % blank plasma are added to the buffer samples, and 50 uL of buffer are added to the 50 % plasma samples to ensure matrix matching of samples from both the free and bound fractions. Acetonitrile containing internal standard are added to precipitate the protein. The supernatants are analyzed by LC-MS/MS and the results are calculated. The assay has been performed by Concept Life Sciences Ltd.",25749705,unknown,human
CC(C)[C@H](Nc1ncnc2[nH]ccc12)c1ccc2c(c1)S(=O)(=O)CCC2,=,0.5902446413019317,,CHEMBL5442324,CHEMBL5442321,"To determine the human plasma protein binding, the plasma is diluted to 50 % with pH 7.4 phosphate buffer and warmed to 37 C before adding test compounds achieving 5 uM concentration. The dialysis buffer is added to one side of the chamber of the RED device, and the incubation is initiated by the addition of 300 uL of the test compound protein solution to the opposing chamber. The samples are incubated for 4 hours. Equal volumes from the buffer and the plasma chambers are transferred into separate wells. 50 uL of 50 % blank plasma are added to the buffer samples, and 50 uL of buffer are added to the 50 % plasma samples to ensure matrix matching of samples from both the free and bound fractions. Acetonitrile containing internal standard are added to precipitate the protein. The supernatants are analyzed by LC-MS/MS and the results are calculated. The assay has been performed by Concept Life Sciences Ltd.",25749685,unknown,human
CC(C)[C@H](O/N=C(\C(=O)N[C@@H]1C(=O)N(OS(=O)(=O)O)C1(C)C)c1csc(N)n1)c1cc(=O)c(O)cn1O,=,-1.4086893580332165,,CHEMBL4010997,CHEMBL4007487,Fraction unbound in human plasma at 10 uM after 4 hrs by LC-MS/MS based rapid equilibrium dialysis method,18047156,unknown,human
CC(C)[C@H](O/N=C(\C(=O)N[C@@H]1C(=O)N(OS(=O)(=O)O)C1(C)C)c1nc(N)sc1Cl)c1cc(=O)c(O)cn1O,=,-1.489290242148187,,CHEMBL4010997,CHEMBL4007487,Fraction unbound in human plasma at 10 uM after 4 hrs by LC-MS/MS based rapid equilibrium dialysis method,18047158,unknown,human
CC(C)[C@H](O/N=C(\C(=O)N[C@@H]1C(=O)N(OS(=O)(=O)O)C1(C)C)c1nsc(N)n1)c1cc(=O)c(O)cn1O,=,-1.4086893580332165,,CHEMBL4010997,CHEMBL4007487,Fraction unbound in human plasma at 10 uM after 4 hrs by LC-MS/MS based rapid equilibrium dialysis method,18047160,unknown,human
CC(C)[C@H]1CC[C@H](C(=O)N[C@H](Cc2ccccc2)C(=O)O)CC1,=,-0.2153072489658211,,CHEMBL1043580,CHEMBL1156824,Fraction unbound in human plasma,2990510,unknown,human
CC(C)c1c(C(=O)Nc2ccccc2)c(-c2ccccc2)c(-c2ccc(F)cc2)n1CC[C@@H](O)C[C@@H](O)CC(=O)O,=,-2.2790259405940807,,CHEMBL4702833,CHEMBL4699523,Fraction unbound in human plasma,22763444,unknown,human
CC(C)c1c(F)ccc2c1CC(=O)NS(=O)(=O)c1cn(nc1F)C(C)(C)COc1cc-2ccn1,=,-0.331829054134549,,CHEMBL6086822,CHEMBL6083285,Protein binding in human plasma assessed as unbound fraction at 5 uM incubated for 4 hrs by UPLC-MS analysis,29105111,unknown,human
CC(C)c1c2cc(-c3nc(Nc4ccc(N5CCNCC5)cn4)ncc3F)ccc2nn1C,=,0.2947766242778414,,CHEMBL5551352,CHEMBL5550128,Plasma protein in human assessed as unbound fraction,25994075,unknown,human
CC(C)c1cc(CNC(=O)c2ccc(Cl)c(OC3CCN(C)CC3)c2)on1,=,0.9756782929543744,,CHEMBL3860693,CHEMBL3860045,Fraction unbound in human plasma after 4 hrs by LC-MS/MS based equilibrium dialysis method,16754094,unknown,human
CC(C)c1cc(F)cc2c1CC(=O)NS(=O)(=O)c1cnn(c1)C(C)(C)COc1cc-2ccn1,=,0.0274122001586224,,CHEMBL6086822,CHEMBL6083285,Protein binding in human plasma assessed as unbound fraction at 5 uM incubated for 4 hrs by UPLC-MS analysis,29105109,unknown,human
CC(C)c1cc(N2CC[C@@H](N)C2)nc(N)n1,=,1.458482352308438,,CHEMBL3241477,CHEMBL3232922,Fraction unbound in human plasma,14589273,unknown,human
CC(C)c1ccc(Cc2cc([C@@H]3S[C@H](CO)[C@@H](O)[C@H](O)[C@H]3O)ccc2Cl)cc1,=,-1.3557268386483343,,CHEMBL1109858,CHEMBL1156151,Fraction unbound in human serum at 1 ug/ml,3257613,unknown,human
CC(C)c1ccc(S(C)(=O)=O)cc1C#Cc1cc(Cl)ccc1OCC(=O)O,=,-1.3557268386483343,,CHEMBL1920742,CHEMBL1914440,Percentage unbound in human plasma,7923171,unknown,human
CC(C)c1ccc([C@](O)(c2cccc(-c3noc(C(C)(C)O)n3)c2)C2(C)CN(C)C2)cc1,=,1.0366838480384906,,CHEMBL5510858,CHEMBL5506042,Fraction unbound in human plasma at 1 uM by rapid equilibrium dialysis based LC-MS/MS analysis,25863715,unknown,human
CC(C)c1cccc(C(C)C)c1O,=,-0.5466961870436686,,CHEMBL3533033,CHEMBL3526056,Fraction unbound in human plasma,15470065,unknown,human
CC(C)c1cccc2c1CC(=O)NS(=O)(=O)c1cnn(c1)C1(CCOCC1)COc1cc-2ccn1,=,-0.0291281208564636,,CHEMBL6086822,CHEMBL6083285,Protein binding in human plasma assessed as unbound fraction at 5 uM incubated for 4 hrs by UPLC-MS analysis,29105110,unknown,human
CC(C)c1csc(NC(=O)C2c3ccccc3Oc3ccccc32)n1,=,-1.9079761729627127,,CHEMBL3804549,CHEMBL3797099,Fraction unbound in human plasma,16566248,unknown,human
CC(C)c1nc(N(C)S(C)(=O)=O)nc(-c2ccc(F)cc2)c1/C=C/[C@@H](O)C[C@@H](O)CC(=O)O,=,0.4985954221832476,,CHEMBL1043580,CHEMBL1156824,Fraction unbound in human plasma,2990672,unknown,human
CC(C)c1nc(N(C)S(C)(=O)=O)nc(-c2ccc(F)cc2)c1/C=C/[C@@H](O)C[C@@H](O)CC(=O)O,=,0.6736818853795221,,CHEMBL1787325,CHEMBL1781963,Fraction unbound in human plasma at 0.5 ug/ml,6231676,unknown,human
CC(C)c1nc(N(C)S(C)(=O)=O)nc(-c2ccc(F)cc2)c1/C=C/[C@@H](O)C[C@@H](O)CC(=O)O,=,-1.678038305089118,,CHEMBL4702833,CHEMBL4699523,Fraction unbound in human plasma,22763469,unknown,human
CC(C)c1nc(N2CCN(c3ncc(OCc4ccncc4C#N)cn3)[C@H](C)C2)no1,=,-0.6186299770217468,,CHEMBL2089929,CHEMBL2086249,Fraction unbound in human plasma,11018918,unknown,human
CC(C)c1nc(N2CCN(c3ncc(OCc4ccncc4C#N)cn3)[C@H](C)C2)no1,=,-0.6186299770217468,,CHEMBL3225865,CHEMBL3217702,Fraction unbound in human plasma,14526634,unknown,human
CC(C)c1nnc(N2CCN(c3ncc(OCc4ccncc4C#N)cn3)[C@H](C)C2)o1,=,0.2347835146658341,,CHEMBL3225865,CHEMBL3217702,Fraction unbound in human plasma,14526638,unknown,human
CC(C)c1noc(-c2cc(Cl)nc(Oc3cccc(NS(=O)(=O)c4ccc(Cl)cc4)c3)c2)n1,=,-0.8626845637357965,,CHEMBL3118582,CHEMBL3112422,Percentage unbound in human plasma by ultracentrifugation method,13904754,unknown,human
CC(C)c1noc(N2CCN(c3ncc(OCc4ccncc4C#N)cn3)[C@H](C)C2)n1,=,-0.4550469679249845,,CHEMBL3225865,CHEMBL3217702,Fraction unbound in human plasma,14526636,unknown,human
CC(C)n1c(/C=C/C(O)CC(O)CC(=O)O)c(-c2ccc(F)cc2)c2ccccc21,=,-0.8690076534844521,,CHEMBL1043580,CHEMBL1156824,Fraction unbound in human plasma,2990467,unknown,human
CC(C)n1c(/C=C/C(O)CC(O)CC(=O)O)c(-c2ccc(F)cc2)c2ccccc21,=,-3.106259950993764,,CHEMBL4702833,CHEMBL4699523,Fraction unbound in human plasma,22763450,unknown,human
CC(C)n1c(=O)n(C)c2cnc3cc(F)c(-c4ccc(OCCCN(C)C)nc4)cc3c21,=,0.9916376970957856,,CHEMBL5529690,CHEMBL5528042,Plasma protein binding in human assessed as unbound fraction incubated for 16 hrs by equilibrium dialysis based UPLC-MS/MS analysis,25926730,unknown,human
CC(C)n1c(=O)n(C)c2cnc3cc(F)c(-c4ccc(OCCCN5CCCCC5)nc4)cc3c21,=,0.8872617474008635,,CHEMBL5529690,CHEMBL5528042,Plasma protein binding in human assessed as unbound fraction incubated for 16 hrs by equilibrium dialysis based UPLC-MS/MS analysis,25926731,unknown,human
CC(C)n1c(=O)n(C)c2cnc3ccc(-c4ccc(N5CC[C@@H](N(C)C)C5)nc4)cc3c21,=,0.2276531964338244,,CHEMBL5529690,CHEMBL5528042,Plasma protein binding in human assessed as unbound fraction incubated for 16 hrs by equilibrium dialysis based UPLC-MS/MS analysis,25926729,unknown,human
CC(C)n1cc(S(=O)(=O)c2ccc(CNC(=O)c3cc4ccncc4o3)nc2)cn1,=,0.4985954221832476,,CHEMBL3395025,CHEMBL3393056,Fraction unbound in human plasma,15146601,unknown,human
CC(C)n1cc2c(C(=O)Nc3ccc4c(c3)CNC4)cc(Cl)cc2n1,=,0.5760837328427963,,CHEMBL5674857,CHEMBL5674856,"Human plasma protein binding is determined by spiking test compound into plasma and dialyzing against buffer until equilibrium. Verapamil as test compound is used as reference. Peak areas of compound in both plasma and buffer are determined using HPLC-MS/MS and plasma protein-bound of compound is calculated. The assay has been performed by Enamine biological services, Bienta Ltd.",26265403,unknown,human
CC(C)n1cnc(-c2ccc(F)cc2)c1-c1nc(C(=O)Nc2ccc(N3CCN(C)CC3)cc2)c[nH]1,=,-0.135348766225144,,CHEMBL6130671,CHEMBL6127114,Plasma protein binding in human assessed as unbound fraction at 0.1 to 10 uM incubated for 4 hrs by LC-MS/MS analysis,29240319,unknown,human
CC(C)n1cnnc1-c1cccc(NC(=O)c2ccccc2F)n1,=,0.8100955636392152,,CHEMBL4324216,CHEMBL4321844,Unbound fraction in human plasma at 1 uM incubated for 4 hrs by rapid equilibrium dialysis method,18924409,unknown,human
CC(C)n1nc2c(c1-c1ccc(F)cc1)CCNCC2,=,0.9591955373789416,,CHEMBL4677338,CHEMBL4673280,Protein binding in human plasma assessed as unbound fraction,22434553,unknown,human
CC(C)n1ncc(C(=O)N[C@@H](Cc2ccc(OC(F)(F)F)c(Cl)c2)C(=O)NC2(C#N)CC2)n1,=,0.3108538300071771,,CHEMBL4049117,CHEMBL4043300,Unbound fraction in human plasma,18227284,unknown,human
CC(CC(c1ccccc1)c1ccccc1)NC(C)(C)C,=,0.2947766242778414,,CHEMBL1043580,CHEMBL1156824,Fraction unbound in human plasma,2990582,unknown,human
CC(COc1ccn(-c2ccc(F)cc2)c(=O)c1)Oc1ccccc1,=,0.4069462030645636,,CHEMBL4134046,CHEMBL4130451,Fraction unbound in human plasma at 5 uM after 4 hrs by equilibrium dialysis based LC/MS/MS analysis,18319799,unknown,human
CC(F)(F)c1noc2cc(Nc3n[nH]c4cccnc34)ccc12,=,-1.3557268386483343,,CHEMBL4310042,CHEMBL4308847,Fraction unbound in human plasma after 4 hrs by equilibrium dialysis method,18871300,unknown,human
CC(Nc1ccc(F)c(F)c1)c1cc(C(=O)N(C)C)cn2c(=O)cc(N3CCOCC3)nc12,=,0.5760837328427963,,CHEMBL3366873,CHEMBL3351561,Fraction unbound in human plasma,15063419,unknown,human
CC(Nc1ccc(F)cc1)c1cc(C(=O)N(C)C)cn2c(=O)cc(N3CCOCC3)nc12,=,0.7799025307482025,,CHEMBL3366873,CHEMBL3351561,Fraction unbound in human plasma,15063418,unknown,human
CC(Nc1cccc(Cl)c1F)c1cc(C(=O)NCCN(C)C)cn2c(=O)cc(N3CCOCC3)nc12,=,-0.1503552240963827,,CHEMBL3366873,CHEMBL3351561,Fraction unbound in human plasma,15063417,unknown,human
CC(Nc1ncnc2[nH]cnc12)c1ccc2cccnc2c1-c1cccc(F)c1,=,0.4069462030645636,,CHEMBL4410901,CHEMBL4406913,Fractional unbound in human plasma,19290412,unknown,human
CC(O)(Cc1nc(CC2(C(F)(F)F)CC2)c[nH]1)c1ccc(-n2cccn2)cc1,=,-0.1658234909178525,,CHEMBL1680291,CHEMBL1671827,Faction unbound in human plasma at 1 uM,5207975,unknown,human
CC(O)c1cn(CCNc2nonc2/C(=N/O)Nc2ccc(F)c(Br)c2)nn1,=,-0.4226048082081405,,CHEMBL5058021,CHEMBL5055685,Protein binding in human plasma assessed as fraction unbound by equilibrium dialysis,24518481,unknown,human
CC(O/N=C(\C(=O)N[C@@H]1C(=O)N(OS(=O)(=O)O)C1(C)C)c1csc(N)n1)c1cc(=O)c(O)cn1O,=,-1.198702642168309,,CHEMBL4010997,CHEMBL4007487,Fraction unbound in human plasma at 10 uM after 4 hrs by LC-MS/MS based rapid equilibrium dialysis method,18047181,unknown,human
CC(O/N=C(\C(=O)N[C@@H]1C(=O)N(OS(=O)(=O)O)C1(C)C)c1nc(N)sc1Cl)c1cc(=O)c(O)cn1O,=,-1.5595456365537408,,CHEMBL4010997,CHEMBL4007487,Fraction unbound in human plasma at 10 uM after 4 hrs by LC-MS/MS based rapid equilibrium dialysis method,18047152,unknown,human
CC(O/N=C(\C(=O)N[C@@H]1C(=O)N(OS(=O)(=O)O)C1(C)C)c1nsc(N)n1)c1cc(=O)c(O)cn1O,=,-1.2503047303927313,,CHEMBL4010997,CHEMBL4007487,Fraction unbound in human plasma at 10 uM after 4 hrs by LC-MS/MS based rapid equilibrium dialysis method,18047153,unknown,human
CC(Oc1cc(C(=O)O)cc2sc(NC(=O)c3[nH]c(CN)c(Cl)c3Cl)nc12)c1ccccc1,=,-0.6264236061135469,,CHEMBL5318799,CHEMBL5316317,Plasma protein binding in human assessed as free fraction measured after 4 hrs by LC-MS/MS analysis,25451291,unknown,human
CC/C(=C(/c1ccc(/C=C/C(=O)O)cc1)c1[nH]c2ccccc2c1Cl)c1ccc(F)cc1Cl,=,0.0684700316802619,,CHEMBL5147640,CHEMBL5143670,Protein binding in human plasma assessed as free fraction,24849758,unknown,human
CC1(C#N)CN(c2cc(COc3ccc(F)c(F)c3F)nc(-c3ccccn3)n2)C1,=,0.0379953069875534,,CHEMBL3744113,CHEMBL3739339,Fraction unbound in human plasma,16403290,unknown,human
CC1(C)CC(=O)c2c(C(F)(F)F)nn(-c3ccc(C(N)=O)c(N[C@H]4CC[C@H](O)CC4)c3)c2C1,=,0.213081770183828,,CHEMBL2212187,CHEMBL2203093,Fraction unbound at human plasma,12178088,unknown,human
CC1(C)CCC[C@H]1Nc1c(C(N)=O)cnn2cccc12,=,-0.4278685108271337,,CHEMBL3377602,CHEMBL3352641,Fraction unbound in human serum,14985925,unknown,human
CC1(C)CC[C@H](Nc2ncc(C(F)(F)F)c(-c3c[nH]c4c(P(C)(C)=O)c(C#N)ccc34)n2)CN1,=,0.5832140510748063,,CHEMBL6096172,CHEMBL6092221,Plasma protein binding in human assessed as unbound fraction,29135401,unknown,human
CC1(C)CCn2nc(COc3ccccc3)cc2C1=O,=,0.4069462030645636,,CHEMBL3375003,CHEMBL3351812,Fraction unbound in human plasma,15024127,unknown,human
CC1(C)CN2C(CS/C(=N\C3CCCCC3)NC3CCCCC3)=CSC2=N1,=,0.7553767394735358,,CHEMBL958160,CHEMBL1151747,Fraction unbound in human serum,2578218,unknown,human
CC1(C)Cc2c(ccc3[nH]ncc23)[C@@H](c2ccc(NC3CN(CCCF)C3)cn2)N1CC(F)(F)F,=,0.5760837328427963,,CHEMBL4676151,CHEMBL4673245,Fraction unbound in human plasma by equilibrium dialysis method,22429990,unknown,human
CC1(C)Cc2c(ccc3[nH]ncc23)[C@@H](c2ccc(NC3CN(CCCF)C3)cn2)N1CC(F)F,=,0.8032871660118494,,CHEMBL4676151,CHEMBL4673245,Fraction unbound in human plasma by equilibrium dialysis method,22429991,unknown,human
CC1(C)OC(=O)c2ccc(Nc3ncc(-c4nc(C56CCN(CC5)CC6)no4)c(N[C@H](CO)c4ccccc4)n3)cc21,=,-0.1658234909178525,,CHEMBL4689496,CHEMBL4680358,Protein binding in human plasma assessed as free fraction,22489973,unknown,human
CC1(C)OC(=O)c2ccc(Nc3ncc(-c4nnc(C56CCN(CC5)CC6)o4)c(N[C@H](CO)c4ccccc4)n3)cc21,=,0.1501648857742756,,CHEMBL4689496,CHEMBL4680358,Protein binding in human plasma assessed as free fraction,22489977,unknown,human
CC1(C)OC(=O)c2ccc(Nc3ncc(-c4nnc(C5CC5)o4)c(N[C@H](CO)c4ccccc4)n3)cc21,=,-0.8626845637357965,,CHEMBL4689496,CHEMBL4680358,Protein binding in human plasma assessed as free fraction,22489975,unknown,human
CC1(C)OC(=O)c2ccc(Nc3ncc(-c4nnco4)c(N[C@H](CO)c4ccccc4)n3)cc21,=,-0.2701994406127747,,CHEMBL4689496,CHEMBL4680358,Protein binding in human plasma assessed as free fraction,22489978,unknown,human
CC1(C)Oc2ncnc(N)c2N=C1c1ccc(C23CCC(CC(=O)O)(CC2)CC3)cc1,=,-0.7505149849490745,,CHEMBL1011624,CHEMBL1152806,Fraction unbound in human plasma by LC-UVMS,2607981,unknown,human
CC1(C)S[C@@H]2[C@H](NC(=O)COc3ccccc3)C(=O)N2[C@H]1C(=O)O,=,1.163014335284348,,CHEMBL1043580,CHEMBL1156824,Fraction unbound in human plasma,2992080,unknown,human
CC1(C)S[C@@H]2[C@H](NC(=O)[C@H](N)c3ccc(O)cc3)C(=O)N2[C@H]1C(=O)O,=,1.482712536984188,,CHEMBL1043580,CHEMBL1156824,Fraction unbound in human plasma,2994728,unknown,human
CC1(C)S[C@@H]2[C@H](NC(=O)[C@H](N)c3ccccc3)C(=O)N2[C@H]1C(=O)O,=,1.482712536984188,,CHEMBL1043580,CHEMBL1156824,Fraction unbound in human plasma,2994729,unknown,human
CC1(C)[C@@H](N)CC[C@H]1Nc1c(C(N)=O)cnn2cccc12,=,1.1517177024208214,,CHEMBL3377602,CHEMBL3352641,Fraction unbound in human serum,14985928,unknown,human
CC1(C)[C@H](NC(=O)/C(=N\OC(CO)c2cc(=O)c(O)cn2O)c2csc(N)n2)C(=O)N1OS(=O)(=O)O,=,-1.0157448877846935,,CHEMBL4010997,CHEMBL4007487,Fraction unbound in human plasma at 10 uM after 4 hrs by LC-MS/MS based rapid equilibrium dialysis method,18047192,unknown,human
CC1(C)[C@H](NC(=O)/C(=N\OC(CS(C)(=O)=O)c2cc(=O)c(O)cn2O)c2csc(N)n2)C(=O)N1OS(=O)(=O)O,=,-0.9748541425225188,,CHEMBL4010997,CHEMBL4007487,Fraction unbound in human plasma at 10 uM after 4 hrs by LC-MS/MS based rapid equilibrium dialysis method,18047151,unknown,human
CC1(C)[C@H](NC(=O)/C(=N\OC(c2cc(=O)c(O)cn2O)C2CC2)c2csc(N)n2)C(=O)N1OS(=O)(=O)O,=,-1.223841830721007,,CHEMBL4010997,CHEMBL4007487,Fraction unbound in human plasma at 10 uM after 4 hrs by LC-MS/MS based rapid equilibrium dialysis method,18047184,unknown,human
CC1(C)[C@H](NC(=O)/C(=N\OCc2cc(=O)c(O)cn2O)c2csc(N)n2)C(=O)N1OS(=O)(=O)O,=,-1.1300489878550155,,CHEMBL4010997,CHEMBL4007487,Fraction unbound in human plasma at 10 uM after 4 hrs by LC-MS/MS based rapid equilibrium dialysis method,18047180,unknown,human
CC1(C)[C@H](Nc2c(C(N)=O)cnn3cccc23)CC[C@@]1(C)N,=,1.2356922838098356,,CHEMBL3377602,CHEMBL3352641,Fraction unbound in human serum,14985929,unknown,human
CC1(C)[C@H](Nc2c(C(N)=O)cnn3cccc23)CC[C@@]1(C)O,=,0.6432071606868136,,CHEMBL3377602,CHEMBL3352641,Fraction unbound in human serum,14985927,unknown,human
CC1(C)[C@H](Nc2c(C(N)=O)cnn3cccc23)CC[C@]1(C)N,=,1.2356922838098356,,CHEMBL3377602,CHEMBL3352641,Fraction unbound in human serum,14985930,unknown,human
CC1(C)[C@H](O)CC[C@H]1Nc1c(C(N)=O)cnn2cccc12,=,0.6736818853795221,,CHEMBL3377602,CHEMBL3352641,Fraction unbound in human serum,14985926,unknown,human
CC1(NC(=O)c2ccc(C#Cc3cccc(F)c3)cn2)COC1,=,-0.1207773399751477,,CHEMBL2433745,CHEMBL2429814,Fraction unbound in human plasma by equilibrium dialysis method,13459002,unknown,human
CC1(c2nc(C(=O)NCc3ccc(F)cc3)c(O)c(=O)[nH]2)CCCCN1,=,0.9421539390478172,,CHEMBL1060103,CHEMBL1154041,Fraction unbound in human plasma at pH7.4 after 1 hr by ultrafiltration method,2725837,unknown,human
CC1=C(C(=O)O)N2C(=O)[C@@H](NC(=O)[C@H](N)C3=CCC=CC3)[C@H]2SC1,=,1.538623328791171,,CHEMBL1043580,CHEMBL1156824,Fraction unbound in human plasma,2996171,unknown,human
CC1=C(C(=O)O)N2C(=O)[C@@H](NC(=O)[C@H](N)c3ccc(O)cc3)[C@H]2SC1,=,1.0910805453062695,,CHEMBL1043580,CHEMBL1156824,Fraction unbound in human plasma,2992016,unknown,human
CC1=C(C(=O)O)N2C(=O)[C@@H](NC(=O)[C@H](N)c3ccccc3)[C@H]2SC1,=,1.482712536984188,,CHEMBL1043580,CHEMBL1156824,Fraction unbound in human plasma,2994730,unknown,human
CC1=C(O)CC(Cc2ccccc2)C1=O,=,0.45895272384966,,CHEMBL3801196,CHEMBL3797172,Percentage unbound in human plasma at 5 uM after 6 hrs by equilibrium dialysis method,16560858,unknown,human
CC1=Nc2ccc(Cl)cc2S(=O)(=O)N1,=,0.1501648857742756,,CHEMBL1043580,CHEMBL1156824,Fraction unbound in human plasma,2990566,unknown,human
CC1CCCC(C)N1CCCC(O)(c1ccccc1)c1ccccn1,=,0.5388312109918915,,CHEMBL1043580,CHEMBL1156824,Fraction unbound in human plasma,2990685,unknown,human
CC1CN(C(=O)c2nsc3cc(Nc4n[nH]c5cccnc45)ccc23)CC(C)O1,=,-0.6186299770217468,,CHEMBL4310042,CHEMBL4308847,Fraction unbound in human plasma after 4 hrs by equilibrium dialysis method,18871312,unknown,human
CC1CN(c2ccncc2NC(=O)c2ccnn3cc(-c4ccccc4)nc23)CCO1,=,-0.8626845637357965,,CHEMBL5252028,CHEMBL5247659,Plasma protein binding in human assessed as unbound fraction at 10 uM measured for 5 hrs by equilibrium dialysis based LC-MS/MS analysis,25067307,unknown,human
CC1CN(c2ccncc2NC(=O)c2ccnn3cc(C4CC4)nc23)CCO1,=,-0.5466961870436686,,CHEMBL5252028,CHEMBL5247659,Plasma protein binding in human assessed as unbound fraction at 10 uM measured for 5 hrs by equilibrium dialysis based LC-MS/MS analysis,25067306,unknown,human
CC1CN2c3c(cc4c(C(C)(C)C)noc4c3F)CC3(C(=O)NC(=O)NC3=O)C2C(C)O1,=,-0.0291281208564636,,CHEMBL3389961,CHEMBL3352584,Fraction unbound in human plasma at 10 uM after 16 hrs by LC-MS/MS analysis,15068676,unknown,human
CC1CN2c3c(cc4c(C5CC5)noc4c3F)CC3(C(=O)NC(=O)NC3=O)C2C(C)O1,=,0.0782310957961973,,CHEMBL3389961,CHEMBL3352584,Fraction unbound in human plasma at 10 uM after 16 hrs by LC-MS/MS analysis,15068687,unknown,human
CC1COc2c(N3CCN(C)CC3)c(F)cc3c(=O)c(C(=O)O)cn1c23,=,1.419795652574636,,CHEMBL1043580,CHEMBL1156824,Fraction unbound in human plasma,2993473,unknown,human
CCC(=O)C(CC(C)N(C)C)(c1ccccc1)c1ccccc1,=,0.7799025307482025,,CHEMBL1043580,CHEMBL1156824,Fraction unbound in human plasma,2991829,unknown,human
CCC(=O)CCCCC[C@H](NC(=O)C1CN(C)C1)c1ncc(-c2cc3ccccc3nc2OC)o1,=,-0.4550469679249845,,CHEMBL5248065,CHEMBL5247577,Unbound fraction in human plasma,25053065,unknown,human
CCC(=O)N(c1ccccc1)C1(COC)CCN(CCc2cccs2)CC1,=,0.2623344645609978,,CHEMBL1043580,CHEMBL1156824,Fraction unbound in human plasma,2990575,unknown,human
CCC(=O)N(c1ccccc1)C1(COC)CCN(CCn2nnn(CC)c2=O)CC1,=,0.3311307026242102,,CHEMBL1043580,CHEMBL1156824,Fraction unbound in human plasma,2990589,unknown,human
CCC(=O)c1sc(-c2ccc(Cl)cc2)c(C)c1-c1ccc(S(N)(=O)=O)cc1,=,-1.7041573750573065,,CHEMBL4356811,CHEMBL4354827,Protein binding in human plasma assessed as unbound fraction at 5 uM incubated for 16 hrs under shaking condition by LC/MS/MS based rapid equilibrium dialysis method,19056704,unknown,human
CCC(C)(CCN1CCOCC1)N(Cc1cc2ccccc2n(C)c1=O)C(=O)C1CCCCC1,=,0.7024142200886537,,CHEMBL1211371,CHEMBL1208679,Unbound fraction in human plasma,3371349,unknown,human
CCC(C)n1ncn(-c2ccc(N3CCN(c4ccc(OCC5COC(Cn6cncn6)(c6ccc(Cl)cc6Cl)O5)cc4)CC3)cc2)c1=O,=,-1.5595456365537408,,CHEMBL1043580,CHEMBL1156824,Fraction unbound in human plasma,2990451,unknown,human
CCC(CC)O[C@@H]1C=C(C(=O)O)C[C@H](N)[C@H]1NC(C)=O,=,1.5490961869066493,,CHEMBL1043580,CHEMBL1156824,Fraction unbound in human plasma,2996260,unknown,human
CCC(CC)c1noc2cc(Nc3n[nH]c4cccnc34)ccc12,=,-0.8034775043339566,,CHEMBL4310042,CHEMBL4308847,Fraction unbound in human plasma after 4 hrs by equilibrium dialysis method,18871299,unknown,human
CCC(CC)n1c(=O)[nH]c2ncc(Br)nc21,=,-1.0989455213580468,,CHEMBL4149319,CHEMBL4145557,Fraction unbound in human plasma at 5 uM after 6 hrs by equilibrium dialysis based HPLC method,18397395,unknown,human
CCC(CC)n1c(=O)[nH]c2ncc(Cl)nc21,=,-0.8626845637357965,,CHEMBL4149319,CHEMBL4145557,Fraction unbound in human plasma at 5 uM after 6 hrs by equilibrium dialysis based HPLC method,18397396,unknown,human
CCC(NC(=O)c1cn(-c2c(F)cc(F)cc2F)c2nc(N3C[C@@H](O)[C@H](O)C3)ccc2c1=O)C(F)(F)C(F)(F)F,=,-0.4550469679249845,,CHEMBL6085926,CHEMBL6083268,Fraction unbound in human plasma,29102243,unknown,human
CCC(O/N=C(\C(=O)N[C@@H]1C(=O)N(OS(=O)(=O)O)C1(C)C)c1csc(N)n1)c1cc(=O)c(O)cn1O,=,-1.278238527988786,,CHEMBL4010997,CHEMBL4007487,Fraction unbound in human plasma at 10 uM after 4 hrs by LC-MS/MS based rapid equilibrium dialysis method,18047182,unknown,human
CCC1(C)NC(=O)c2cc(S(=O)(=O)Nc3ccc(F)cc3F)cc(Cl)c2NC1=O,=,-0.4837793026341161,,CHEMBL3135106,CHEMBL3132851,Unbound fraction in human plasma by equilibrium dialysis method,13965415,unknown,human
CCC1(C)NC(=O)c2cc(S(=O)(=O)Nc3ccc(F)cc3F)cc(Cl)c2NC1=O,=,-0.4837793026341161,,CHEMBL4371672,CHEMBL4371008,Fraction unbound in human plasma,19115295,unknown,human
CCC1(c2ccccc2)C(=O)NC(=O)NC1=O,=,1.205821377816723,,CHEMBL1043580,CHEMBL1156824,Fraction unbound in human plasma,2992102,unknown,human
CCC1=C(C)CN(C(=O)NCCc2ccc(S(=O)(=O)NC(=O)N[C@H]3CC[C@H](C)CC3)cc2)C1=O,=,-1.0989455213580468,,CHEMBL1043580,CHEMBL1156824,Fraction unbound in human plasma,2990461,unknown,human
CCCC(=O)Nc1ccc(OCC(O)CNC(C)C)c(C(C)=O)c1,=,1.4130481820435172,,CHEMBL1043580,CHEMBL1156824,Fraction unbound in human plasma,2993455,unknown,human
CCCC(CCC)C(=O)O,=,0.3193024155525082,,CHEMBL1043580,CHEMBL1156824,Fraction unbound in human plasma,2990587,unknown,human
CCCC(CCC)C(=O)O,=,0.0782310957961973,,CHEMBL3591953,CHEMBL3588839,Fraction unbound (%) in human plasma at pH 7.4 after 18 hrs by equilibrium dialysis,15640575,unknown,human
CCCC1CNCc2c1[nH]c(=O)c(C#N)c2N1CCC(C)(C)CC1.Cl,=,1.2356922838098356,,CHEMBL5154188,CHEMBL5150071,Protein binding in human plasma assessed as fraction unbound incubated for 6 hrs by LC-MS/MS analysis,24874938,unknown,human
CCCC1CNCc2c1[nH]c(=O)c(C#N)c2N1CCC2(CC1)CC2.Cl,=,1.022112421788494,,CHEMBL5154188,CHEMBL5150071,Protein binding in human plasma assessed as fraction unbound incubated for 6 hrs by LC-MS/MS analysis,24874939,unknown,human
CCCC1O[C@@H]2C[C@H]3[C@@H]4CCC5=CC(=O)C=C[C@]5(C)[C@H]4[C@@H](O)C[C@]3(C)[C@]2(C(=O)CO)O1,=,0.5388312109918915,,CHEMBL1043580,CHEMBL1156824,Fraction unbound in human plasma,2990683,unknown,human
CCCCC(=O)N(Cc1ccc(-c2ccccc2-c2nnn[nH]2)cc1)[C@H](C(=O)O)C(C)C,=,-0.0536539121311303,,CHEMBL1043580,CHEMBL1156824,Fraction unbound in human plasma,2990529,unknown,human
CCCCC(=O)N(Cc1ccc(-c2ccccc2-c2nnn[nH]2)cc1)[C@H](C(=O)O)C(C)C,=,-3.5075318647200424,,CHEMBL4702833,CHEMBL4699523,Fraction unbound in human plasma,22763470,unknown,human
CCCCC1=NC2(CCCC2)C(=O)N1Cc1ccc(-c2ccccc2-c2nnn[nH]2)cc1,=,-2.8451358074955126,,CHEMBL4702833,CHEMBL4699523,Fraction unbound in human plasma,22763455,unknown,human
CCCCCCCC(=O)N[C@@H](CCN)C(=O)N(C)[C@@H]1C(=O)N[C@@H](C)C(=O)N[C@H](C(=O)NCC#N)Cc2ccc(OCCN)c(c2)-c2cc1ccc2OCCN,=,1.2991774882425828,,CHEMBL5375621,CHEMBL5370681,Unbound fraction in human plasma at 5 uM measured after 24 hrs by LC-MS/MS analysis,25668442,unknown,human
CCCCCCCCCC(=O)N[C@@H](Cc1c[nH]c2ccccc12)C(=O)N[C@H](CC(N)=O)C(=O)N[C@@H](CC(=O)O)C(=O)N[C@@H]1C(=O)NCC(=O)N[C@@H](CCCN)C(=O)N[C@@H](CC(=O)O)C(=O)N[C@H](C)C(=O)N[C@@H](CC(=O)O)C(=O)NCC(=O)N[C@H](CO)C(=O)N[C@@H]([C@H](C)CC(=O)O)C(=O)N[C@@H](CC(=O)c2ccccc2N)C(=O)O[C@@H]1C,=,0.4069462030645636,,CHEMBL1696173,CHEMBL1687729,Fraction unbound in human plasma,5306520,unknown,human
CCCCCCCCCCC(=O)N[C@@H](CCN)C(=O)N(C)[C@@H]1C(=O)N[C@@H](C)C(=O)N[C@H](C(=O)NCC#N)Cc2ccc(OCCN)c(c2)-c2cc1ccc2OCCN,=,0.3539836836796816,,CHEMBL5375621,CHEMBL5370681,Unbound fraction in human plasma at 5 uM measured after 24 hrs by LC-MS/MS analysis,25668443,unknown,human
CCCCCCCCCCCC(=O)N[C@@H](CCN)C(=O)N(C)[C@@H]1C(=O)N[C@@H](C)C(=O)N[C@H](C(=O)NCC#N)Cc2ccc(OCCN)c(c2)-c2cc1ccc2OCCN,=,-0.1982656506346964,,CHEMBL5375621,CHEMBL5370681,Unbound fraction in human plasma at 5 uM measured after 24 hrs by LC-MS/MS analysis,25668444,unknown,human
CCCCCCCCCCCCC(=O)N[C@@H](CCN)C(=O)N(C)[C@@H]1C(=O)N[C@@H](C)C(=O)N[C@H](C(=O)NCC#N)Cc2ccc(OCCN)c(c2)-c2cc1ccc2OCCN,=,-0.7505149849490745,,CHEMBL5375621,CHEMBL5370681,Unbound fraction in human plasma at 5 uM measured after 24 hrs by LC-MS/MS analysis,25668445,unknown,human
CCCCCCCCCCNCCN[C@@]1(C)C[C@H](O[C@H]2[C@H](Oc3c4cc5cc3Oc3ccc(cc3Cl)[C@@H](O)[C@@H](NC(=O)[C@@H](CC(C)C)NC)C(=O)N[C@@H](CC(N)=O)C(=O)N[C@H]5C(=O)N[C@H]3C(=O)N[C@H](C(=O)N[C@H](C(=O)O)c5cc(O)c(CNCP(=O)(O)O)c(O)c5-c5cc3ccc5O)[C@H](O)c3ccc(c(Cl)c3)O4)O[C@H](CO)[C@@H](O)[C@@H]2O)O[C@@H](C)[C@H]1O,=,0.2276531964338244,,CHEMBL1696173,CHEMBL1687729,Fraction unbound in human plasma,5306523,unknown,human
CCCCCCNC(=O)Oc1ccc(O)c(-c2ccccc2)c1,=,-1.278238527988786,,CHEMBL2318387,CHEMBL2311315,Percentage unbound in human plasma after 10 mins by ultrafiltration method,12630481,unknown,human
CCCCCCNC(=O)Oc1cccc(C2=NCCO2)c1,=,-0.5237687405400241,,CHEMBL2318387,CHEMBL2311315,Percentage unbound in human plasma after 10 mins by ultrafiltration method,12630478,unknown,human
CCCCCN(CCCOC)C(=O)[C@@H](CCC(=O)O)NC(=O)c1ccc(Cl)c(Cl)c1,=,-0.3104352294214184,,CHEMBL1043580,CHEMBL1156824,Fraction unbound in human plasma,2990508,unknown,human
CCCCCN(CCCOC)C(=O)[C@@H](CCC(=O)O)NC(=O)c1ccc(Cl)c(Cl)c1,=,-3.081267058238711,,CHEMBL4702833,CHEMBL4699523,Fraction unbound in human plasma,22763448,unknown,human
CCCCCNC(=N)N/N=C/c1c[nH]c2ccc(OC)cc12,=,-0.4020844485401025,,CHEMBL1043580,CHEMBL1156824,Fraction unbound in human plasma,2990504,unknown,human
CCCCCOC(=O)N1CCN(C(=O)[C@H](CCC(=O)O)NC(=O)c2cc(N3CCC(C(=O)N4CCCC4)CC3)cc(-c3ccccc3)n2)CC1,=,0.0878062235286654,,CHEMBL1070718,CHEMBL1156904,Protein binding in human plasma assessed as fraction unbound at 0.2 uM,3094563,unknown,human
CCCCCOC(=O)N1CCN(C(=O)[C@H](CCC(=O)O)NC(=O)c2cc(N3CCC(C(=O)N4CCCC4)CC3)cc(-c3ccccc3)n2)CC1,=,0.1243808234872447,,CHEMBL1070719,CHEMBL1156904,Protein binding in human plasma assessed as fraction unbound at 2 uM,3094562,unknown,human
CCCCCOC(=O)N1CCN(C(=O)[C@H](CCC(=O)O)NC(=O)c2cc(N3CCC(C(=O)N4CCCC4)CC3)cc(-c3ccccc3)n2)CC1,=,0.1584738188650421,,CHEMBL1070720,CHEMBL1156904,Protein binding in human plasma assessed as fraction unbound at 10 uM,3094561,unknown,human
CCCCCOc1cccc(CCNCC(=O)N(C)C)c1.Cl,=,0.8256321338790893,,CHEMBL4265446,CHEMBL4261643,Fraction unbound in 10% human plasma after 18 hrs by LC-MS/MS analysis,18757203,unknown,human
CCCCCOc1cccc(CCNCC(=O)N(C)C)c1.Cl,=,0.8256321338790893,,CHEMBL4380717,CHEMBL4376873,Fraction unbound in 10% human plasma by equilibrium dialysis,19154509,unknown,human
CCCCCn1cc(C(=O)NC23CC4CC(CC(C4)C2)C3)c(=O)c(-c2ccncc2)c1C,=,0.2276531964338244,,CHEMBL2175887,CHEMBL2169827,Fraction unbound in human plasma at 37 degC by equilibrium dialysis method,12115561,unknown,human
CCCCCn1cc(C(=O)NC23CC4CC(CC(C4)C2)C3)c(=O)cc1C(C)(C)C,=,-0.7505149849490745,,CHEMBL2175887,CHEMBL2169827,Fraction unbound in human plasma at 37 degC by equilibrium dialysis method,12115562,unknown,human
CCCCN(CCCC)C(=O)Cc1c(-c2ccc(OC)cc2)nn2c(CC)cc(CC)nc12,=,-1.3557268386483343,,CHEMBL3826070,CHEMBL3822400,Fraction unbound in human plasma after 4.5 hrs by rapid equilibrium dialysis method,16636190,unknown,human
CCCCN1CCCCC1C(=O)Nc1c(C)cccc1C,=,0.1154836176471022,,CHEMBL1043580,CHEMBL1156824,Fraction unbound in human plasma,2990557,unknown,human
CCCCNC(=O)NS(=O)(=O)c1ccc(C)cc1,=,0.0585156666555915,,CHEMBL1043580,CHEMBL1156824,Fraction unbound in human plasma,2990551,unknown,human
CCCCNc1cc(C(=O)O)cc(S(N)(=O)=O)c1Oc1ccccc1,=,-0.1817828950592638,,CHEMBL1043580,CHEMBL1156824,Fraction unbound in human plasma,2990516,unknown,human
CCCCOC(=O)N1CCN(C(=O)[C@H](CCC(=O)O)NC(=O)c2cc(N3CCC(C(=O)N4CCCC4)CC3)cc(-c3ccccc3)n2)CC1,=,-0.135348766225144,,CHEMBL1070718,CHEMBL1156904,Protein binding in human plasma assessed as fraction unbound at 0.2 uM,3094569,unknown,human
CCCCOC(=O)N1CCN(C(=O)[C@H](CCC(=O)O)NC(=O)c2cc(N3CCC(C(=O)N4CCCC4)CC3)cc(-c3ccccc3)n2)CC1,=,-0.0057434855928168,,CHEMBL1070719,CHEMBL1156904,Protein binding in human plasma assessed as fraction unbound at 2 uM,3094568,unknown,human
CCCCOC(=O)N1CCN(C(=O)[C@H](CCC(=O)O)NC(=O)c2cc(N3CCC(C(=O)N4CCCC4)CC3)cc(-c3ccccc3)n2)CC1,=,-0.1503552240963827,,CHEMBL1070720,CHEMBL1156904,Protein binding in human plasma assessed as fraction unbound at 10 uM,3094567,unknown,human
CCCCOc1cccc(CCNCC(=O)N(C)C)c1.Cl,=,1.163014335284348,,CHEMBL4265446,CHEMBL4261643,Fraction unbound in 10% human plasma after 18 hrs by LC-MS/MS analysis,18757199,unknown,human
CCCCOc1cccc(CCNCC(=O)N(C)C)c1.Cl,=,1.163014335284348,,CHEMBL4380717,CHEMBL4376873,Fraction unbound in 10% human plasma by equilibrium dialysis,19154514,unknown,human
CCCCOc1nc(OCC(C)(C)O)c(-c2ccc(S(C)(=O)=O)cc2)cc1CO,=,-0.8034775043339566,,CHEMBL4810398,CHEMBL4808216,Protein binding in human plasma assessed as unbound fraction,23150763,unknown,human
CCCCOc1nc(OCC(C)(C)O)c(-c2ccc(S(N)(=O)=O)cn2)cc1CO,=,-1.5595456365537408,,CHEMBL4810398,CHEMBL4808216,Protein binding in human plasma assessed as unbound fraction,23150767,unknown,human
CCCCOc1nc(OCC2(O)CCC2)c(-c2ccc(S(C)(=O)=O)cc2)cc1CO,=,-1.0989455213580468,,CHEMBL4810398,CHEMBL4808216,Protein binding in human plasma assessed as unbound fraction,23150764,unknown,human
CCCCSc1nc(N)c2ncn([C@@H]3O[C@H](CO)[C@@H](O)[C@H]3O)c2n1,=,-1.3557268386483343,,CHEMBL1811199,CHEMBL1806435,Plasma protein binding in human assessed as fraction unbound by by equilibrium dialysis method,6287890,unknown,human
CCCC[C@H]1CN(CC2CCOCC2)C(=O)OC12CCN(C1(C)CCN(C(=O)c3c(C)ncnc3C)CC1)CC2,=,0.6736818853795221,,CHEMBL1114059,CHEMBL1154224,Fraction unbound in human plasma,3230499,unknown,human
CCCCc1nc(C)c(CC(=S)N(C)C)c(=O)n1Cc1ccc(-c2ccccc2-c2nnn[nH]2)cc1,=,-2.533708386330011,,CHEMBL4702833,CHEMBL4699523,Fraction unbound in human plasma,22763465,unknown,human
CCCCc1nc(Cl)c(CO)n1Cc1ccc(-c2ccccc2-c2nnn[nH]2)cc1,=,-0.7505149849490745,,CHEMBL1043580,CHEMBL1156824,Fraction unbound in human plasma,2990482,unknown,human
CCCCc1ncc(/C=C(\Cc2cccs2)C(=O)O)n1Cc1ccc(C(=O)O)cc1,=,-0.4837793026341161,,CHEMBL1043580,CHEMBL1156824,Fraction unbound in human plasma,2990493,unknown,human
CCCCc1oc2ccccc2c1C(=O)c1cc(I)c(OCCN(CC)CC)c(I)c1,=,-2.717006824567379,,CHEMBL1043580,CHEMBL1156824,Fraction unbound in human plasma,2990446,unknown,human
CCCCc1oc2ccccc2c1C(=O)c1cc(I)c(OCCN(CC)CC)c(I)c1,=,-3.065437360976351,,CHEMBL3591953,CHEMBL3588839,Fraction unbound (%) in human plasma at pH 7.4 after 18 hrs by equilibrium dialysis,15640567,unknown,human
CCCN(CCC)C(=O)Cc1c(-c2ccc(OC)cc2)nn2c(CC)cc(CC)nc12,=,-0.929807991579814,,CHEMBL3826070,CHEMBL3822400,Fraction unbound in human plasma after 4.5 hrs by rapid equilibrium dialysis method,16636189,unknown,human
CCCN(CCC)S(=O)(=O)c1ccc(C(=O)O)cc1,=,0.5388312109918915,,CHEMBL1043580,CHEMBL1156824,Fraction unbound in human plasma,2990686,unknown,human
CCCN1C[C@H]2N(C(=O)[C@H]3CC[C@H](C(=O)O)CC3)CC[C@@]2(S(=O)(=O)c2ccc(F)cc2)c2ccc(C(F)(C(F)(F)F)C(F)(F)F)cc21,=,-1.5595456365537408,,CHEMBL4338068,CHEMBL4334512,Unbound fraction in human serum,18975455,unknown,human
CCCNC(=O)NS(=O)(=O)c1ccc(Cl)cc1,=,-0.1982656506346964,,CHEMBL1043580,CHEMBL1156824,Fraction unbound in human plasma,2990514,unknown,human
CCCNC(=O)c1cc(F)ccc1CNC(=O)c1nc(C(C)(C)C)n(C)c(=O)c1O,=,-0.4020844485401025,,CHEMBL927109,CHEMBL1144749,Fraction unbound in human plasma proteins after 1 hr,2159751,unknown,human
CCCNc1ccc(C(=O)/C=C(\O)C(F)(F)C(F)(F)F)cn1,=,-0.5334670286325283,,CHEMBL6073209,CHEMBL6071172,Plasma protein binding in pooled human plasma assessed as free fraction at 5 uM incubated for 1 hrs by ultracentrifugation based HPLC-MS/MS analysis,29060392,unknown,human
CCCOCCn1c(=O)c(N2CCN(CCO)CC2)nc2cnc(-c3ccc(OC)nc3)cc21,=,0.7024142200886537,,CHEMBL1073658,CHEMBL1157659,Fraction unbound in human plasma,3122780,unknown,human
CCCOCCn1c(=O)c(N2CCNCC2)nc2cnc(-c3ccc(OC)nc3)cc21,=,0.7024142200886537,,CHEMBL1073658,CHEMBL1157659,Fraction unbound in human plasma,3122776,unknown,human
CCCOCCn1c(=O)c(NCCN)nc2cnc(-c3ccc(OC)nc3)cc21,=,0.7024142200886537,,CHEMBL1073658,CHEMBL1157659,Fraction unbound in human plasma,3122774,unknown,human
CCCOCCn1c(=O)c(NCCNCCO)nc2cnc(-c3ccc(OC)nc3)cc21,=,0.7024142200886537,,CHEMBL1073658,CHEMBL1157659,Fraction unbound in human plasma,3122775,unknown,human
CCCOc1nc(OCC(C)(C)O)c(-c2ccc(S(C)(=O)=O)cc2)cc1CO,=,-0.5142540273268247,,CHEMBL4810398,CHEMBL4808216,Protein binding in human plasma assessed as unbound fraction,23150762,unknown,human
CCCS(=O)(=O)c1ccc(C)c(C#Cc2cc(Cl)ccc2OCC(=O)O)c1,=,-1.2111151001447686,,CHEMBL1920742,CHEMBL1914440,Percentage unbound in human plasma,7923172,unknown,human
CCCS(=O)(=O)c1ccc(Cl)c(C#Cc2cc(Cl)ccc2OCC(=O)O)c1,=,-1.3557268386483343,,CHEMBL1920742,CHEMBL1914440,Percentage unbound in human plasma,7923179,unknown,human
CCCS(=O)(=O)c1ccc(F)c(C#Cc2cc(Cl)ccc2OCC(=O)O)c1,=,-0.7505149849490745,,CHEMBL1920742,CHEMBL1914440,Percentage unbound in human plasma,7923177,unknown,human
CCCS(=O)(=O)c1cccc(C#Cc2cc(Cl)ccc2OCC(=O)O)c1,=,-0.8626845637357965,,CHEMBL1920742,CHEMBL1914440,Percentage unbound in human plasma,7923165,unknown,human
CCCSc1nc(N2CCC[C@@H](CC(=O)O)C2)ccc1C(=O)NC1CCCCC1,=,-0.8626845637357965,,CHEMBL2156387,CHEMBL2151015,Fraction unbound in human plasma after 18 to 19 hrs by equilibrium dialysis,12052155,unknown,human
CCC[C@@H](CCO)Nc1nc(N)nc2cnn(Cc3ccc(CNC4CCOCC4)cc3OC)c12,=,1.2159768546692298,,CHEMBL5360249,CHEMBL5357068,Protein binding in human plasma assessed as free fraction,25609221,unknown,human
CCC[C@@H](c1ccc(C(=O)O)c(Oc2cccc(Cl)c2)c1F)N1CCC[C@H](n2cc(C)c(=O)[nH]c2=O)C1,=,-0.929807991579814,,CHEMBL3300182,CHEMBL3297666,Fraction unbound in human plasma at 10 uM after 5 hrs by rapid equilibrium dialysis method,14755745,unknown,human
CCC[C@@H](c1ccc(C(=O)O)c(Oc2cccc(Cl)c2)c1OC)N1CCC[C@H](n2cc(C)c(=O)[nH]c2=O)C1,=,0.1904006745829195,,CHEMBL3300182,CHEMBL3297666,Fraction unbound in human plasma at 10 uM after 5 hrs by rapid equilibrium dialysis method,14755741,unknown,human
CCC[C@@H]1C[C@@H](C(=O)N[C@@H]([C@H]2O[C@H](SC)[C@H](O)[C@@H](O)[C@H]2O)[C@H](C)Cl)N(C)C1,=,0.1501648857742756,,CHEMBL1043580,CHEMBL1156824,Fraction unbound in human plasma,2990565,unknown,human
CCC[C@@H]1C[C@@H](C(=O)N[C@@H]([C@H]2O[C@H](SC)[C@H](O)[C@@H](O)[C@H]2O)[C@H](C)Cl)N(C)C1,=,0.4069462030645636,,CHEMBL1696173,CHEMBL1687729,Fraction unbound in human plasma,5306515,unknown,human
CCC[C@H](c1ccc(C(=O)NCCC(=O)O)cc1)[C@H](c1ccc(Cl)cc1)c1c[nH]c2c(F)cc(C)cc12,=,-4.919759621807933,,CHEMBL4702833,CHEMBL4699523,Fraction unbound in human plasma,22763476,unknown,human
CCC[C@H](c1ccc(C(=O)O)c(Oc2cccc(Cl)c2)c1OC)N1CCC[C@H](n2cc(C)c(=O)[nH]c2=O)C1,=,-0.135348766225144,,CHEMBL3300182,CHEMBL3297666,Fraction unbound in human plasma at 10 uM after 5 hrs by rapid equilibrium dialysis method,14755740,unknown,human
CCC[C@H]1N(C(=O)c2cnccc2C(F)(F)F)CCC[C@@]1(Oc1csc(C(F)(F)F)c1)C(=O)N1CCN(c2ccccc2OCCCC(=O)O)CC1,=,-0.0536539121311303,,CHEMBL3808006,CHEMBL3804796,Fraction unbound in human plasma,16585219,unknown,human
CCCc1c(C(=O)Nc2cc(S(=O)(=O)N(C)C)ccc2C)cnn1-c1ccccc1,=,-0.331829054134549,,CHEMBL3396512,CHEMBL3393028,Fraction unbound in human plasma by equilibrium dialysis method,15150691,unknown,human
CCCc1c(C(=O)Nc2cc(S(=O)(=O)N(C)C)ccc2C)cnn1-c1cccnc1,=,0.8872617474008635,,CHEMBL3396512,CHEMBL3393028,Fraction unbound in human plasma by equilibrium dialysis method,15150692,unknown,human
CCCc1cc(=O)[nH]c(=S)[nH]1,=,0.7024142200886537,,CHEMBL1043580,CHEMBL1156824,Fraction unbound in human plasma,2990736,unknown,human
CCCc1ccc(S(C)(=O)=O)cc1C#Cc1cc(Cl)ccc1OCC(=O)O,=,-1.5595456365537408,,CHEMBL1920742,CHEMBL1914440,Percentage unbound in human plasma,7923170,unknown,human
CCCc1nc(C)c2c(=O)nc(-c3cc(S(=O)(=O)N4CCN(CC)CC4)ccc3OCC)[nH]n12,=,0.0585156666555915,,CHEMBL1043580,CHEMBL1156824,Fraction unbound in human plasma,2990552,unknown,human
CCCc1nc2c(C)cc(-c3nc4ccccc4n3C)cc2n1Cc1ccc(-c2ccccc2C(=O)O)cc1,=,-1.2111151001447686,,CHEMBL1043580,CHEMBL1156824,Fraction unbound in human plasma,2990458,unknown,human
CCCc1nc2c(C)cc(-c3nc4ccccc4n3C)cc2n1Cc1ccc(-c2ccccc2C(=O)O)cc1,=,-1.0989455213580468,,CHEMBL3533033,CHEMBL3526056,Fraction unbound in human plasma,15470064,unknown,human
CCCc1nc2c(C)cc(-c3nc4ccccc4n3C)cc2n1Cc1ccc(-c2ccccc2C(=O)O)cc1,=,-1.3557268386483343,,CHEMBL3528936,CHEMBL3526069,Fraction unbound in human plasma by ultracentrifugation method,15461532,unknown,human
CCCc1nc2c(C)cc(-c3nc4ccccc4n3C)cc2n1Cc1ccc(-c2ccccc2C(=O)O)cc1,=,-3.3222186782666383,,CHEMBL4702833,CHEMBL4699523,Fraction unbound in human plasma,22763461,unknown,human
CCCc1nn(C)c2c(=O)[nH]c(-c3cc(S(=O)(=O)N4CCN(C)CC4)ccc3OCC)nc12,=,-0.0536539121311303,,CHEMBL1043580,CHEMBL1156824,Fraction unbound in human plasma,2990527,unknown,human
CCCc1nn(C)c2c(=O)[nH]c(-c3cc(S(=O)(=O)N4CCN(C)CC4)ccc3OCC)nc12,=,0.1826070454911193,,CHEMBL3591953,CHEMBL3588839,Fraction unbound (%) in human plasma at pH 7.4 after 18 hrs by equilibrium dialysis,15640577,unknown,human
CCN(C(=O)Cc1ccc(S(C)(=O)=O)cc1)C1CCN(CC[C@@H](c2cc(F)cc(F)c2)C2CCN(S(C)(=O)=O)CC2)CC1,=,0.2947766242778414,,CHEMBL1954561,CHEMBL1949642,Fraction unbound in human plasma,8037793,unknown,human
CCN(C(=O)Cc1ccc(S(C)(=O)=O)cc1)C1CCN(CC[C@H](c2ccc(S(C)(=O)=O)cc2)c2cc(F)cc(F)c2)CC1,=,0.7024142200886537,,CHEMBL1954561,CHEMBL1949642,Fraction unbound in human plasma,8036755,unknown,human
CCN(C(C)=O)c1cccc(-c2ccnc3c(C#N)cnn23)c1,=,1.1038072758825077,,CHEMBL1043580,CHEMBL1156824,Fraction unbound in human plasma,2992051,unknown,human
CCN(C(C)=O)c1cccc(-c2ccnc3c(C#N)cnn23)c1,=,1.205821377816723,,CHEMBL2346304,CHEMBL2331555,Fraction unbound in human plasma,12682370,unknown,human
CCN(C)C(=O)[C@H]1C[C@@H](c2ccc(CN3CCCC3)c(F)c2)C1,=,1.2818420115008826,,CHEMBL2208778,CHEMBL2203251,Fraction unbound in human plasma,12171530,unknown,human
CCN(C)c1nc(=O)n(-c2ccccc2)c2cc(Cl)ccc12,=,0.3010211642947998,,CHEMBL5036619,CHEMBL5036310,Free plasma concentration in human by equilibrium dialysis,24373635,unknown,human
CCN(C)c1nc(=O)n(-c2cccnc2)c2cc(Cl)ccc12,=,1.0366838480384906,,CHEMBL5036619,CHEMBL5036310,Free plasma concentration in human by equilibrium dialysis,24373636,unknown,human
CCN(CC)C(=O)/C(C#N)=C/c1cc(O)c(O)c([N+](=O)[O-])c1,=,-0.4020844485401025,,CHEMBL1043580,CHEMBL1156824,Fraction unbound in human plasma,2990501,unknown,human
CCN(CC)C(=O)c1ccc(C2=CC3(CCNCC3)Oc3ccccc32)c(O)c1,=,1.0577783699699463,,CHEMBL1059008,CHEMBL1153522,Fraction unbound in human plasma,2699122,unknown,human
CCN(CC)CCCC(C)Nc1ccnc2cc(Cl)ccc12,=,1.1401613542288764,,CHEMBL1043580,CHEMBL1156824,Fraction unbound in human plasma,2992071,unknown,human
CCN(CC)CCN(C)c1ccc(Nc2cc(NC3CC3)n3ncc(C#N)c3n2)cc1NC(C)=O,=,0.8256321338790893,,CHEMBL3810879,CHEMBL3808365,Fraction unbound in human plasma at 10 uM by equilibrium dialysis method,16606762,unknown,human
CCN(CC)CCNC(=O)c1cc(Cl)c(N)cc1OC,=,1.3076260737879135,,CHEMBL1043580,CHEMBL1156824,Fraction unbound in human plasma,2993289,unknown,human
CCN(CC)CCNC(=O)c1ccc(N)cc1,=,1.4767636035661464,,CHEMBL1043580,CHEMBL1156824,Fraction unbound in human plasma,2994703,unknown,human
CCN(CC)CCNC(=O)c1ccc(NS(C)(=O)=O)cc1,=,1.5438870314101638,,CHEMBL1043580,CHEMBL1156824,Fraction unbound in human plasma,2996216,unknown,human
CCN(CC)[C@@H](C)CNC(=O)c1cc(-c2cnn3ccc(-c4cccs4)nc23)nc(N2CC(O)C2)c1,=,0.6939656345433226,,CHEMBL4184439,CHEMBL4184081,Unbound plasma concentration in human,18478691,unknown,human
CCN(CC)[C@@H](C)CNC(=O)c1cc(-c2cnn3ccc(-c4cccs4)nc23)nc(N2CC(OC)C2)c1,=,0.2347835146658341,,CHEMBL4184439,CHEMBL4184081,Unbound plasma concentration in human,18478591,unknown,human
CCN(CCN)c1ccc(Nc2cc(NC3CC3)n3ncc(C#N)c3n2)cc1-n1cnnc1,=,0.6107650009699698,,CHEMBL5505441,CHEMBL5500423,Protein binding in human plasma assessed as unbound fraction at 200 uM by LC-MS/MS analysis,25847260,unknown,human
CCN(CCN)c1ccc(Nc2cc(NC3CC3)n3ncc(C#N)c3n2)cc1NC(C)=O,=,0.9591955373789416,,CHEMBL3810879,CHEMBL3808365,Fraction unbound in human plasma at 10 uM by equilibrium dialysis method,16606768,unknown,human
CCN(Cc1ccccc1C(F)(F)F)C(=O)C1CCN(S(=O)(=O)c2ccc3[nH]ncc3c2)CC1,=,-0.5466961870436686,,CHEMBL3370323,CHEMBL3352313,Fraction unbound in human plasma at 5 uM incubated for 4 hrs at 37 degC by equilibrium dialysis based LC/MS/MS analysis,15075463,unknown,human
CCN1C(=O)N(c2c(F)c(OC)cc(OC)c2F)Cc2cnc3[nH]c(CN4CCOCC4)cc3c21,=,0.4548566296028772,,CHEMBL4810183,CHEMBL4808209,Protein binding in human plasma assessed as free fraction measured after 2 hrs by LC-MS/MS analysis,23149793,unknown,human
CCN1C(=O)c2ccccc2S1(=N)=O,=,1.4707434237434824,,CHEMBL4036848,CHEMBL4033761,Fraction unbound in human plasma,18167939,unknown,human
CCN1CC(n2nccc2-c2cc(Cl)ccc2Oc2ccc(S(=O)(=O)Nc3cscn3)cc2C#N)C1,=,0.1888515855080777,,CHEMBL4040142,CHEMBL4038312,Fraction unbound in human plasma,18183147,unknown,human
CCN1CC(n2nccc2-c2cc(Cl)ccc2Oc2ccc(S(=O)(=O)Nc3cscn3)cc2C#N)C1,=,-2.126070790519199,,CHEMBL4702833,CHEMBL4699523,Fraction unbound in human plasma,22763466,unknown,human
CCN1CCC(S(=O)(=O)c2c(Cl)ccc(NC(=O)Nc3cccc(F)c3Cl)c2O)CC1,=,-2.421538807543289,,CHEMBL3821613,CHEMBL3817840,Fraction unbound in human plasma,16627272,unknown,human
CCN1CCCC1CNC(=O)c1cc(S(=O)(=O)CC)c(N)cc1OC,=,1.4767636035661464,,CHEMBL1043580,CHEMBL1156824,Fraction unbound in human plasma,2994701,unknown,human
CCN1CCCC1CNC(=O)c1cc(S(N)(=O)=O)ccc1OC,=,1.399275292906598,,CHEMBL1043580,CHEMBL1156824,Fraction unbound in human plasma,2993437,unknown,human
CCN1CCC[C@H]1CNC(=O)c1c(OC)ccc(Br)c1OC,=,0.6432071606868136,,CHEMBL1043580,CHEMBL1156824,Fraction unbound in human plasma,2990725,unknown,human
CCN1CCN(C2CCN(c3ccc(Nc4nc(Nc5ccccc5N(C)S(C)(=O)=O)c5cc[nH]c5n4)cc3F)CC2)CC1,=,1.5316970643734185,,CHEMBL5636483,CHEMBL5634119,Plasma protein binding in human assessed as unbound fraction measured after 6 hrs by rapid equilibrium dialysis based LC-MS/MS analysis,26190896,unknown,human
CCN1CCN(CC(=O)Nc2ccc(-c3cccc4c(=O)cc(N5CCOCC5)oc34)c3sc4ccccc4c23)CC1,=,-0.1066164315160123,,CHEMBL2423443,CHEMBL2417539,Fraction unbound in human Plasma,13424239,unknown,human
CCN1CCN(c2ccc(Nc3nc(Nc4ccccc4N(C)S(C)(=O)=O)c4cc[nH]c4n3)cc2F)CC1,=,1.520302880761095,,CHEMBL5636483,CHEMBL5634119,Plasma protein binding in human assessed as unbound fraction measured after 6 hrs by rapid equilibrium dialysis based LC-MS/MS analysis,26190895,unknown,human
CCN1CCc2cc(O)c(N3CC(=O)NS3(=O)=O)c(F)c2CC1,=,1.454744944705478,,CHEMBL5524540,CHEMBL5523702,Plasma protein binding in human assessed as unbound fraction,25908646,unknown,human
CCN1C[C@H]2N(C(=O)[C@H]3CC[C@H](C(=O)O)CC3)CC[C@@]2(S(=O)(=O)c2ccc(F)cc2)c2ccc(C(F)(C(F)(F)F)C(F)(F)F)cc21,=,-1.0989455213580468,,CHEMBL4338068,CHEMBL4334512,Unbound fraction in human serum,18975454,unknown,human
CCN=S1(=O)NC(=O)c2ccccc21,=,1.1162197338589677,,CHEMBL4036848,CHEMBL4033761,Fraction unbound in human plasma,18167943,unknown,human
CCNC(=O)Nc1nc2cc(-c3cc(C)n(CC)c(=O)c3)c(=O)n(C(C)C)c2s1,=,0.2276531964338244,,CHEMBL3117258,CHEMBL3112566,Percentage unbound in human plasma,13923047,unknown,human
CCNC(=O)Nc1nc2cc(-c3cc(C)n(CCOC)c(=O)c3)c(=O)n(C(C)C)c2s1,=,0.5760837328427963,,CHEMBL3117258,CHEMBL3112566,Percentage unbound in human plasma,13923045,unknown,human
CCNC(=O)Nc1nc2cc(-c3ccc(-c4nnn(C)n4)nc3)c(=O)n(C(C)C)c2s1,=,0.2947766242778414,,CHEMBL3117258,CHEMBL3112566,Percentage unbound in human plasma,13923050,unknown,human
CCNC(=O)Nc1nc2cc(-c3ccc(-c4nnnn4C)nc3)c(=O)n(C(C)C)c2s1,=,0.2276531964338244,,CHEMBL3117258,CHEMBL3112566,Percentage unbound in human plasma,13923049,unknown,human
CCNC(=O)Nc1nc2cc(-c3ccc(=O)n(CCOC)c3)c(=O)n(C(C)C)c2s1,=,0.2276531964338244,,CHEMBL3117258,CHEMBL3112566,Percentage unbound in human plasma,13923044,unknown,human
CCNC(=O)Nc1nc2cc(-c3ccc(C#N)nc3)c(=O)n(C(C)C)c2s1,=,-0.0536539121311303,,CHEMBL3117258,CHEMBL3112566,Percentage unbound in human plasma,13923052,unknown,human
CCNC(=O)Nc1nc2cc(-c3ccc(OC)nc3)c(=O)n(C(C)C)c2s1,=,0.0585156666555915,,CHEMBL3117258,CHEMBL3112566,Percentage unbound in human plasma,13923054,unknown,human
CCNC(=O)Nc1nc2cc(-c3ccc4cnnn4c3)c(=O)n(C(C)C)c2s1,=,0.5760837328427963,,CHEMBL3117258,CHEMBL3112566,Percentage unbound in human plasma,13923040,unknown,human
CCNC(=O)Nc1nc2cc(-c3ccc4ncnn4c3)c(=O)n(C(C)C)c2s1,=,0.7553767394735358,,CHEMBL3117258,CHEMBL3112566,Percentage unbound in human plasma,13923042,unknown,human
CCNC(=O)Nc1nc2cc(-c3ccc4nncn4c3)c(=O)n(C(C)C)c2s1,=,0.8872617474008635,,CHEMBL3117258,CHEMBL3112566,Percentage unbound in human plasma,13923039,unknown,human
CCNC(=O)Nc1nc2cc(-c3ccc4nnnn4c3)c(=O)n(C(C)C)c2s1,=,0.7024142200886537,,CHEMBL3117258,CHEMBL3112566,Percentage unbound in human plasma,13923041,unknown,human
CCNC(=O)Nc1nc2cc(-c3cccnc3)c(=O)n(C(C)C(=O)O)c2s1,=,0.8032871660118494,,CHEMBL3117258,CHEMBL3112566,Percentage unbound in human plasma,13923058,unknown,human
CCNC(=O)Nc1nc2cc(-c3cccnc3)c(=O)n(C(C)C(N)=O)c2s1,=,0.8675463182602577,,CHEMBL3117258,CHEMBL3112566,Percentage unbound in human plasma,13923057,unknown,human
CCNC(=O)Nc1nc2cc(-c3cccnc3)c(=O)n(C(C)C)c2s1,=,0.7799025307482025,,CHEMBL3117258,CHEMBL3112566,Percentage unbound in human plasma,13923066,unknown,human
CCNC(=O)Nc1nc2cc(-c3cccnc3)c(=O)n(CC(C)C)c2s1,=,0.2276531964338244,,CHEMBL3117258,CHEMBL3112566,Percentage unbound in human plasma,13923063,unknown,human
CCNC(=O)Nc1nc2cc(-c3cccnc3)c(=O)n(CC(F)F)c2s1,=,0.7799025307482025,,CHEMBL3117258,CHEMBL3112566,Percentage unbound in human plasma,13923064,unknown,human
CCNC(=O)Nc1nc2cc(-c3cccnc3)c(=O)n(CC)c2s1,=,0.4548566296028772,,CHEMBL3117258,CHEMBL3112566,Percentage unbound in human plasma,13923067,unknown,human
CCNC(=O)Nc1nc2cc(-c3cccnc3)c(=O)n(CC3CC3)c2s1,=,0.0585156666555915,,CHEMBL3117258,CHEMBL3112566,Percentage unbound in human plasma,13923065,unknown,human
CCNC(=O)Nc1nc2cc(-c3cccnc3)c(=O)n(CC3CCCCC3)c2s1,=,-0.4020844485401025,,CHEMBL3117258,CHEMBL3112566,Percentage unbound in human plasma,13923060,unknown,human
CCNC(=O)Nc1nc2cc(-c3cccnc3)c(=O)n(CC3CCOCC3)c2s1,=,0.5760837328427963,,CHEMBL3117258,CHEMBL3112566,Percentage unbound in human plasma,13923059,unknown,human
CCNC(=O)Nc1nc2cc(-c3cccnc3)c(=O)n(CCC(C)C)c2s1,=,0.1501648857742756,,CHEMBL3117258,CHEMBL3112566,Percentage unbound in human plasma,13923061,unknown,human
CCNC(=O)Nc1nc2cc(-c3ccn(CC)c(=O)c3)c(=O)n(C(C)C)c2s1,=,1.1283330671571743,,CHEMBL3117258,CHEMBL3112566,Percentage unbound in human plasma,13923048,unknown,human
CCNC(=O)Nc1nc2cc(-c3ccn(CCOC)c(=O)c3)c(=O)n(C(C)C)c2s1,=,0.8872617474008635,,CHEMBL3117258,CHEMBL3112566,Percentage unbound in human plasma,13923046,unknown,human
CCNC(=O)Nc1nc2cc(-c3ccn4ncnc4c3)c(=O)n(C(C)C)c2s1,=,0.4069462030645636,,CHEMBL3117258,CHEMBL3112566,Percentage unbound in human plasma,13923043,unknown,human
CCNC(=O)Nc1nc2cc(-c3cncc(C#N)c3)c(=O)n(C(C)C)c2s1,=,0.4069462030645636,,CHEMBL3117258,CHEMBL3112566,Percentage unbound in human plasma,13923051,unknown,human
CCNC(=O)Nc1nc2cc(-c3cncc(F)c3)c(=O)n(C(C)C)c2s1,=,0.4069462030645636,,CHEMBL3117258,CHEMBL3112566,Percentage unbound in human plasma,13923055,unknown,human
CCNC(=O)Nc1nc2cc(-c3cncc(OC)c3)c(=O)n(C(C)C)c2s1,=,0.2947766242778414,,CHEMBL3117258,CHEMBL3112566,Percentage unbound in human plasma,13923053,unknown,human
CCNC(=O)Nc1nc2cc(-c3cncnc3)c(=O)n(C(C)C)c2s1,=,0.6107650009699698,,CHEMBL3117258,CHEMBL3112566,Percentage unbound in human plasma,13923056,unknown,human
CCNC(=O)OC1CCN(c2nncc3cc(OC)c(OC)cc23)CC1,=,0.2947766242778414,,CHEMBL2346304,CHEMBL2331555,Fraction unbound in human plasma,12682372,unknown,human
CCNC(=O)[C@H]1C[C@@](F)(c2ccc(CN3CCCC3)c(F)c2)C1,=,1.3555365003262276,,CHEMBL2208778,CHEMBL2203251,Fraction unbound in human plasma,12171529,unknown,human
CCNC(=O)c1cc(F)ccc1CNC(=O)c1nc(C(C)(C)C)n(C)c(=O)c1O,=,-0.1982656506346964,,CHEMBL927109,CHEMBL1144749,Fraction unbound in human plasma proteins after 1 hr,2159752,unknown,human
CCNC(=O)c1ccc(Nc2cc(-c3c(F)cccc3F)nc3c2C(=O)NC3)nc1,=,-1.6412404906477542,,CHEMBL5105747,CHEMBL5104135,Plasma protein binding in human assessed as unbound fraction,24691304,unknown,human
CCNC(=O)c1noc(-c2cc(C(C)C)c(O)cc2O)c1-c1ccc(CN2CCOCC2)cc1,=,0.0684700316802619,,CHEMBL2212187,CHEMBL2203093,Fraction unbound at human plasma,12178089,unknown,human
CCNC1=NS(=O)(=O)c2ccccc21,=,1.2729448056607404,,CHEMBL4036848,CHEMBL4033761,Fraction unbound in human plasma,18167936,unknown,human
CCNC1=N[C@@H]2[C@@H](O)[C@H](O)[C@@H](C(F)F)O[C@@H]2S1,=,1.5593552982316337,,CHEMBL4355753,CHEMBL4354805,Fraction unbound in human plasma at 2.5 uM by equilibrium dialysis,19053234,unknown,human
CCNC1=N[C@@H]2[C@@H](O)[C@H](O)[C@@H](CF)O[C@@H]2S1,=,1.4944032733621953,,CHEMBL4355753,CHEMBL4354805,Fraction unbound in human plasma at 2.5 uM by equilibrium dialysis,19053228,unknown,human
CCNC1=N[C@@H]2[C@@H](O)[C@H](O)[C@@H](CO)O[C@@H]2S1,=,1.4264537500044487,,CHEMBL4355753,CHEMBL4354805,Fraction unbound in human plasma at 2.5 uM by equilibrium dialysis,19053227,unknown,human
CCNC1=N[C@@H]2[C@@H](O)[C@H](O)[C@@H](CO)O[C@@H]2S1,=,1.4264537500044487,,CHEMBL4355834,CHEMBL4354805,Fraction unbound in human plasma,19053164,unknown,human
CCNCC(O)c1cccc(O)c1,=,1.4330248109857762,,CHEMBL1043580,CHEMBL1156824,Fraction unbound in human plasma,2993502,unknown,human
CCNCc1cc(C)c(-c2cc3c(-c4cnn(C)c4)n[nH]c3cn2)c(F)c1,=,1.3159350068786804,,CHEMBL5225627,CHEMBL5223162,Fraction unbound in human plasma by LC-MS/MS analysis,24979361,unknown,human
CCNS(=O)(=O)c1ccc(C)c(C#Cc2cc(Cl)ccc2OCC(=O)O)c1,=,-1.0989455213580468,,CHEMBL1920742,CHEMBL1914440,Percentage unbound in human plasma,7923183,unknown,human
CCN[C@@H]1CCC=C(c2ccc(F)cc2)[C@H]1COc1cc(F)c(S(=O)(=O)Nc2cscn2)cc1Cl.Cl,=,-0.5466961870436686,,CHEMBL4180172,CHEMBL4177611,Fraction unbound in human plasma at 2 uM after 4 hrs by LC-MS/MS analysis,18459176,unknown,human
CCNc1cc(C)nn1-c1nc(-c2cccnc2)cc(=O)[nH]1,=,-0.8034775043339566,,CHEMBL4712827,CHEMBL4706648,Protein binding in human plasma assessed as unbound fraction at 5 uM incubated for 1 hr at 37 degreeC and measured after 4 hrs by ultracentrifugation based LC-MS/MS analysis,22807415,unknown,human
CCNc1ncnn1-c1noc2c(F)c3c(cc12)CC1(C(=O)NC(=O)NC1=O)[C@H]1[C@H](C)O[C@H](C)CN31,=,-0.0928435423790931,,CHEMBL4730283,CHEMBL4725408,Protein binding in human plasma assessed as unbound fraction at 10 uM measured after 16 hrs by LC-MS/MS based equilibrium dialysis method,22894956,unknown,human
CCOC(=O)C(C)(C)N[P@@](=O)(OC[C@H]1O[C@@H](n2ccc(=O)[nH]c2=O)[C@](Cl)(Br)[C@@H]1O)Oc1ccccc1,=,0.9756782929543744,,CHEMBL4610275,CHEMBL4609978,Unbound drug level in human plasma,20628304,unknown,human
CCOC(=O)C(C)(C)N[P@](=O)(OC[C@H]1O[C@@H](n2ccc(=O)[nH]c2=O)[C@@](F)(Br)[C@@H]1O)Oc1ccccc1,=,1.18807178076719,,CHEMBL4610275,CHEMBL4609978,Unbound drug level in human plasma,20628306,unknown,human
CCOC(=O)C(C)(C)N[P@](=O)(OC[C@H]1O[C@@H](n2ccc(=O)[nH]c2=O)[C@](Cl)(Br)[C@@H]1O)Oc1ccccc1,=,0.8470259585922197,,CHEMBL4610275,CHEMBL4609978,Unbound drug level in human plasma,20628305,unknown,human
CCOC(=O)C1(c2ccccc2)CCC=CC1N(C)C,=,0.7799025307482025,,CHEMBL1043580,CHEMBL1156824,Fraction unbound in human plasma,2991830,unknown,human
CCOC(=O)C1=C(C)NC(C)=C(C(=O)OC)C1c1cccc(Cl)c1Cl,=,-1.2640776195296506,,CHEMBL1043580,CHEMBL1156824,Fraction unbound in human plasma,2990457,unknown,human
CCOC(=O)C1=C(CN2CCOCC2)NC(c2nccs2)=NC1c1ccc(F)cc1Br,=,-1.9079761729627127,,CHEMBL4177907,CHEMBL4177524,Unbound fraction in human plasma,18449454,unknown,human
CCOC(=O)C1=C(CN2CCOC[C@H]2C(=O)O)NC(c2nccs2)=N[C@H]1c1cccc(F)c1Cl,=,-0.4020844485401025,,CHEMBL4011437,CHEMBL4007508,Fraction unbound in human plasma at 1000 nM after 5 hrs by LC-MS/MS analysis,18050972,unknown,human
CCOC(=O)C1=C(COCCN)NC(C)=C(C(=O)OC)C1c1ccccc1Cl,=,-1.0989455213580468,,CHEMBL1043580,CHEMBL1156824,Fraction unbound in human plasma,2990459,unknown,human
CCOC(=O)C1=C(NN2CCN(CC(F)(F)F)CC2)O/C(=C\c2c[nH]c3ncccc23)C1=O,=,0.3426870508161552,,CHEMBL4831318,CHEMBL4828769,Protein binding in human plasma assessed as unbound fraction,23252168,unknown,human
CCOC(=O)N1CCC(N2CCC[C@@H](NC(=O)c3ccccc3C)C2)CC1,=,0.133123287443151,,CHEMBL1919034,CHEMBL1914417,Fraction unbound in human plasma,7930050,unknown,human
CCOC(=O)Nc1ccc(NCc2ccc(F)cc2)nc1N,=,0.6107650009699698,,CHEMBL1043580,CHEMBL1156824,Fraction unbound in human plasma,2990710,unknown,human
CCOC(=O)c1ccc(-n2c(/C=C3\OC(=O)c4c3cc(C)[nH]c4=O)ccc2CO)cc1,=,0.442832455405112,,CHEMBL4683727,CHEMBL4680156,Protein binding in human plasma assessed as unbound fraction at 10 uM after 6 hrs by LC-MS/MS analysis,22464488,unknown,human
CCOC(=O)c1cnc2c(OC)cccc2c1N1CCN(c2ccccc2OC)CC1,=,-0.4550469679249845,,CHEMBL4701723,CHEMBL4699482,Fraction unbound in human plasma at 5 uM incubated for 4 hrs by equilibrium dialysis method,22759415,unknown,human
CCOC(=O)c1ncn2c1CN(C)C(=O)c1cc(F)ccc1-2,=,1.2905844754567892,,CHEMBL1043580,CHEMBL1156824,Fraction unbound in human plasma,2993247,unknown,human
CCOP(=O)(O)C1=C[C@@H](OC(CC)CC)[C@H](NC(C)=O)[C@@H](NC(=N)N)C1,=,1.4885918906378484,,CHEMBL2216017,CHEMBL2203066,Fraction unbound in human plasma at 1 uM after 4 hrs,12166591,unknown,human
CCO[C@@H](Cc1ccc(OCCc2ccc(OS(C)(=O)=O)cc2)cc1)C(=O)O,=,-1.8600657464243997,,CHEMBL1043580,CHEMBL1156824,Fraction unbound in human plasma,2990448,unknown,human
CCO[C@@H](Cc1ccc(OCCc2ccc(OS(C)(=O)=O)cc2)cc1)C(=O)O,=,-3.718057213379022,,CHEMBL4702833,CHEMBL4699523,Fraction unbound in human plasma,22763462,unknown,human
CCO[C@@H]1Cc2cc(C(F)(F)F)ccc2[C@H]1N1CCN(C2(C)CCN(C(=O)c3c(C)ncnc3C)CC2)C[C@@H]1C,=,0.6432071606868136,,CHEMBL1695230,CHEMBL1687698,Protein binding in human serum assessed as fraction unbound,5293960,unknown,human
CCO[C@H]1CN(c2ncc(C(=O)O)s2)CC[C@H]1NC(=O)c1[nH]c(C)c(Cl)c1Cl,=,-0.1817828950592638,,CHEMBL3366713,CHEMBL3352173,Percentage unbound in human plasma,14997787,unknown,human
CCOc1c(Cl)cc(C(=O)Nc2ccc(C(=O)O)c(C)c2)cc1OC(C)C,=,1.5279276272687528,,CHEMBL4187022,CHEMBL4184197,Fraction unbound in human plasma by equilibrium dialysis based LC-MS/MS analysis,18488775,unknown,human
CCOc1c([C@H](C)n2nc(C)c3c(N)ncnc32)cc(Cl)c(C#N)c1C1CNC(=O)C1,=,0.8256321338790893,,CHEMBL4410901,CHEMBL4406913,Fractional unbound in human plasma,19290429,unknown,human
CCOc1c([C@H](C)n2nc(C)c3c(N)ncnc32)cc(Cl)c(C)c1C1CNC(=O)C1,=,0.1904006745829195,,CHEMBL4410901,CHEMBL4406913,Fractional unbound in human plasma,19290427,unknown,human
CCOc1c([C@H](C)n2nc(C)c3c(N)ncnc32)cc(Cl)c(F)c1[C@@H]1CNC(=O)C1,=,0.133123287443151,,CHEMBL4410901,CHEMBL4406913,Fractional unbound in human plasma,19290428,unknown,human
CCOc1cc(CC(=O)N[C@@H](CC(C)C)c2ccccc2N2CCCCC2)ccc1C(=O)O,=,-0.5466961870436686,,CHEMBL1043580,CHEMBL1156824,Fraction unbound in human plasma,2990490,unknown,human
CCOc1cc(CC(=O)N[C@@H](CC(C)C)c2ccccc2N2CCCCC2)ccc1C(=O)O,=,-2.9573053862822345,,CHEMBL4702833,CHEMBL4699523,Fraction unbound in human plasma,22763460,unknown,human
CCOc1cc(CN2CCC3(CC2)CC(=O)N(c2ccc(C(=O)O)cc2)C3)cc(OCC)c1-c1ccc(F)cc1.O=C(O)C(F)(F)F,=,-0.354174022001789,,CHEMBL4270273,CHEMBL4266056,Fraction unbound in human plasma at 0.1 uM using [3H]-labeled compound,18781676,unknown,human
CCOc1cc(Nc2nc3c(cc2F)ncn3[C@@H](CO)c2ccc(F)cn2)n[nH]1,=,0.4548566296028772,,CHEMBL2154696,CHEMBL2150905,Fraction unbound in human plasma,12051547,unknown,human
CCOc1cc2nccc(Oc3cnc(CC(=O)Nc4n[nH]c(CC)c4C)c(OC)c3)c2cc1OC,=,-0.1982656506346964,,CHEMBL2026453,CHEMBL2021798,Fraction unbound in human plasma,10868346,unknown,human
CCOc1ccc(/C=C2\NCCc3cc(OCC)c(OCC)cc32)cc1OCC,=,0.4985954221832476,,CHEMBL1043580,CHEMBL1156824,Fraction unbound in human plasma,2990668,unknown,human
CCOc1ccc(Cc2cc([C@@H]3O[C@H](CO)[C@@H](O)[C@H](O)[C@H]3O)ccc2Cl)cc1,=,-0.0536539121311303,,CHEMBL948011,CHEMBL1142359,Fraction unbound in human serum at 10 uM,2109173,unknown,human
CCOc1ccc(Cc2cc([C@@H]3O[C@H](CO)[C@@H](O)[C@H](O)[C@H]3O)ccc2Cl)cc1,=,0.3252513489705502,,CHEMBL5227510,CHEMBL5226306,Unbound fraction in human plasma,24984927,unknown,human
CCOc1ccc(Cc2cc([C@@H]3S[C@H](CO)[C@@H](O)[C@H](O)[C@H]3O)c(OC)cc2C)cc1,=,-0.0794379744181615,,CHEMBL1109858,CHEMBL1156151,Fraction unbound in human serum at 1 ug/ml,3257612,unknown,human
CCOc1ccc(Cc2cc([C@]34OC[C@](CO)(O3)[C@@H](O)[C@H](O)[C@H]4O)ccc2Cl)cc1,=,-2.1323153305361573,,CHEMBL1772495,CHEMBL1770065,Fraction unbound in human plasma at 1000 ng/mL by equilibrium dialysis method,6182850,unknown,human
CCOc1ccc(S(=O)(=O)Nc2ccc(Cl)cc2C#Cc2cnc(C(=O)O)cc2OC)c2ncccc12,=,-1.0989455213580468,,CHEMBL5242479,CHEMBL5241094,Free drug concentration in human plasma by HPLC-MS/MS analysis,25033298,unknown,human
CCOc1ccc2cc(-c3nn(C(C)(C)C)c(N)c3C(N)=O)cnc2c1,=,1.2818420115008826,,CHEMBL3773068,CHEMBL3769379,Fraction unbound in human plasma after 4 hrs by LC/MS analysis,16483172,unknown,human
CCOc1ccccc1OC(c1ccccc1)C1CNCCO1,=,-0.4278685108271337,,CHEMBL1043580,CHEMBL1156824,Fraction unbound in human plasma,2990496,unknown,human
CCOc1ccccc1OCCN[C@H](C)Cc1ccc(OC)c(S(N)(=O)=O)c1,=,-0.7505149849490745,,CHEMBL1043580,CHEMBL1156824,Fraction unbound in human plasma,2990487,unknown,human
CCOc1ccccc1OCCN[C@H](C)Cc1ccc(OC)c(S(N)(=O)=O)c1,=,-0.7505149849490745,,CHEMBL3591957,CHEMBL3588839,Fraction unbound (%) in human plasma in phosphate buffer after 30 mins by liquid scintillation counting,15640595,unknown,human
CCOc1nc(Nc2ccc(C(=O)N3CCOCC3)cc2OC)nc2[nH]ccc12,=,0.1417163002289445,,CHEMBL4721264,CHEMBL4715821,Unbound fraction in human serum,22844583,unknown,human
CCP(=O)(CC)c1ccccc1Nc1nc(Nc2cc(-c3cnn(C)c3)c(N3CCOCC3)cc2OC)ncc1Cl,=,-0.0412414541546705,,CHEMBL5031766,CHEMBL5030539,Plasma protein binding in human plasma assessed as unbound fraction,24349130,unknown,human
CCS(=O)(=O)CCn1c([N+](=O)[O-])cnc1C,=,1.4522378122914796,,CHEMBL1043580,CHEMBL1156824,Fraction unbound in human plasma,2994649,unknown,human
CCS(=O)(=O)N1C[C@H](C(=O)Nc2ccc(Cl)cn2)[C@@H](C(=O)Nc2ccc(-n3ccccc3=O)cc2F)C1,=,0.5760837328427963,,CHEMBL1227347,CHEMBL1221236,Fraction unbound in human plasma,3422969,unknown,human
CCS(=O)(=O)N[C@@H]1C[C@]2(C)O[C@]1(C)[C@@H]1C(=O)N(c3ccc(C#N)c(C(F)(F)F)c3)C(=O)[C@@H]12,=,0.4266616322051693,,CHEMBL3624818,CHEMBL3621143,Fraction unbound in human plasma by equilibrium dialysis method,15730161,unknown,human
CCS(=O)(=O)Nc1cc(F)c(-c2ccc(C#N)n2C)c(F)c1,=,-1.3557268386483343,,CHEMBL2216253,CHEMBL2203135,Fraction unbound in human plasma,12187243,unknown,human
CCS(=O)(=O)Nc1ccc(Oc2ccc(F)cc2F)c(-c2cn(C)c(=O)cc2OC)c1,=,0.5760837328427963,,CHEMBL4051131,CHEMBL4049425,"Fraction unbound in SCID-Beige mouse plasma xenografted with human OPM2 cells at 1 to 3 mg/kg, po",18235620,unknown,human
CCS(=O)(=O)[C@]1(C)CC[C@@](CF)(c2cc(NC(=O)c3cc4c(cn3)OC(F)(F)O4)ccc2F)N=C1N,=,0.1746906770489424,,CHEMBL5029756,CHEMBL5029164,Plasma protein binding in human assessed as unbound fraction at 5 uM after 4.5 hrs by HPLC-MS/MS analysis,24342562,unknown,human
CCS(=O)(=O)c1ccc(-c2cc(C(F)(F)F)ccc2OCC(=O)O)c(C)c1,=,0.016601482274423,,CHEMBL1780749,CHEMBL1777748,Fraction unbound in human plasma,6211463,unknown,human
CCS(=O)(=O)c1ccc(C(NC(=O)Cc2ccccc2)C(=O)Nc2ccc(C(O)(C(F)(F)F)C(F)(F)F)cc2)cc1,=,-0.9156470831206786,,CHEMBL4306841,CHEMBL4304769,Plasma protein binding in human assessed as unbound fraction by equilibrium dialysis method,18852777,unknown,human
CCS(=O)(=O)c1ccc(C(NC(C)=O)C(=O)Nc2cc(-c3cc(C#N)cc(F)c3OC)cs2)cc1,=,-0.6186299770217468,,CHEMBL4151901,CHEMBL4145688,Unbound fraction in human plasma by equilibrium dialysis,18410576,unknown,human
CCS(=O)(=O)c1ccc(C(NC(C)=O)C(=O)Nc2cc(-c3cc(C#N)cc(F)c3OC)cs2)cc1,=,-0.6186299770217468,,CHEMBL4306841,CHEMBL4304769,Plasma protein binding in human assessed as unbound fraction by equilibrium dialysis method,18852776,unknown,human
CCS(=O)(=O)c1ccc(C(NC(C)=O)C(=O)Nc2cc(-c3cc(C#N)cnc3OCC(F)(F)F)cs2)cc1,=,-1.5595456365537408,,CHEMBL4151901,CHEMBL4145688,Unbound fraction in human plasma by equilibrium dialysis,18410619,unknown,human
CCS(=O)(=O)c1ccc(CC(=O)Nc2cc(-c3cc(C#N)cc(F)c3OC)cs2)cc1,=,-1.6412404906477542,,CHEMBL4151901,CHEMBL4145688,Unbound fraction in human plasma by equilibrium dialysis,18410329,unknown,human
CCS(=O)(=O)c1ccc(CC(=O)Nc2cc(-c3cc(C#N)ccc3OC)cs2)cc1,=,-1.9079761729627127,,CHEMBL4151901,CHEMBL4145688,Unbound fraction in human plasma by equilibrium dialysis,18410352,unknown,human
CCS(=O)(=O)c1ccc(CC(=O)Nc2cc(-c3cc(C#N)cnc3OC)cs2)cc1,=,-1.9609386923475949,,CHEMBL4151901,CHEMBL4145688,Unbound fraction in human plasma by equilibrium dialysis,18410386,unknown,human
CCS(=O)(=O)c1ccc(CC(=O)Nc2cc(-c3cc(C#N)cnc3OCC(F)(F)F)cs2)cc1,=,-2.164757490253001,,CHEMBL4151901,CHEMBL4145688,Unbound fraction in human plasma by equilibrium dialysis,18410547,unknown,human
CCS(=O)(=O)c1ccc(CC(=O)Nc2cc(-c3cccnc3OCc3ccccc3)cs2)cc1,=,-2.5131880266619726,,CHEMBL4151901,CHEMBL4145688,Unbound fraction in human plasma by equilibrium dialysis,18410368,unknown,human
CCS(=O)(=O)c1ccc(CNC(=O)c2cc3c(s2)C2(CCN([C@H](C)c4ccc(C#N)cc4)CC2)OCC3)cc1,=,-0.4020844485401025,,CHEMBL5053627,CHEMBL5053486,Fraction unbound in human plasma incubated for 4.5 hrs by LC/MS/MS analysis,24503233,unknown,human
CCS(=O)(=O)c1ccc(CNC(=O)c2cc3c(s2)C2(CCN([C@H](C)c4ccc(C#N)cc4)CC2)OCC3)nc1,=,0.0585156666555915,,CHEMBL5053627,CHEMBL5053486,Fraction unbound in human plasma incubated for 4.5 hrs by LC/MS/MS analysis,24503236,unknown,human
CCS(=O)(=O)c1ccc(CNC(=O)c2cc3c(s2)C2(CCN([C@H](C)c4cnc(C(F)(F)F)nc4)CC2)OCC3)cc1,=,0.1154836176471022,,CHEMBL5053627,CHEMBL5053486,Fraction unbound in human plasma incubated for 4.5 hrs by LC/MS/MS analysis,24503234,unknown,human
CCS(=O)(=O)c1ccc(CNC(=O)c2cc3c(s2)C2(CCN([C@H](C)c4cnc(C(F)(F)F)nc4)CC2)O[C@@H](C)C3)cc1,=,-0.0412414541546705,,CHEMBL5053627,CHEMBL5053486,Fraction unbound in human plasma incubated for 4.5 hrs by LC/MS/MS analysis,24503235,unknown,human
CCS(=O)(=O)c1ccc(CNC(=O)c2cc3c(s2)C2(CCN([C@H](C)c4cnc(C(F)(F)F)nc4)CC2)O[C@@H](C)C3)nc1,=,0.4985954221832476,,CHEMBL5053627,CHEMBL5053486,Fraction unbound in human plasma incubated for 4.5 hrs by LC/MS/MS analysis,24503237,unknown,human
CCS(=O)(=O)c1ccc(CNC(=O)c2cnc3c(c2)CN(C[C@H]2CC[C@H](C(F)(F)F)CC2)[C@H]3C(C)C)nc1,=,-1.0989455213580468,,CHEMBL5264134,CHEMBL5260836,Unbound fraction in human plasma,25108423,unknown,human
CCS(=O)(=O)c1ccc([C@@H](NC(C)=O)C(=O)Nc2cc(-c3cccnc3OCc3ccc(OC(F)(F)F)cc3)cs2)cc1,=,-1.9079761729627127,,CHEMBL4151901,CHEMBL4145688,Unbound fraction in human plasma by equilibrium dialysis,18410646,unknown,human
CCS(=O)(=O)c1ccc([C@@H](NC(C)=O)C(=O)Nc2ccc(C(O)(C(F)(F)F)C(F)(F)F)cc2)cc1,=,0.4985954221832476,,CHEMBL4306841,CHEMBL4304769,Plasma protein binding in human assessed as unbound fraction by equilibrium dialysis method,18852778,unknown,human
CCS(=O)(=O)c1ccc([C@@H](NC(C)=O)C(=O)Nc2ccc(C(O)(C(F)(F)F)C(F)(F)F)cc2)cc1,=,0.4985954221832476,,CHEMBL4833115,CHEMBL4831524,Plasma protein binding in human assessed as unbound fraction by equilibrium dialysis,23261670,unknown,human
CCS(=O)(=O)c1ccc([C@H](NC(C)=O)C(=O)Nc2ccc(C(O)(C(F)(F)F)C(F)(F)F)cc2)cc1,=,0.4069462030645636,,CHEMBL4306841,CHEMBL4304769,Plasma protein binding in human assessed as unbound fraction by equilibrium dialysis method,18852779,unknown,human
CCS(=O)(=O)c1cnc2c(c1)-c1cn(C)c(=O)cc1OCCCCc1cc(Cl)ccc1O2,=,-0.0536539121311303,,CHEMBL4051139,CHEMBL4049425,"Fraction unbound in SCID-Beige mouse plasma xenografted with human OPM2 cells at 1 to 2 mg/kg, po",18235627,unknown,human
CC[C@@H](C(=O)Nc1ccc(C(=O)O)cc1)n1cc(OC)c(-c2cc(Cl)ccc2C#N)cc1=O,=,0.0055531472707097,,CHEMBL5367478,CHEMBL5365459,Protein binding in human plasma assessed as unbound fraction incubated for 6 hrs by equilibrium dialysis based LC-MS/MS analysis,25638004,unknown,human
CC[C@@H](C(=O)Nc1ccc(C(N)=O)c(F)c1)n1cc(OC)c(-c2cc(Cl)ccc2-n2cc(C(F)(F)F)nn2)cc1=O,=,0.1826070454911193,,CHEMBL5367478,CHEMBL5365459,Protein binding in human plasma assessed as unbound fraction incubated for 6 hrs by equilibrium dialysis based LC-MS/MS analysis,25638012,unknown,human
CC[C@@H](C(=O)Nc1ccc(C(N)=O)c(F)c1)n1cc(OC)c(-c2cc(Cl)ccc2-n2cc(Cl)nn2)cc1=O,=,0.2276531964338244,,CHEMBL5367478,CHEMBL5365459,Protein binding in human plasma assessed as unbound fraction incubated for 6 hrs by equilibrium dialysis based LC-MS/MS analysis,25638010,unknown,human
CC[C@@H](CO)Nc1cc(C)nc(Oc2c(C)cc(Cl)cc2C)c1C(=O)NC,=,0.0055531472707097,,CHEMBL935145,CHEMBL1141603,Fraction unbound ligand in human serum,2113972,unknown,human
CC[C@@H](NC(=O)c1cn(-c2c(F)cccc2F)c2nc(N3C[C@@H](O)CC3=O)ccc2c1=O)C(F)(F)F,=,-0.331829054134549,,CHEMBL6085926,CHEMBL6083268,Fraction unbound in human plasma,29102248,unknown,human
CC[C@@H](Nc1nccn(-c2cc(C(=O)NC3CC3)ccc2C)c1=O)c1ccccc1,=,0.5388312109918915,,CHEMBL4727217,CHEMBL4725297,Protein binding in human plasma assessed as free fraction,22881506,unknown,human
CC[C@@H](Nc1nccn(-c2cc(C(=O)NC3CC3)ccc2C)c1=O)c1ccccc1OCCN1CCCC1,=,1.163014335284348,,CHEMBL4727217,CHEMBL4725297,Protein binding in human plasma assessed as free fraction,22881520,unknown,human
CC[C@@H](c1ccc(C(=O)O)c(Oc2cccc(Cl)c2)c1F)N1CCC[C@H](n2cc(C)c(=O)[nH]c2=O)C1,=,-0.7026045584107611,,CHEMBL3300182,CHEMBL3297666,Fraction unbound in human plasma at 10 uM after 5 hrs by rapid equilibrium dialysis method,14755743,unknown,human
CC[C@@H](c1ccc(C(=O)O)c(Oc2cccc(Cl)c2)c1OC)N1CCC[C@H](n2cc(C)c(=O)[nH]c2=O)C1,=,0.4548566296028772,,CHEMBL3300182,CHEMBL3297666,Fraction unbound in human plasma at 10 uM after 5 hrs by rapid equilibrium dialysis method,14755739,unknown,human
CC[C@@H](c1ccccc1)c1c(O)c2ccccc2oc1=O,=,-0.929807991579814,,CHEMBL3591953,CHEMBL3588839,Fraction unbound (%) in human plasma at pH 7.4 after 18 hrs by equilibrium dialysis,15640573,unknown,human
CC[C@@H]1C(=O)N(C)c2cnc(Nc3cc4c(cc3OC)N(C(=O)CN3CCN(S(C)(=O)=O)CC3)CC4)nc2N1C1CCCC1,=,-0.3896719905636424,,CHEMBL5337495,CHEMBL5335814,Plasma protein binding in human assessed as unbound fraction at 1 uM incubated for 6 hrs by LC-MS/MS analysis,25521498,unknown,human
CC[C@@H]1C(=O)N(C)c2cnc(Nc3cc4c(cc3OC)N(C(=O)CN3C[C@@H](C)N[C@@H](C)C3)CC4)nc2N1C1CCCC1,=,-0.1222156213768918,,CHEMBL5337495,CHEMBL5335814,Plasma protein binding in human assessed as unbound fraction at 1 uM incubated for 6 hrs by LC-MS/MS analysis,25521497,unknown,human
CC[C@@H]1C(=O)N(C)c2cnc(Nc3ccc(-c4nnc(CN5CCC(O)CC5)s4)cc3OC)nc2N1C1CCCC1,=,-0.8626845637357965,,CHEMBL6111454,CHEMBL6109112,Plasma protein binding in human assessed as unbound fraction incubated for 6 hrs by LC-MS/MS analysis,29178333,unknown,human
CC[C@@H]1C(=O)N(C)c2cnc(Nc3ccc(-c4nnc(CN5CCN(C(C)=O)CC5)s4)cc3OC)nc2N1C1CCCC1,=,-1.0072963022393624,,CHEMBL6111454,CHEMBL6109112,Plasma protein binding in human assessed as unbound fraction incubated for 6 hrs by LC-MS/MS analysis,29178335,unknown,human
CC[C@@H]1C(=O)N(C)c2cnc(Nc3ccc(-c4nnc(CN5CCN(C)CC5)s4)cc3OC)nc2N1C1CCCC1,=,-0.8626845637357965,,CHEMBL6111454,CHEMBL6109112,Plasma protein binding in human assessed as unbound fraction incubated for 6 hrs by LC-MS/MS analysis,29178334,unknown,human
CC[C@@H]1C(=O)N(C)c2cnc(Nc3ccc(-c4noc(CN5CCCNCC5)n4)cc3OC)nc2N1C1CCCC1,=,-1.323284678931491,,CHEMBL5361542,CHEMBL5360536,Protein binding in human plasma assessed as unbound fraction at 1 uM incubated for 6 hrs by LC-MS/MS analysis,25613600,unknown,human
CC[C@@H]1C(=O)N(C)c2cnc(Nc3ccc(-c4noc(CN5CCNCC5)n4)cc3OC)nc2N1C1CCCC1,=,-0.5996587064285503,,CHEMBL5361542,CHEMBL5360536,Protein binding in human plasma assessed as unbound fraction at 1 uM incubated for 6 hrs by LC-MS/MS analysis,25613599,unknown,human
CC[C@@H]1C(=O)N(C)c2cnc(Nc3ccc(C(=O)NC4CCN(C)CC4)cc3OC)nc2N1C1CCCC1,=,0.0077823261211031,,CHEMBL5337495,CHEMBL5335814,Plasma protein binding in human assessed as unbound fraction at 1 uM incubated for 6 hrs by LC-MS/MS analysis,25521499,unknown,human
CC[C@@H]1C(=O)N(C)c2cnc(Nc3ccc(C(=O)NC4CCN(C)CC4)cc3OC)nc2N1C1CCCC1,=,0.0077823261211031,,CHEMBL5361542,CHEMBL5360536,Protein binding in human plasma assessed as unbound fraction at 1 uM incubated for 6 hrs by LC-MS/MS analysis,25613601,unknown,human
CC[C@@H]1C(=O)N(C)c2cnc(Nc3ccc(C(=O)NC4CCN(C)CC4)cc3OC)nc2N1C1CCCC1,=,0.0055531472707097,,CHEMBL6111454,CHEMBL6109112,Plasma protein binding in human assessed as unbound fraction incubated for 6 hrs by LC-MS/MS analysis,29178336,unknown,human
CC[C@@H]1CN2CC[C@@]3(O)C(=Nc4cccc(OC)c43)[C@@H]2C[C@@H]1/C(=C\OC)C(=O)OC,=,0.4069462030645636,,CHEMBL4380109,CHEMBL4376854,Fraction unbound in human plasma at 1 uM by equilibrium dialysis,19150760,unknown,human
CC[C@@H]1CN2CCc3c([nH]c4cccc(O)c34)[C@@H]2C[C@@H]1/C(=C\OC)C(=O)OC,=,-0.2512281700195782,,CHEMBL4380109,CHEMBL4376854,Fraction unbound in human plasma at 1 uM by equilibrium dialysis,19150761,unknown,human
CC[C@@H]1CN2CCc3c([nH]c4cccc(OC)c34)[C@@H]2C[C@@H]1/C(=C\OC)C(=O)OC,=,-0.4020844485401025,,CHEMBL4380109,CHEMBL4376854,Fraction unbound in human plasma at 1 uM by equilibrium dialysis,19150759,unknown,human
CC[C@@H]1CN2CCc3c([nH]c4cccc(OC)c34)[C@H]2C[C@@H]1/C(=C\OC)C(=O)OC,=,-0.7505149849490745,,CHEMBL4380109,CHEMBL4376854,Fraction unbound in human plasma at 1 uM by equilibrium dialysis,19150758,unknown,human
CC[C@@H]1CN2CCc3c([nH]c4ccccc34)[C@@H]2C[C@@H]1/C(=C\OC)C(=O)OC,=,-0.4020844485401025,,CHEMBL4380109,CHEMBL4376854,Fraction unbound in human plasma at 1 uM by equilibrium dialysis,19150762,unknown,human
CC[C@@H]1C[C@]1(NC(=O)[C@@H]1C[C@@H](Oc2cc(-c3csc(NC(C)C)n3)nc3c(Cl)c(OCCN4CCOCC4)ccc23)CN1C(=O)[C@@H](NC(=O)O[C@@H]1C[C@@H]2C[C@@H]2C1)C(C)(C)C)C(=O)O,=,-0.2701994406127747,,CHEMBL2013252,CHEMBL2010675,Fraction unbound in human plasma,10844151,unknown,human
CC[C@@H]1[C@@H]2CN(C(=O)[C@H](C(C)(C)C)NC(=O)O[C@@H]3C[C@H]3CCCCC(F)(F)c3nc4ccc(OC)cc4nc3O2)[C@@H]1C(=O)N[C@]1(C(=O)NS(=O)(=O)C2(C)CC2)C[C@H]1C(F)F,=,-1.1408597057392154,,CHEMBL4349601,CHEMBL4346726,Fraction unbound in human plasma,19031703,unknown,human
CC[C@H](C(=O)Nc1cccc2c(-c3nc(Nc4cccc(S(C)(=O)=O)c4F)ncc3C)c[nH]c12)N1CCN(C)CC1,=,0.0585156666555915,,CHEMBL5369329,CHEMBL5365521,Plasma protein binding in human assessed as free fraction,25646290,unknown,human
CC[C@H](C(=O)Nc1cccc2c(-c3nc(Nc4cccc(S(C)(=O)=O)c4F)ncc3F)c[nH]c12)N1CCN(C)CC1,=,0.0585156666555915,,CHEMBL5369329,CHEMBL5365521,Plasma protein binding in human assessed as free fraction,25646293,unknown,human
CC[C@H](C)C(=O)O[C@H]1C[C@@H](C)C=C2C=C[C@H](C)[C@H](CC[C@@H]3C[C@@H](O)CC(=O)O3)[C@H]21,=,-0.0172998337847618,,CHEMBL1043580,CHEMBL1156824,Fraction unbound in human plasma,2990531,unknown,human
CC[C@H](C)C(=O)O[C@H]1C[C@H](O)C=C2C=C[C@H](C)[C@H](CC[C@@H](O)C[C@@H](O)CC(=O)O)[C@H]21,=,1.2159768546692298,,CHEMBL1043580,CHEMBL1156824,Fraction unbound in human plasma,2993173,unknown,human
CC[C@H](C)C(=O)O[C@H]1C[C@H](O)C=C2C=C[C@H](C)[C@H](CC[C@@H](O)C[C@@H](O)CC(=O)O)[C@H]21,=,-0.9795889876419448,,CHEMBL4702833,CHEMBL4699523,Fraction unbound in human plasma,22763468,unknown,human
CC[C@H](C)[C@@H]([C@@H](CC(=O)N1CCC[C@H]1[C@H](OC)[C@@H](C)C(=O)N[C@@H](Cc1ccccc1)c1nccs1)OC)N(C)C(=O)[C@@H](NC(=O)C(C)(C)N)C(C)C,=,0.2276531964338244,,CHEMBL3381233,CHEMBL3352038,Fraction unbound in human plasma at 0.1 uM,15065105,unknown,human
CC[C@H](C1CC1)n1cc(C#N)nc(Nc2cc(C)c(OC)nc2C)c1=O,=,-0.4278685108271337,,CHEMBL1043158,CHEMBL1154735,Fraction unbound in human serum after 3 to 7 hrs by equilibrium dialysis,2941167,unknown,human
CC[C@H](NC(=O)c1cn(-c2c(F)cc(F)cc2F)c2nc(N3C[C@@H](O)CC3=O)ccc2c1=O)C(F)(F)F,=,-0.1982656506346964,,CHEMBL6085926,CHEMBL6083268,Fraction unbound in human plasma,29102250,unknown,human
CC[C@H](c1ccc(C(=O)O)c(Oc2cccc(Cl)c2)c1OC)N1CCC[C@H](n2cc(C)c(=O)[nH]c2=O)C1,=,-0.5466961870436686,,CHEMBL3300182,CHEMBL3297666,Fraction unbound in human plasma at 10 uM after 5 hrs by rapid equilibrium dialysis method,14755738,unknown,human
CC[C@H]1OC(=O)[C@H](C)[C@@H](O[C@H]2C[C@@](C)(OC)[C@@H](O)[C@H](C)O2)[C@H](C)[C@@H](O[C@@H]2O[C@H](C)C[C@H](N(C)C)[C@H]2O)[C@](C)(O)C[C@@H](C)C(=O)[C@H](C)[C@@H](O)[C@]1(C)O,=,0.4069462030645636,,CHEMBL1043580,CHEMBL1156824,Fraction unbound in human plasma,2990651,unknown,human
CC[C@H]1OC(=O)[C@H](C)[C@@H](O[C@H]2C[C@@](C)(OC)[C@@H](O)[C@H](C)O2)[C@H](C)[C@@H](O[C@@H]2O[C@H](C)C[C@H](N(C)C)[C@H]2O)[C@](C)(O)C[C@@H](C)CN(C)[C@H](C)[C@@H](O)[C@]1(C)O,=,1.5001482388297935,,CHEMBL1043580,CHEMBL1156824,Fraction unbound in human plasma,2994791,unknown,human
CC[C@H]1OC(=O)[C@H](C)[C@@H](O[C@H]2C[C@@](C)(OC)[C@@H](O)[C@H](C)O2)[C@H](C)[C@@H](O[C@@H]2O[C@H](C)C[C@H](N(C)C)[C@H]2O)[C@](C)(OC)C[C@@H](C)C(=O)[C@H](C)[C@@H](O)[C@]1(C)O,=,0.8256321338790893,,CHEMBL1043580,CHEMBL1156824,Fraction unbound in human plasma,2991849,unknown,human
CC[C@](C)(N)CNC(=O)c1c(C)nc2c(OCc3c(F)cccc3F)cc(C)cn12,=,0.7295926771865047,,CHEMBL5340624,CHEMBL5338746,Fraction unbound in human plasma,25530375,unknown,human
CC[C@]1(O)C[C@@H]2CN(CCc3c([nH]c4ccccc34)[C@@](C(=O)OC)(c3cc4c(cc3OC)N(C)[C@H]3[C@@](O)(C(=O)OC)[C@H](OC(C)=O)[C@]5(CC)C=CCN6CC[C@]43[C@@H]65)C2)C1,=,0.5760837328427963,,CHEMBL1043580,CHEMBL1156824,Fraction unbound in human plasma,2990701,unknown,human
CCc1c(-c2nsc(-c3ccc(CC(C)C)c(C#N)c3)n2)ccnc1CCCC(=O)O,=,-1.585329698840772,,CHEMBL2061661,CHEMBL2057096,Percentage unbound in human plasma,10959136,unknown,human
CCc1c(C(=O)C(N)=O)c2c(OCC(=O)O)cccc2n1Cc1ccccc1,=,0.5191157818512858,,CHEMBL4431155,CHEMBL4428134,Unbound fraction in human plasma,19439653,unknown,human
CCc1c(CCCC(=O)O)cccc1-c1cnc(-c2ccc(OC(C)C)c(C#N)c2)nc1,=,-1.585329698840772,,CHEMBL2061661,CHEMBL2057096,Percentage unbound in human plasma,10959087,unknown,human
CCc1c(CCCC(=O)O)cccc1-c1cnc(-c2ccc(OC(C)C)c(C#N)c2)s1,=,-1.9079761729627127,,CHEMBL2061661,CHEMBL2057096,Percentage unbound in human plasma,10959084,unknown,human
CCc1c(CCCC(=O)O)cccc1-c1nnc(-c2ccc(OC(C)C)c(C#N)c2)s1,=,-1.0889911563333765,,CHEMBL2061661,CHEMBL2057096,Percentage unbound in human plasma,10959081,unknown,human
CCc1c(CCCC(=O)O)cccc1-c1nsc(-c2ccc(CC(C)C)c(C#N)c2)n1,=,-2.5131880266619726,,CHEMBL2061661,CHEMBL2057096,Percentage unbound in human plasma,10959118,unknown,human
CCc1c(CCCC(=O)O)cccc1-c1nsc(-c2ccc(N3CCCCC3)c(C(F)(F)F)c2)n1,=,-4.222898548989989,,CHEMBL2061661,CHEMBL2057096,Percentage unbound in human plasma,10959126,unknown,human
CCc1c(CCCC(=O)O)cccc1-c1nsc(-c2ccc(OC(C)C)c(C#N)c2)n1,=,-1.5350198452790742,,CHEMBL2061661,CHEMBL2057096,Percentage unbound in human plasma,10959082,unknown,human
CCc1c(CCCC(=O)O)cccc1-c1nsc(-c2ccc(OC(C)C)c(C(F)(F)F)c2)n1,=,-2.896299831198118,,CHEMBL2061661,CHEMBL2057096,Percentage unbound in human plasma,10959116,unknown,human
CCc1c(CCCC(=O)O)cccc1-c1nsc(-c2ccc(OC(C)C)c(Cl)c2)n1,=,-1.7041573750573065,,CHEMBL2061661,CHEMBL2057096,Percentage unbound in human plasma,10959114,unknown,human
CCc1c(CCCC(=O)O)cccc1-c1nsc(-c2cnc(OC(C)C)c(C(F)(F)F)c2)n1,=,-2.4967052710865407,,CHEMBL2061661,CHEMBL2057096,Percentage unbound in human plasma,10959120,unknown,human
CCc1c(CCCC(=O)O)cncc1-c1nsc(-c2ccc(CC(C)C)c(C#N)c2)n1,=,-1.73883864318448,,CHEMBL2061661,CHEMBL2057096,Percentage unbound in human plasma,10959134,unknown,human
CCc1c(CCCC(=O)O)cncc1-c1nsc(-c2ccc(OC(C)C)c(C(F)(F)F)c2)n1,=,-1.816326953844029,,CHEMBL2061661,CHEMBL2057096,Percentage unbound in human plasma,10959130,unknown,human
CCc1c(CCCC(=O)O)cncc1-c1nsc(-c2ccc(OC(C)C)c(Cl)c2)n1,=,-1.585329698840772,,CHEMBL2061661,CHEMBL2057096,Percentage unbound in human plasma,10959132,unknown,human
CCc1c(CCN(C)CC(=O)O)cccc1-c1nsc(-c2ccc(OC(C)C)c(C(F)(F)F)c2)n1,=,-1.5350198452790742,,CHEMBL2061661,CHEMBL2057096,Percentage unbound in human plasma,10959763,unknown,human
CCc1c(CCN2CC(C(=O)O)C2)cccc1-c1nsc(-c2ccc(CC(C)C)c(C#N)c2)n1,=,-0.9226776733478038,,CHEMBL2061661,CHEMBL2057096,Percentage unbound in human plasma,10959792,unknown,human
CCc1c(CCN2CC(C(=O)O)C2)cccc1-c1nsc(-c2ccc(OC(C)C)c(C(F)(F)F)c2)n1,=,-1.4473760577670187,,CHEMBL2061661,CHEMBL2057096,Percentage unbound in human plasma,10959774,unknown,human
CCc1c(CCN2CC(C(=O)O)C2)cccc1-c1nsc(-c2ccc(OC(C)C)c(Cl)c2)n1,=,-0.9518266504404824,,CHEMBL2061661,CHEMBL2057096,Percentage unbound in human plasma,10959783,unknown,human
CCc1c(CCN2CC(O)C2)cccc1-c1nsc(-c2ccc(CC(C)C)c(C#N)c2)n1,=,-1.9553841716661244,,CHEMBL2061661,CHEMBL2057096,Percentage unbound in human plasma,10959795,unknown,human
CCc1c(CCN2CCC(C(=O)O)CC2)cccc1-c1nsc(-c2ccc(CC(C)C)c(C#N)c2)n1,=,-0.9748541425225188,,CHEMBL2061661,CHEMBL2057096,Percentage unbound in human plasma,10959789,unknown,human
CCc1c(CCN2CCC(C(=O)O)CC2)cccc1-c1nsc(-c2ccc(OC(C)C)c(C(F)(F)F)c2)n1,=,-1.6412404906477542,,CHEMBL2061661,CHEMBL2057096,Percentage unbound in human plasma,10959771,unknown,human
CCc1c(CCN2CCC(C(=O)O)CC2)cccc1-c1nsc(-c2ccc(OC(C)C)c(Cl)c2)n1,=,-1.1519080407429287,,CHEMBL2061661,CHEMBL2057096,Percentage unbound in human plasma,10959780,unknown,human
CCc1c(CCN2CCCCC2)cccc1-c1nsc(-c2ccc(CC(C)C)c(C#N)c2)n1,=,-2.7987016786613923,,CHEMBL2061661,CHEMBL2057096,Percentage unbound in human plasma,10959798,unknown,human
CCc1c(CCNCC(=O)O)cccc1-c1nsc(-c2ccc(OC(C)C)c(C(F)(F)F)c2)n1,=,-1.7760911650353848,,CHEMBL2061661,CHEMBL2057096,Percentage unbound in human plasma,10959760,unknown,human
CCc1c(CN(C)C(C)(C)C(=O)O)cccc1-c1nsc(-c2ccc(OC(C)C)c(C(F)(F)F)c2)n1,=,-3.526037476172045,,CHEMBL2061661,CHEMBL2057096,Percentage unbound in human plasma,10959757,unknown,human
CCc1c(CN(C)CC(=O)O)cccc1-c1nsc(-c2ccc(OC(C)C)c(C(F)(F)F)c2)n1,=,-1.109100998210553,,CHEMBL2061661,CHEMBL2057096,Percentage unbound in human plasma,10959754,unknown,human
CCc1c(CN2CC(C(=O)O)C2)cccc1-c1nsc(-c2ccc(CC(C)C)c(C#N)c2)n1,=,-0.6264236061135469,,CHEMBL2061661,CHEMBL2057096,Percentage unbound in human plasma,10959786,unknown,human
CCc1c(CN2CC(C(=O)O)C2)cccc1-c1nsc(-c2ccc(OC(C)C)c(C(F)(F)F)c2)n1,=,-1.4276606286264133,,CHEMBL2061661,CHEMBL2057096,Percentage unbound in human plasma,10959768,unknown,human
CCc1c(CN2CC(C(=O)O)C2)cccc1-c1nsc(-c2ccc(OC(C)C)c(Cl)c2)n1,=,-0.7710353446171127,,CHEMBL2061661,CHEMBL2057096,Percentage unbound in human plasma,10959777,unknown,human
CCc1c[nH]c2ncnc(N3CC[C@](N)(CNC(=O)c4ccc(F)cc4F)C3)c12,=,0.8891914196629352,,CHEMBL1176587,CHEMBL1177702,Fraction unbound in human plasma at 1 uM,3368278,unknown,human
CCc1c[nH]c2ncnc(N3CC[C@](N)(CNC(=O)c4ccc(F)cc4F)C3)c12,=,0.844927087037862,,CHEMBL1176591,CHEMBL1177702,Fraction unbound in human plasma at 10 uM,3368274,unknown,human
CCc1cc(C(SC[C@H](N)C(=O)O)(c2ccccc2)c2ccccc2)ccc1C,=,-0.5142540273268247,,CHEMBL2327412,CHEMBL2321852,Fraction unbound in 100% human plasma at 5 uM by equilibrium dialysis method,12659046,unknown,human
CCc1cc(CC)n2nc(-c3ccc(OC)cc3)c(CC(=O)N(C)C(C)(C)C)c2n1,=,-0.6186299770217468,,CHEMBL3826070,CHEMBL3822400,Fraction unbound in human plasma after 4.5 hrs by rapid equilibrium dialysis method,16636191,unknown,human
CCc1cc(CC)n2nc(-c3ccc(OC)cc3)c(CC(=O)N(C)c3ccccc3)c2n1,=,-0.7026045584107611,,CHEMBL3826070,CHEMBL3822400,Fraction unbound in human plasma after 4.5 hrs by rapid equilibrium dialysis method,16636192,unknown,human
CCc1cc(CC)n2nc(-c3ccc(OC)cc3)c(CC(=O)N(CC)CC)c2n1,=,-0.7026045584107611,,CHEMBL3826070,CHEMBL3822400,Fraction unbound in human plasma after 4.5 hrs by rapid equilibrium dialysis method,16636188,unknown,human
CCc1cc(CC)n2nc(-c3ccc(OC)cc3)c(CC(=O)N(CC)c3ccccc3)c2n1,=,-1.0072963022393624,,CHEMBL3826070,CHEMBL3822400,Fraction unbound in human plasma after 4.5 hrs by rapid equilibrium dialysis method,16636193,unknown,human
CCc1cc(F)cc2[nH]c(C(=O)N3CCN(C(=O)C(=O)NC4(C)COC4)C[C@H]3C)cc12,=,0.5388312109918915,,CHEMBL6119796,CHEMBL6115041,Plasma protein binding in human assessed as free fraction by HPLC analysis,29203184,unknown,human
CCc1cc(N2CC=C(Oc3ccc(C4CC4)cc3)C2=O)ccc1OCCN1CC(O)(C2CC2)C1,=,-0.354174022001789,,CHEMBL5610158,CHEMBL5608206,Protein binding in human plasma assessed as free fraction,26111938,unknown,human
CCc1cc(N2CC=C(Oc3ccc(C4CC4)cc3)C2=O)ccc1OCCN1CC(O)C1,=,0.0585156666555915,,CHEMBL5610158,CHEMBL5608206,Protein binding in human plasma assessed as free fraction,26111937,unknown,human
CCc1cc(N2CC=C(Oc3ccc(C4CC4)cc3)C2=O)ccc1OCCN1CC(OC)C1,=,-0.5813774551708419,,CHEMBL5610158,CHEMBL5608206,Protein binding in human plasma assessed as free fraction,26111939,unknown,human
CCc1cc(N2CC=C(Oc3ccc(C4CC4)cc3)C2=O)ccc1OCCN1CCC2(CC1)COC2,=,-0.3104352294214184,,CHEMBL5610158,CHEMBL5608206,Protein binding in human plasma assessed as free fraction,26111940,unknown,human
CCc1cc(N2CC[C@@H](NC)C2)nc(N)n1,=,0.8872617474008635,,CHEMBL3241477,CHEMBL3232922,Fraction unbound in human plasma,14589203,unknown,human
CCc1cc(NC(=O)COc2ccc(Cl)cc2Cl)n(C2CCS(=O)(=O)C2)n1,=,0.0972023663893936,,CHEMBL5121037,CHEMBL5120743,Plasma protein binding in human assessed as unbound fraction,24750822,unknown,human
CCc1cc(NC(=O)c2nn(C3CCN(C(=O)NC(C)(C)C)CC3)c3ccccc23)ccc1-c1n[nH]c(=O)c(C)c1C,=,-1.0989455213580468,,CHEMBL4308767,CHEMBL4304837,Protein binding in human serum assessed as unbound fraction measured up to 5 hrs by LC-MS/MS analysis relative to control,18861441,unknown,human
CCc1cc(NC(=O)c2nn(C3CCN(C(=O)NC(C)(C)C)CC3)c3ccccc23)ccc1-c1n[nH]c(=O)cc1C,=,-1.2111151001447686,,CHEMBL4308767,CHEMBL4304837,Protein binding in human serum assessed as unbound fraction measured up to 5 hrs by LC-MS/MS analysis relative to control,18861440,unknown,human
CCc1cc2c(c(C(F)(F)F)c1)C(=O)N1CCNC[C@@H]21,=,0.6736818853795221,,CHEMBL920386,CHEMBL1142951,Unbound (%) ligand in human serum,1822730,unknown,human
CCc1cc2c(cc1CC)CC(NC[C@H](O)c1ccc(O)c3[nH]c(=O)ccc13)C2,=,-0.0172998337847618,,CHEMBL1115583,CHEMBL1157120,Fraction unbound in human plasma,3294122,unknown,human
CCc1ccc(-c2ccc(C(=O)N[C@@H](CCN)C(=O)N(C)[C@@H]3C(=O)N[C@@H](C)C(=O)N[C@H](C(=O)NCC#N)Cc4ccc(OCCN)c(c4)-c4cc3ccc4OCCN)c(C)c2)cc1,=,0.0878062235286654,,CHEMBL5375621,CHEMBL5370681,Unbound fraction in human plasma at 5 uM measured after 24 hrs by LC-MS/MS analysis,25668449,unknown,human
CCc1ccc(N(CC(C)C)S(=O)(=O)c2ccc(OCC3CCOCC3)c([S@@](C)(=N)=O)c2)cc1,=,0.0379953069875534,,CHEMBL4222780,CHEMBL4219169,Fraction unbound in human plasma at 5 uM incubated for 4 hrs at 37 degC by LC-MS/MS method,18581023,unknown,human
CCc1ccc(N(CC(C)C)S(=O)(=O)c2ccc(OCC3CCOCC3)c([S@](C)(=N)=O)c2)cc1,=,0.0483601898030849,,CHEMBL4222780,CHEMBL4219169,Fraction unbound in human plasma at 5 uM incubated for 4 hrs at 37 degC by LC-MS/MS method,18581024,unknown,human
CCc1ccc(Oc2cc(N3CCC(C(=O)N4CCc5ccccc5C4)CC3)ncn2)cc1,=,-1.9079761729627127,,CHEMBL4018269,CHEMBL4017477,Unbound plasma concentration in human,18084373,unknown,human
CCc1cccc(CNC(=O)c2nc3cccc(COCc4ccc(C(=O)O)cc4)c3c(=O)[nH]2)c1,=,-1.5595456365537408,,CHEMBL4830610,CHEMBL4828745,Fraction unbound in human plasma,23248625,unknown,human
CCc1cccc(NC(=O)c2cc(Oc3cncc(F)c3)cc(C)n2)n1,=,-1.0989455213580468,,CHEMBL4039217,CHEMBL4038301,Unbound fraction in human plasma at 5 uM after 4 hrs by equilibrium dialysis assay,18179381,unknown,human
CCc1cccc(NC(=O)c2cc(Oc3cncnc3)cc(C)n2)n1,=,-0.135348766225144,,CHEMBL4039217,CHEMBL4038301,Unbound fraction in human plasma at 5 uM after 4 hrs by equilibrium dialysis assay,18179380,unknown,human
CCc1cccc2cc(C(O)CNC(C)(C)C)oc12,=,0.7295926771865047,,CHEMBL1043580,CHEMBL1156824,Fraction unbound in human plasma,2991778,unknown,human
CCc1cnc(Oc2ccc(NC(=O)c3ncccc3N)cc2Cl)nc1,=,-1.2111151001447686,,CHEMBL3804047,CHEMBL3797196,Fraction unbound in human plasma,16581543,unknown,human
CCc1nc(-c2ccc3c(c2)CC[C@H]3NC(=O)c2cnn(C)c2)no1,=,0.3811621407775327,,CHEMBL4833484,CHEMBL4831540,Plasma protein binding in human assessed as unbound fraction,23263286,unknown,human
CCc1nc(C)cn2nc(-c3cc(=O)n4cc(C5CCN(C)CC5)cc(C)c4n3)cc12,=,0.5388312109918915,,CHEMBL4383100,CHEMBL4382198,Fraction unbound in human plasma,19160362,unknown,human
CCc1nc(C)cn2nc(-c3cc(=O)n4cc(C5CCN(C)CC5)cc(C)c4n3)cc12,=,0.5388312109918915,,CHEMBL4478569,CHEMBL4477215,Fraction unbound in human plasma,19470958,unknown,human
CCc1nc([C@@H](N)CC(C)C)nc2cc(OC)c(-c3cnco3)cc12,=,0.6736818853795221,,CHEMBL5159136,CHEMBL5154743,Plasma protein binding in human assessed as unbound fraction at 10 uM incubated for 5 hrs by rapid equlibrium dialysis based LC-MS/MS method,24893851,unknown,human
CCc1nc([C@@H](N)CC(C)C)nc2ccc(-c3cnco3)cc12,=,0.9916376970957856,,CHEMBL5159136,CHEMBL5154743,Plasma protein binding in human assessed as unbound fraction at 10 uM incubated for 5 hrs by rapid equlibrium dialysis based LC-MS/MS method,24893847,unknown,human
CCc1ncn(CC(=O)N2CCN(c3sc(C(F)(F)F)nc3-c3cnc(C(F)(F)F)nc3)C[C@H]2CCO)n1,=,0.6107650009699698,,CHEMBL5251563,CHEMBL5247653,Protein binding in human plasma assessed as fraction unbound at 1 uM incubated for 6 hrs by rapid equilibrium dialysis based LC-MS/MS analysis,25066250,unknown,human
CCc1nn(C2CCCC2)c2c1CCn1c(-c3cccs3)nnc1-2,=,-0.4020844485401025,,CHEMBL908476,CHEMBL1139839,Plasma protein binding in human,1802693,unknown,human
CCc1nn(CCCN2CCN(c3cccc(Cl)c3)CC2)c(=O)n1CCOc1ccccc1,=,-0.7505149849490745,,CHEMBL1043580,CHEMBL1156824,Fraction unbound in human plasma,2990483,unknown,human
CCc1nnc(-c2ccc(-c3ccccc3)nc2)n1-c1cccc(C#N)c1C,=,0.4985954221832476,,CHEMBL2421625,CHEMBL2417446,Fraction unbound in human plasma,13431548,unknown,human
CCc1nnc([C@@H](C)NS(=O)(=O)c2ccc(Cl)cc2)n1CC,=,1.022112421788494,,CHEMBL3405782,CHEMBL3399941,Protein binding in human plasma assessed as unbound fraction,15182276,unknown,human
CCc1noc(-c2cnc(Nc3ccc4c(c3)C(C)(C)OC4=O)nc2N[C@H](CO)c2ccccc2)n1,=,-1.3557268386483343,,CHEMBL4689496,CHEMBL4680358,Protein binding in human plasma assessed as free fraction,22489966,unknown,human
CCc1noc2cc(Nc3n[nH]c4cccnc34)ccc12,=,-0.2512281700195782,,CHEMBL4310042,CHEMBL4308847,Fraction unbound in human plasma after 4 hrs by equilibrium dialysis method,18871294,unknown,human
CCc1nsc2cc(Nc3n[nH]c4cccnc34)ccc12,=,-0.1207773399751477,,CHEMBL4310042,CHEMBL4308847,Fraction unbound in human plasma after 4 hrs by equilibrium dialysis method,18871303,unknown,human
CCc1sc2ncnc(N[C@H](Cc3ccccc3)C(=O)O)c2c1-c1ccc(OCCN2CCN(C)CC2)c(Cl)c1C,=,-1.5595456365537408,,CHEMBL4375129,CHEMBL4373699,Fraction unbound in human plasma,19132677,unknown,human
CCc1sc2ncnc(O[C@H](Cc3ccccc3)C(=O)O)c2c1-c1ccc(OCCN2CCN(C)CC2)c(Cl)c1C,=,-1.0989455213580468,,CHEMBL4375129,CHEMBL4373699,Fraction unbound in human plasma,19132678,unknown,human
CCn1c(=O)c2c(C)c(C(=O)N3CCC(O)CC3)sc2n(CCC(F)(F)F)c1=O,=,1.3076260737879135,,CHEMBL4422952,CHEMBL4422615,Fraction unbound in human plasma by equilibrium dialysis method,19362396,unknown,human
CCn1c(CO)nn(-c2nc(O[C@@H](C)C(F)(F)F)c(C(=O)Nc3c(C)ccnc3Cl)cc2F)c1=O,=,1.0780232135954766,,CHEMBL5142016,CHEMBL5137081,Plasma protein binding in human assessed as free fraction at 1 uM by equilibrium dialysis based LC-MS/MS analysis,24827415,unknown,human
CCn1c(CO)nn(-c2nc(O[C@@H](C)C(F)(F)F)c(C(=O)Nc3c(C)cnc(OC)c3Cl)cc2F)c1=O,=,0.1746906770489424,,CHEMBL5142016,CHEMBL5137081,Plasma protein binding in human assessed as free fraction at 1 uM by equilibrium dialysis based LC-MS/MS analysis,24827416,unknown,human
CCn1c(Nc2ccc(N3CCN(C)CC3)cc2)ncc(-c2ccc(-c3cncs3)cc2Cl)c1=O,=,-2.0201457517494346,,CHEMBL3598811,CHEMBL3596182,Protein binding in human plasma assessed as unbound fraction,15656297,unknown,human
CCn1c([C@@H](C)NS(=O)(=O)c2ccc(C#N)nc2)nc2cnc(C(F)(F)F)cc21,=,0.8470259585922197,,CHEMBL3607294,CHEMBL3603779,Unbound fraction in human plasma at 10 uM by LCMS/MS detection based equilibrium dialysis method,15678843,unknown,human
CCn1c([C@@H](C)NS(=O)(=O)c2ccc(C#N)nc2)nc2cnc(C3CC3)cc21,=,0.7295926771865047,,CHEMBL3607294,CHEMBL3603779,Unbound fraction in human plasma at 10 uM by LCMS/MS detection based equilibrium dialysis method,15678871,unknown,human
CCn1cc(C(=O)O)c(=O)c2cc(F)c(N3CCN(C)CC3)cc21,=,1.419795652574636,,CHEMBL1043580,CHEMBL1156824,Fraction unbound in human plasma,2993474,unknown,human
CCn1cc([C@@]2(c3nn(C)c(=O)o3)N[C@@H](c3nc(-c4ccc(F)cn4)c[nH]3)Cc3c2[nH]c2ccccc32)cn1,=,0.396790726212057,,CHEMBL3584083,CHEMBL3580651,Fraction unbound in human plasma,15615086,unknown,human
CCn1cc2c(Oc3cnc(C(=O)N4CCC4)c(F)c3)cc(C(=O)Nc3cnc(C)cn3)cc2n1,=,0.7553767394735358,,CHEMBL2215666,CHEMBL2203262,Fraction unbound in human plasma,12199922,unknown,human
CCn1cnc2c(-c3ccc(F)c(-c4cc5c(cc4OC)C(=O)N(C)C5)c3)cnnc21,=,1.4459147225428244,,CHEMBL4351532,CHEMBL4350959,Protein binding in human plasma assessed as unbound fraction,19039509,unknown,human
CCn1cnc2c(-c3ccc(F)c(-c4ccc(S(=O)(=O)CC)cc4OC)c3)cnnc21,=,0.5310375819000914,,CHEMBL4351532,CHEMBL4350959,Protein binding in human plasma assessed as unbound fraction,19039508,unknown,human
CCn1nc2c(-c3ccc(Cl)cc3)c(-c3cnc(C)nc3)c(=O)n(Cc3ccc(C(F)(F)F)nc3C)n2c1=O,=,0.2276531964338244,,CHEMBL3268581,CHEMBL3259698,Fraction unbound in human plasma at 10 uM by equilibrium dialysis method,14646902,unknown,human
CCn1nnc2c(C)c([C@@H](CC(=O)O)c3ccc4c(c3)CN(C(=O)c3c(C)c(C)cc(C)c3C)CC4)ccc21,=,-0.9240956686660098,,CHEMBL4611438,CHEMBL4610043,Protein binding in human plasma assessed as unbound fraction at 2 uM by rapid equilibrium dialysis method,20634614,unknown,human
CN(C(=O)Cc1ccc(-n2cnnn2)cc1)C1CCN(Cc2ccc(C(F)(F)F)cc2)CC1,=,0.2689925619908105,,CHEMBL2014827,CHEMBL2010696,Fraction unbound in human plasma,10842927,unknown,human
CN(C(=O)c1nsc2cc(Nc3n[nH]c4cccnc34)ccc12)C1CC(F)(F)C1,=,-1.0072963022393624,,CHEMBL4310042,CHEMBL4308847,Fraction unbound in human plasma after 4 hrs by equilibrium dialysis method,18871309,unknown,human
CN(C)C(=N)NC(=N)N,=,1.564407391078202,,CHEMBL1043580,CHEMBL1156824,Fraction unbound in human plasma,2978208,unknown,human
CN(C)C(=N)c1ccc(C(=O)Nc2ccc(Cl)cc2C(=O)Nc2ccc(Cl)cn2)c(F)c1,=,1.4978581254976029,,CHEMBL968699,CHEMBL1138586,Fraction unbound in human plasma at 10 uM after 30 mins,2516655,unknown,human
CN(C)C(=N)c1ccc(C(=O)Nc2ccc(Cl)cc2C(=O)Nc2ccc(Cl)cn2)cc1,=,1.5007191406594396,,CHEMBL968699,CHEMBL1138586,Fraction unbound in human plasma at 10 uM after 30 mins,2516653,unknown,human
CN(C)C(=O)CCS[C@H](SCCC(=O)O)c1cccc(/C=C/c2ccc3ccc(Cl)cc3n2)c1,=,-4.046630700979746,,CHEMBL4702833,CHEMBL4699523,Fraction unbound in human plasma,22763463,unknown,human
CN(C)C(=O)CNCCc1cccc(OCC(F)(F)C(C)(F)F)c1.Cl,=,1.2259312196939005,,CHEMBL4265446,CHEMBL4261643,Fraction unbound in 10% human plasma after 18 hrs by LC-MS/MS analysis,18757201,unknown,human
CN(C)C(=O)CNCCc1cccc(OCC(F)(F)C(F)(F)C(C)(F)F)c1.Cl,=,0.8675463182602577,,CHEMBL4265446,CHEMBL4261643,Fraction unbound in 10% human plasma after 18 hrs by LC-MS/MS analysis,18757205,unknown,human
CN(C)C(=O)CNCCc1cccc(OCC(F)(F)C(F)(F)C(F)(F)C(F)(F)F)c1.Cl,=,0.2689925619908105,,CHEMBL4265446,CHEMBL4261643,Fraction unbound in 10% human plasma after 18 hrs by LC-MS/MS analysis,18757206,unknown,human
CN(C)C(=O)CNCCc1cccc(OCC(F)(F)C(F)(F)C(F)(F)F)c1.Cl,=,0.7553767394735358,,CHEMBL4265446,CHEMBL4261643,Fraction unbound in 10% human plasma after 18 hrs by LC-MS/MS analysis,18757202,unknown,human
CN(C)C(=O)CNCCc1cccc(OCCC(C)(F)F)c1.Cl,=,1.3241088293633465,,CHEMBL4265446,CHEMBL4261643,Fraction unbound in 10% human plasma after 18 hrs by LC-MS/MS analysis,18757200,unknown,human
CN(C)C(=O)CNCCc1cccc(OCCCC(C)(F)F)c1.Cl,=,1.205821377816723,,CHEMBL4265446,CHEMBL4261643,Fraction unbound in 10% human plasma after 18 hrs by LC-MS/MS analysis,18757204,unknown,human
CN(C)C(=O)CNCCc1cccc(OCCCC(C)(F)F)c1.Cl,=,1.205821377816723,,CHEMBL4380717,CHEMBL4376873,Fraction unbound in 10% human plasma by equilibrium dialysis,19154511,unknown,human
CN(C)C(=O)CNCCc1cccc(OCCCC(F)(F)CF)c1.Cl,=,1.1848733881722604,,CHEMBL4380717,CHEMBL4376873,Fraction unbound in 10% human plasma by equilibrium dialysis,19154510,unknown,human
CN(C)C(=O)CNCCc1cccc(OCCCC(F)(F)F)c1.Cl,=,1.1848733881722604,,CHEMBL4380717,CHEMBL4376873,Fraction unbound in 10% human plasma by equilibrium dialysis,19154513,unknown,human
CN(C)C(=O)CNCCc1cccc(OCCCCC(F)(F)F)c1.Cl,=,0.9245142692517684,,CHEMBL4380717,CHEMBL4376873,Fraction unbound in 10% human plasma by equilibrium dialysis,19154512,unknown,human
CN(C)C(=O)COC(=O)c1cc(-c2ccc([C@@H]3C[C@@H]4C[C@H]3NC4=O)cc2)c2ccc(-c3ccc(C(F)(F)F)cc3)cc2c1,=,1.563350655202133,,CHEMBL5045633,CHEMBL5042543,Plasma protein binding in human assessed as bound fraction,24409091,unknown,human
CN(C)C(=O)COC(=O)c1cc(-c2ccc([C@H]3C[C@H]4C[C@@H]3CN4)cc2)c2ccc(-c3ccc(C(F)(F)F)cc3)cc2c1,=,1.562897087467441,,CHEMBL5045633,CHEMBL5042543,Plasma protein binding in human assessed as bound fraction,24409090,unknown,human
CN(C)C(=O)Cn1cc(-c2nc([C@@](C)(c3ccc(-c4cnc(N)nc4)cc3)C3CC3)no2)cn1,=,0.0274122001586224,,CHEMBL3418146,CHEMBL3414472,Fraction unbound in human plasma by equilibrium dialysis method,15222877,unknown,human
CN(C)C(=O)Oc1ccc[n+](C)c1,=,1.564407391078202,,CHEMBL1043580,CHEMBL1156824,Fraction unbound in human plasma,2978210,unknown,human
CN(C)C(=O)[C@H]1Cc2c([nH]c3ccccc23)[C@H](c2ccccc2)N1C(=O)CCl,=,0.3916349988930112,,CHEMBL5376065,CHEMBL5375942,Unbound fraction in human plasma,25670233,unknown,human
CN(C)C(=O)c1cc(CN2CCOc3c(F)cccc32)c2oc(N3CCOCC3)cc(=O)c2c1,=,0.9591955373789416,,CHEMBL3802911,CHEMBL3797054,Fraction unbound in human plasma,16566094,unknown,human
CN(C)C(=O)c1cc(F)ccc1CNC(=O)c1nc(C(C)(C)C)n(C)c(=O)c1O,=,0.7024142200886537,,CHEMBL927109,CHEMBL1144749,Fraction unbound in human plasma proteins after 1 hr,2159748,unknown,human
CN(C)C(=O)c1ccc(-c2ccc3c(c2)CCN(CCN2CCCC2)C3=O)cc1,=,1.2991774882425828,,CHEMBL2034382,CHEMBL2029265,Fraction unbound in human plasma,10888899,unknown,human
CN(C)C(=O)c1ccc2c(c1)c(Oc1c(Cl)cccc1C(F)(F)F)nn2-c1ccc(C(=O)O)cc1,=,-0.5466961870436686,,CHEMBL3868207,CHEMBL3867469,Fraction unbound in human plasma at 5 uM after 4 hrs by equilibrium dialysis based LC-MS/MS analysis,16798021,unknown,human
CN(C)C(C)(C)c1nc(O)c(O)c(C(=O)NCc2ccc(F)cc2)n1,=,0.4548566296028772,,CHEMBL915709,CHEMBL1147159,Percent of unbound ligand in human plasma,1861589,unknown,human
CN(C)CC(=O)N(C)C1COc2ccccc2-c2c(C3CCCCC3)c3ccc(C(=O)O)cc3n2C1,=,-1.0989455213580468,,CHEMBL1655251,CHEMBL1649090,Fraction unbound in human plasma,5149595,unknown,human
CN(C)CC(=O)N1CCn2c(c(C3CCCCC3)c3ccc(C(=O)O)cc32)-c2ccc(F)cc2C1,=,-0.4020844485401025,,CHEMBL982426,CHEMBL1143361,Fraction unbound in human plasma,2499413,unknown,human
CN(C)CC(C)(C)COc1ccc(NC(=O)Nc2cccnc2Oc2ccccc2C(C)(C)C)cc1,=,0.0585156666555915,,CHEMBL2384078,CHEMBL2380307,Fraction unbound in human serum,13300620,unknown,human
CN(C)CCC(=O)Nc1cc(Nc2cnnc(-c3cc(Cl)ccc3F)c2)ccn1,=,0.4362367599376376,,CHEMBL6132383,CHEMBL6127142,Plasma protein binding in human plasma assessed as fraction unbound at 0.5 uM incubated for 5 hrs under shaking conditions by LC-MS/MS analysis,29245153,unknown,human
CN(C)CCC(c1ccc(Cl)cc1)c1ccccn1,=,1.3851143844474625,,CHEMBL1043580,CHEMBL1156824,Fraction unbound in human plasma,2993418,unknown,human
CN(C)CCC(c1ccc(Cl)cc1)c1ccccn1,=,0.1154836176471022,,CHEMBL3591348,CHEMBL3588773,Unbound fraction in human plasma,15644225,unknown,human
CN(C)CCC1CCN(c2cc(C(=O)NC[C@H]3CC[C@H](CNC(=O)OC(C)(C)C)CC3)c3ccccc3n2)CC1,=,-0.135348766225144,,CHEMBL1820803,CHEMBL1817551,Fraction unbound in human plasma at 10 uM after 18 hrs by equilibrium dialysis method,6327514,unknown,human
CN(C)CCC=C1c2ccccc2CCc2ccccc21,=,0.2276531964338244,,CHEMBL1043580,CHEMBL1156824,Fraction unbound in human plasma,2990572,unknown,human
CN(C)CCCC1(c2ccc(F)cc2)OCc2cc(C#N)ccc21,=,0.7553767394735358,,CHEMBL1043580,CHEMBL1156824,Fraction unbound in human plasma,2991820,unknown,human
CN(C)CCCN1c2ccccc2CCc2ccccc21.Cl,=,0.4266616322051693,,CHEMBL3528936,CHEMBL3526069,Fraction unbound in human plasma by ultracentrifugation method,15461474,unknown,human
CN(C)CCCN1c2ccccc2Sc2ccc(Cl)cc21,=,0.1154836176471022,,CHEMBL1043580,CHEMBL1156824,Fraction unbound in human plasma,2990559,unknown,human
CN(C)CCCOc1ccc(-c2ccc3ncc4c(c3c2)n(C2CCOCC2)c(=O)n4C)cn1,=,0.9421539390478172,,CHEMBL4153795,CHEMBL4152224,Fraction unbound in human plasma,18420329,unknown,human
CN(C)CCCOc1ccc(-c2ccc3ncc4c(c3c2)n(C2CCOCC2)c(=O)n4C)cn1,=,0.9421539390478172,,CHEMBL5529690,CHEMBL5528042,Plasma protein binding in human assessed as unbound fraction incubated for 16 hrs by equilibrium dialysis based UPLC-MS/MS analysis,25926727,unknown,human
CN(C)CCN(C)C1COc2ccccc2-c2c(C3CCCCC3)c3ccc(C(=O)O)cc3n2C1,=,-0.2512281700195782,,CHEMBL1655251,CHEMBL1649090,Fraction unbound in human plasma,5149594,unknown,human
CN(C)CCN1CCn2c(c(C3CCCCC3)c3ccc(C(=O)O)cc32)-c2ccccc2C1,=,-0.1982656506346964,,CHEMBL982426,CHEMBL1143361,Fraction unbound in human plasma,2499416,unknown,human
CN(C)CCNC(=O)c1cnc(N)c2cc(-c3ccc(S(=O)(=O)NC(C)(C)C)cc3)sc12,=,0.1826070454911193,,CHEMBL1941464,CHEMBL1938231,Fraction unbound in human plasma by equilibrium dialysis,8010860,unknown,human
CN(C)CCOc1cncc(-c2cccc(-c3cn4cccc(C(N)=O)c4n3)c2)c1,=,0.2487477183652802,,CHEMBL2415783,CHEMBL2413009,Fraction unbound in human plasma after 5 hrs by rapid equilibrium dialysis method,13406825,unknown,human
CN(C)CCc1c[nH]c2ccc(C[C@H]3COC(=O)N3)cc12,=,1.419795652574636,,CHEMBL1043580,CHEMBL1156824,Fraction unbound in human plasma,2993476,unknown,human
CN(C)CCc1c[nH]c2ccccc12.O=C(O)/C=C/C(=O)O,=,1.3705429581974662,,CHEMBL5372848,CHEMBL5370593,Plasma protein binding in human assessed as unbound fraction by rapid equilibrium dialysis analysis,25658226,unknown,human
CN(C)CCc1ccc(-c2nc(N)nc3ccccc23)cc1,=,-0.0412414541546705,,CHEMBL4673826,CHEMBL4673201,Plasma protein binding in human assessed as fraction unbound,22422475,unknown,human
CN(C)CCn1c(CC(C)(C)C)nc2cc(S(=O)(=O)C3CN(CCO)C3)ccc21,=,1.2159768546692298,,CHEMBL3378977,CHEMBL3352700,Unbound fraction in human plasma,14971352,unknown,human
CN(C)CCn1cc(-c2ccc3c(c2)C(=O)Nc2cccc(n2)-c2nncn2CCCCO3)cn1,=,0.1980753123125893,,CHEMBL4324216,CHEMBL4321844,Unbound fraction in human plasma at 1 uM incubated for 4 hrs by rapid equilibrium dialysis method,18924427,unknown,human
CN(C)CCn1cc2c3c(cccc31)C1=C[C@@H](C(=O)N3CCCC3)CN(C(=O)Nc3ccccc3)[C@@H]1C2,=,0.2276531964338244,,CHEMBL1810324,CHEMBL1806382,Fraction unbound in human serum,6293438,unknown,human
CN(C)Cc1cccc(-c2ccc(Cn3cc(C(=O)O)c(=O)c4cccc(F)c43)cc2)c1,=,0.0585156666555915,,CHEMBL1069882,CHEMBL1153216,Fraction unbound in human serum,3085707,unknown,human
CN(C)Cc1nnc2n1-c1ccc(Cl)cc1C(c1ccccc1)=NC2,=,0.9756782929543744,,CHEMBL1043580,CHEMBL1156824,Fraction unbound in human plasma,2991953,unknown,human
CN(C)S(=O)(=O)NC(=O)CCc1ccccc1,=,0.3010211642947998,,CHEMBL3801196,CHEMBL3797172,Percentage unbound in human plasma at 5 uM after 6 hrs by equilibrium dialysis method,16560845,unknown,human
CN(C)S(=O)(=O)c1ccc(F)c(C#Cc2cc(Cl)ccc2OCC(=O)O)c1,=,-0.8034775043339566,,CHEMBL1920742,CHEMBL1914440,Percentage unbound in human plasma,7923182,unknown,human
CN(C)S(=O)(=O)c1cncc(C#Cc2cc(Cl)ccc2OCC(=O)O)c1,=,-0.1503552240963827,,CHEMBL1920742,CHEMBL1914440,Percentage unbound in human plasma,7923360,unknown,human
CN(C)S(=O)(=O)n1cc(-c2nc(-c3nc(C4(c5ccccc5)CC4)n(C)n3)cnc2N)cn1,=,0.2820498937016034,,CHEMBL4001609,CHEMBL4000207,Unbound fraction in human plasma,17997616,unknown,human
CN(C)[C@@H]1C(O)=C(C(N)=O)C(=O)[C@@]2(O)C(O)=C3C(=O)c4c(O)cccc4[C@@](C)(O)[C@H]3C[C@@H]12,=,1.4395110817152417,,CHEMBL1043580,CHEMBL1156824,Fraction unbound in human plasma,2993519,unknown,human
CN(C)[C@@H]1CCN(c2ccc(-n3cnc(Nc4cnc(C#N)cn4)c3)cc2)C1,=,0.6736818853795221,,CHEMBL6180413,CHEMBL6177977,Plasma protein binding in human assessed as unbound fraction at 1 M incubated for 24 hrs by equilibrium dialysis based LC-MS analysis,29299406,unknown,human
CN(C)[C@@]1(C)C[C@H](C(=O)N2CCC(c3ccnn3-c3ccc(F)c(Cl)c3)CC2)[C@@H](c2ccc(F)cc2F)C1,=,0.4266616322051693,,CHEMBL2034222,CHEMBL2029344,Percentage unbound in 10% human plasma,10885892,unknown,human
CN(C)[C@]1(C)C[C@H](C(=O)N2CCC(c3ccnn3-c3ccc(F)c(Cl)c3)CC2)[C@@H](c2ccc(F)cc2F)C1,=,0.5902446413019317,,CHEMBL2034222,CHEMBL2029344,Percentage unbound in 10% human plasma,10885893,unknown,human
CN(C)c1cc(NC(=O)CNC(C)(C)C)c(O)c2c1C[C@H]1C[C@H]3[C@H](N(C)C)C(O)=C(C(N)=O)C(=O)[C@@]3(O)C(O)=C1C2=O,=,0.7553767394735358,,CHEMBL1696173,CHEMBL1687729,Fraction unbound in human plasma,5306521,unknown,human
CN(C)c1ccc2cc(C(=O)NS(=O)(=O)c3ccccc3-c3ccccc3)oc2c1,=,-2.344050496883741,,CHEMBL6095361,CHEMBL6092206,Plasma protein binding in human assessed as unbound fraction equilibrium dialysis based LC-MS/MS analysis,29132778,unknown,human
CN(C)c1nc(-c2ccccc2)c2ccccc2n1,=,-1.9079761729627127,,CHEMBL4673826,CHEMBL4673201,Plasma protein binding in human assessed as fraction unbound,22422477,unknown,human
CN(C)c1nc(=O)n(-c2ccccc2)c2cc(Cl)ccc12,=,0.5388312109918915,,CHEMBL5036619,CHEMBL5036310,Free plasma concentration in human by equilibrium dialysis,24373633,unknown,human
CN(C)c1nc(=O)n(-c2cccnc2)c2cc(Cl)ccc12,=,1.3400682335047578,,CHEMBL5036619,CHEMBL5036310,Free plasma concentration in human by equilibrium dialysis,24373634,unknown,human
CN(CCC1CCN(C(=O)OCc2cc(Cl)cc(Cl)c2)CC1)C(=O)c1c[nH]c(=O)o1,=,-1.0989455213580468,,CHEMBL4123930,CHEMBL4118209,Fraction unbound in human plasma at 5 uM after 2 to 6 hrs by rapid equilibrium dialysis method,18297088,unknown,human
CN(CCOc1ccc(CC2SC(=O)NC2=O)cc1)c1ccccn1,=,-1.5595456365537408,,CHEMBL1043580,CHEMBL1156824,Fraction unbound in human plasma,2990453,unknown,human
CN(CCOc1ccc(NS(C)(=O)=O)cc1)CCc1ccc(NS(C)(=O)=O)cc1,=,1.0508447564976258,,CHEMBL1043580,CHEMBL1156824,Fraction unbound in human plasma,2991994,unknown,human
CN(Cc1ccc(-c2ccc(N3CCOc4ncnc(N)c4C3=O)cc2)c(Cl)c1)C(=O)CCCN,=,1.1283330671571743,,CHEMBL3222766,CHEMBL3217691,Fraction unbound in human plasma,14536612,unknown,human
CN(Cc1ccc(-c2ccc(N3CCOc4ncnc(N)c4C3=O)cc2)c(Cl)c1)C(=O)CCN,=,1.1954564950011917,,CHEMBL3222766,CHEMBL3217691,Fraction unbound in human plasma,14536611,unknown,human
CN(Cc1ccc(-c2ccc(N3CCOc4ncnc(N)c4C3=O)cc2)c(Cl)c1)S(C)(=O)=O,=,0.3311307026242102,,CHEMBL3222766,CHEMBL3217691,Fraction unbound in human plasma,14536606,unknown,human
CN(Cc1ccc(C(F)(F)F)cc1)c1cc(C(=O)Nc2ccccc2)ncn1,=,-1.8600657464243997,,CHEMBL4032614,CHEMBL4028901,Fraction unbound in human plasma at 5 uM pre-incubated for 1 hr by ultra-centrifugation and LC-MS/MS method,18147481,unknown,human
CN(Cc1ccc(C(F)(F)F)nc1)c1cc(C(=O)Nc2ccccc2)ncn1,=,-2.256406709371685,,CHEMBL4032614,CHEMBL4028901,Fraction unbound in human plasma at 5 uM pre-incubated for 1 hr by ultra-centrifugation and LC-MS/MS method,18147482,unknown,human
CN(Cc1ccc(C(F)(F)F)nc1)c1cc(C(=O)Nc2nncs2)ncn1,=,-1.323284678931491,,CHEMBL4032614,CHEMBL4028901,Fraction unbound in human plasma at 5 uM pre-incubated for 1 hr by ultra-centrifugation and LC-MS/MS method,18147486,unknown,human
CN(Cc1ccc(F)cc1)c1cc(C(=O)Nc2nncs2)ncn1,=,-3.065437360976351,,CHEMBL4032614,CHEMBL4028901,Fraction unbound in human plasma at 5 uM pre-incubated for 1 hr by ultra-centrifugation and LC-MS/MS method,18147485,unknown,human
CN(Cc1cnc2nc(N)nc(N)c2n1)c1ccc(C(=O)N[C@@H](CCC(=O)O)C(=O)O)cc1,=,1.064617645634545,,CHEMBL1043580,CHEMBL1156824,Fraction unbound in human plasma,2992000,unknown,human
CN(c1ccccc1Cl)S(=O)(=O)c1ccc(NC(=O)c2ccncn2)cc1,=,-0.4837793026341161,,CHEMBL1228197,CHEMBL1221266,Fraction unbound in human plasma,3424988,unknown,human
CN(c1ccccc1Cl)S(=O)(=O)c1ccc(NC(=O)c2nccs2)cc1,=,-1.0989455213580468,,CHEMBL1228197,CHEMBL1221266,Fraction unbound in human plasma,3424989,unknown,human
CN(c1ccnc(Nc2cc(N3CCOCC3)cc(N3CCOCC3)c2)n1)c1cccc2[nH]ncc12,=,0.1501648857742756,,CHEMBL1274266,CHEMBL1268821,Fraction unbound in human plasma,3518585,unknown,human
CN/C(=N\CCSCc1nc[nH]c1C)NC#N,=,1.4395110817152417,,CHEMBL1043580,CHEMBL1156824,Fraction unbound in human plasma,2993518,unknown,human
CN1C(=O)C(O)N=C(c2ccccc2Cl)c2cc(Cl)ccc21,=,0.4985954221832476,,CHEMBL1043580,CHEMBL1156824,Fraction unbound in human plasma,2990670,unknown,human
CN1C(=O)CCC1c1cc2[nH]c(-c3ccccn3)cc2cc1Oc1ccc(S(C)(=O)=O)nc1,=,0.336942085348557,,CHEMBL4014764,CHEMBL4014285,Unbound fraction in human plasma,18069026,unknown,human
CN1C(=O)CN=C(c2ccccc2)c2cc(Cl)ccc21,=,-0.331829054134549,,CHEMBL1043580,CHEMBL1156824,Fraction unbound in human plasma,2990507,unknown,human
CN1C(=O)CN=C(c2ccccc2)c2cc(Cl)ccc21,=,-0.331829054134549,,CHEMBL3591348,CHEMBL3588773,Unbound fraction in human plasma,15644224,unknown,human
CN1C(=O)CN=C(c2ccccc2)c2cc(Cl)ccc21,=,-0.4020844485401025,,CHEMBL3591953,CHEMBL3588839,Fraction unbound (%) in human plasma at pH 7.4 after 18 hrs by equilibrium dialysis,15640570,unknown,human
CN1C(=O)N(Cc2cc(Cl)ccc2F)C(=O)[C@]12C(=O)N(CC(=O)O)c1ccc(Cl)cc12,=,-0.4020844485401025,,CHEMBL2044976,CHEMBL2040789,Fraction unbound in human plasma,10922673,unknown,human
CN1C(=O)[C@@H](CN2CCCCC2)C[C@H]1C#Cc1ccccc1,=,0.6736818853795221,,CHEMBL964147,CHEMBL1153277,Protein binding in human plasma assessed as fraction unbound,2269751,unknown,human
CN1C(=O)c2c(O)c(=O)ccn2N2[C@H](c3ccccc3)c3cc(F)c(F)cc3OCC[C@@H]12,=,0.4218047924226103,,CHEMBL5529547,CHEMBL5528039,Protein binding in human plasma assessed as unbound fraction at 400 uM incubated for 4 hrs by LC-MS/MS analysis,25926186,unknown,human
CN1C(C(=O)Nc2ccccn2)=C(O)c2sccc2S1(=O)=O,=,-0.832209839043088,,CHEMBL1043580,CHEMBL1156824,Fraction unbound in human plasma,2990469,unknown,human
CN1C(N)=N[C@](C)(c2cc(NC(=O)c3ccc(F)cn3)ccc2F)CS1(=O)=O,=,0.8470259585922197,,CHEMBL5133262,CHEMBL5131410,Free drug concentration in human plasma,24794211,unknown,human
CN1C2CCCC1CC(NC(=O)c1nn(C)c3ccccc13)C2,=,1.0366838480384906,,CHEMBL1043580,CHEMBL1156824,Fraction unbound in human plasma,2991985,unknown,human
CN1CC(Cn2nc(-c3cnc4[nH]cc(C(=O)NC(C)(C)C)c4n3)c3cc(OC(F)F)ccc32)C1,=,-0.7026045584107611,,CHEMBL2350846,CHEMBL2346624,Fraction unbound in human plasma,12717295,unknown,human
CN1CC(F)(F)CCN(C)[C@H]2CC[C@@H](C2)Nc2ncc(C(F)(F)F)c(n2)-c2c[nH]c3c(P(C)(C)=O)c(ccc23)C1=O,=,-0.0172998337847618,,CHEMBL6096172,CHEMBL6092221,Plasma protein binding in human assessed as unbound fraction,29135402,unknown,human
CN1CC2CCC(C1=O)C2c1ncc2[nH]nc(-c3cnn(C)c3)c2n1,=,1.4264537500044487,,CHEMBL5258354,CHEMBL5257053,Protein binding in human plasma assessed as free fraction after 2 hrs by equilibrium dialysis method,25091415,unknown,human
CN1CCC(C(=O)Nc2cc(Nc3cnnc(-c4cc(Cl)ccc4F)c3)ccn2)CC1,=,0.3199004870174324,,CHEMBL6132383,CHEMBL6127142,Plasma protein binding in human plasma assessed as fraction unbound at 0.5 uM incubated for 5 hrs under shaking conditions by LC-MS/MS analysis,29245152,unknown,human
CN1CCC(COCc2cc(C(F)(F)F)cc(C3CC3)n2)(c2ccc(F)cc2)CC1,=,-0.4020844485401025,,CHEMBL2342726,CHEMBL2331544,Fraction unbound in human plasma,12674331,unknown,human
CN1CCC(COCc2cc(C(F)(F)F)cc(N3CCC4CC43)n2)(c2ccc(F)cc2)CC1,=,0.2204202801798293,,CHEMBL2342726,CHEMBL2331544,Fraction unbound in human plasma,12674332,unknown,human
CN1CCC(COc2cnc(-c3cccc(Cn4nc(-c5cccc(C#N)c5)ccc4=O)c3)nc2)CC1,=,-0.331829054134549,,CHEMBL3404486,CHEMBL3399942,Fraction unbound in human plasma,15165533,unknown,human
CN1CCC(Nc2ccnc3ccc(-c4ccc(C(F)(F)F)nc4)nc23)CC1,=,1.2159768546692298,,CHEMBL5525775,CHEMBL5523726,Protein binding in human plasma assessed as unbound fraction at 5 uM incubated for 5 hrs by LC-MS/MS method,25912349,unknown,human
CN1CCC(S(=O)(=O)c2c(Cl)ccc(NC(=O)Nc3cccc(Cl)c3Cl)c2O)CC1,=,-1.9079761729627127,,CHEMBL3821613,CHEMBL3817840,Fraction unbound in human plasma,16627270,unknown,human
CN1CCC(S(=O)(=O)c2c(Cl)ccc(NC(=O)Nc3cccc(F)c3Cl)c2O)CC1,=,-1.7760911650353848,,CHEMBL3821613,CHEMBL3817840,Fraction unbound in human plasma,16627271,unknown,human
CN1CCC(c2ccc3nc(Nc4ccc(C(F)(F)F)cn4)[nH]c3c2)CC1,=,0.5540650739821279,,CHEMBL3371909,CHEMBL3351865,Unbound fraction in human plasma,15046550,unknown,human
CN1CCC(c2cn(-c3ccc(F)cc3)c3ccc(-c4cncnc4)cc23)CC1,=,0.3864258433965256,,CHEMBL2327074,CHEMBL2321719,Unbound fraction in human plasma at 1000 ng/g after 5 hrs by equilibrium dialysis method,12649813,unknown,human
CN1CCC(c2cn(-c3ccc(F)cc3)c3ccc(-c4ncn(C)n4)cc23)CC1,=,0.6736818853795221,,CHEMBL2327074,CHEMBL2321719,Unbound fraction in human plasma at 1000 ng/g after 5 hrs by equilibrium dialysis method,12649812,unknown,human
CN1CCC(c2nnc(-c3cnc(Nc4ccc5c(c4)C(C)(C)OC5=O)nc3N[C@H](CO)c3ccccc3)o2)CC1,=,0.1243808234872447,,CHEMBL4689496,CHEMBL4680358,Protein binding in human plasma assessed as free fraction,22489976,unknown,human
CN1CCC(c2noc(-c3cnc(Nc4ccc5c(c4)C(C)(C)OC5=O)nc3N[C@H](CO)c3ccccc3)n2)CC1,=,-0.4020844485401025,,CHEMBL4689496,CHEMBL4680358,Protein binding in human plasma assessed as free fraction,22489972,unknown,human
CN1CCCCC1(C)c1nc(C(=O)NCc2ccc(F)cc2)c(O)c(=O)[nH]1,=,0.2947766242778414,,CHEMBL1060103,CHEMBL1154041,Fraction unbound in human plasma at pH7.4 after 1 hr by ultrafiltration method,2726511,unknown,human
CN1CCCCC1(C)c1nc(C(=O)NCc2ccc(F)cc2)c(O)c(=O)n1C,=,1.0780232135954766,,CHEMBL1060103,CHEMBL1154041,Fraction unbound in human plasma at pH7.4 after 1 hr by ultrafiltration method,2726520,unknown,human
CN1CCCCC1c1nc(C(=O)NCc2ccc(F)cc2)c(O)c(=O)n1C,=,1.0910805453062695,,CHEMBL1060103,CHEMBL1154041,Fraction unbound in human plasma at pH7.4 after 1 hr by ultrafiltration method,2726556,unknown,human
CN1CCCCC1c1nc(O)c(O)c(C(=O)NCc2ccc(F)cc2)n1,=,0.0585156666555915,,CHEMBL1060103,CHEMBL1154041,Fraction unbound in human plasma at pH7.4 after 1 hr by ultrafiltration method,2726547,unknown,human
CN1CCC[C@H]1c1cccnc1,=,1.538623328791171,,CHEMBL1043580,CHEMBL1156824,Fraction unbound in human plasma,2996173,unknown,human
CN1CCCc2c1nc(N1CCC3(CC1)C(=O)N(CCO)c1cc(F)cc(F)c13)[nH]c2=O,=,-0.354174022001789,,CHEMBL4345407,CHEMBL4342498,Protein binding in human plasma assessed as unbound fraction at 1 uM measured after 24 hrs by LC-MS/MS analysis,19010712,unknown,human
CN1CCCc2c1nc(N1CCC3(CC1)CN(CCO)c1cc(F)cc(F)c13)[nH]c2=O,=,-1.0989455213580468,,CHEMBL4345407,CHEMBL4342498,Protein binding in human plasma assessed as unbound fraction at 1 uM measured after 24 hrs by LC-MS/MS analysis,19010711,unknown,human
CN1CCN(C(=O)C[C@H](NC(=O)/C=C/c2cc(Cl)ccc2-n2cnnn2)c2nc(-c3ccc4[nH]c(=O)cc(O)c4c3)c(Cl)[nH]2)CC1,=,0.2947766242778414,,CHEMBL3584645,CHEMBL3580601,Unbound fraction in human plasma,15617399,unknown,human
CN1CCN(C(=O)OC2c3nccnc3C(=O)N2c2ccc(Cl)cn2)CC1,=,0.7553767394735358,,CHEMBL1043580,CHEMBL1156824,Fraction unbound in human plasma,2991822,unknown,human
CN1CCN(C(=O)c2cc(F)ccc2CNC(=O)c2nc(C(C)(C)C)n(C)c(=O)c2O)CC1,=,1.022112421788494,,CHEMBL927109,CHEMBL1144749,Fraction unbound in human plasma proteins after 1 hr,2159746,unknown,human
CN1CCN(C(=O)c2cnccn2)C(C)(c2nc(C(=O)NCc3ccc(F)cc3)c(O)c(=O)[nH]2)C1,=,0.7024142200886537,,CHEMBL1060103,CHEMBL1154041,Fraction unbound in human plasma at pH7.4 after 1 hr by ultrafiltration method,2726526,unknown,human
CN1CCN(C(=O)c2cnccn2)C(c2nc(C(=O)NCc3ccc(F)cc3)c(O)c(=O)[nH]2)C1,=,0.4069462030645636,,CHEMBL1060103,CHEMBL1154041,Fraction unbound in human plasma at pH7.4 after 1 hr by ultrafiltration method,2726562,unknown,human
CN1CCN(C2=Nc3cc(Cl)ccc3Nc3ccccc32)CC1,=,0.1064260931939052,,CHEMBL1043580,CHEMBL1156824,Fraction unbound in human plasma,2990555,unknown,human
CN1CCN(C2CCN(C(=O)[C@H](CC(=O)N3CCC(N4CCc5ccccc5NC4=O)CC3)Cc3cc(Cl)c(N)c(C(F)(F)F)c3)CC2)CC1,=,0.4069462030645636,,CHEMBL4617615,CHEMBL4616627,Protein binding in human plasma assessed as unbound fraction,20657857,unknown,human
CN1CCN(CC(=O)Nc2ccc(-c3cccc4c(=O)cc(N5CCOCC5)oc34)c3sc4ccccc4c23)CC1,=,-0.1066164315160123,,CHEMBL2423443,CHEMBL2417539,Fraction unbound in human Plasma,13424380,unknown,human
CN1CCN(CCC(=O)Nc2cc(Nc3cnnc(-c4cc(Cl)ccc4F)c3)ccn2)CC1,=,0.5832140510748063,,CHEMBL6132383,CHEMBL6127142,Plasma protein binding in human plasma assessed as fraction unbound at 0.5 uM incubated for 5 hrs under shaking conditions by LC-MS/MS analysis,29245150,unknown,human
CN1CCN(CCCNc2cc(Nc3cnnc(-c4cc(Cl)ccc4F)c3)ccn2)CC1,=,0.4772015974701172,,CHEMBL6132383,CHEMBL6127142,Plasma protein binding in human plasma assessed as fraction unbound at 0.5 uM incubated for 5 hrs under shaking conditions by LC-MS/MS analysis,29245149,unknown,human
CN1CCN(CCN(C)C2COc3ccccc3-c3c(C4CCCCC4)c4ccc(C(=O)O)cc4n3C2)CC1,=,-0.7026045584107611,,CHEMBL1655251,CHEMBL1649090,Fraction unbound in human plasma,5149593,unknown,human
CN1CCN(CCOc2cc(OC3CCOCC3)c3c(Nc4c(Cl)ccc5c4OCO5)ncnc3c2)CC1,=,0.3539836836796816,,CHEMBL854961,CHEMBL1137334,Percent of unbound ligand in human plasma,1779347,unknown,human
CN1CCN(Cc2ccc3nc(Nc4ccc(C(F)(F)F)cn4)[nH]c3c2)CC1,=,0.9154567447985714,,CHEMBL3371909,CHEMBL3351865,Unbound fraction in human plasma,15046551,unknown,human
CN1CCN(S(=O)(=O)N(C)C)CC1(C)c1nc(C(=O)NCc2ccc(F)cc2)c(O)c(=O)n1C,=,0.7295926771865047,,CHEMBL1060103,CHEMBL1154041,Fraction unbound in human plasma at pH7.4 after 1 hr by ultrafiltration method,2726532,unknown,human
CN1CCN(S(=O)(=O)N(C)C)CC1c1nc(C(=O)NCc2ccc(F)cc2)c(O)c(=O)n1C,=,0.7553767394735358,,CHEMBL1060103,CHEMBL1154041,Fraction unbound in human plasma at pH7.4 after 1 hr by ultrafiltration method,2726568,unknown,human
CN1CCN(S(C)(=O)=O)CC1(C)c1nc(C(=O)NCc2ccc(F)cc2)c(O)c(=O)n1C,=,-0.0536539121311303,,CHEMBL1060103,CHEMBL1154041,Fraction unbound in human plasma at pH7.4 after 1 hr by ultrafiltration method,2726535,unknown,human
CN1CCN(S(C)(=O)=O)CC1c1nc(C(=O)NCc2ccc(F)cc2)c(O)c(=O)n1C,=,0.9756782929543744,,CHEMBL1060103,CHEMBL1154041,Fraction unbound in human plasma at pH7.4 after 1 hr by ultrafiltration method,2726571,unknown,human
CN1CCN([C@@H]2CCCN(c3cnc(C(N)=O)c(Nc4ccc(C5CCN(CC6CCN(c7ccc(C(=O)N[C@H]8CCC(=O)NC8=O)nc7)CC6)CC5)cc4)n3)C2)C1=O,=,-0.3104352294214184,,CHEMBL6140266,CHEMBL6134898,Protein binding in human plasma assessed as free fraction at 5 uM incubated for 18 hrs by LC-MS/MS analysis,29265233,unknown,human
CN1CCN(c2c(F)cc3c(=O)c(C(=O)O)cn(CCF)c3c2F)CC1,=,1.4062089063789185,,CHEMBL1043580,CHEMBL1156824,Fraction unbound in human plasma,2993443,unknown,human
CN1CCN(c2cc(Cl)c3nc(Nc4ccc(Br)cn4)[nH]c3c2)CC1,=,0.9608683475981372,,CHEMBL3371909,CHEMBL3351865,Unbound fraction in human plasma,15046549,unknown,human
CN1CCN(c2cc(F)c3c(c2)N(C)C(=O)C32CCN(c3nc4c(c(=O)[nH]3)CCCN4C)CC2)CC1,=,-1.2111151001447686,,CHEMBL4345407,CHEMBL4342498,Protein binding in human plasma assessed as unbound fraction at 1 uM measured after 24 hrs by LC-MS/MS analysis,19010713,unknown,human
CN1CCN(c2ccc(NC(=O)c3cc(N(C)Cc4ccc(C(F)(F)F)cc4)ncn3)cc2)CC1,=,-1.73883864318448,,CHEMBL4032614,CHEMBL4028901,Fraction unbound in human plasma at 5 uM pre-incubated for 1 hr by ultra-centrifugation and LC-MS/MS method,18147484,unknown,human
CN1CCN(c2ccc3nc(N)n(CC(O)c4ccc(C(F)(F)F)cc4Cl)c3n2)CC1,=,0.8342992280159817,,CHEMBL3296726,CHEMBL3286148,Fraction unbound in human plasma,14725838,unknown,human
CN1CCN(c2ccc3nc(Nc4ccc(Br)cn4)[nH]c3c2)CC1,=,0.4772015974701172,,CHEMBL3371909,CHEMBL3351865,Unbound fraction in human plasma,15046547,unknown,human
CN1CCN(c2cccc3c2CCN(C(=O)/C=C/c2c(-n4cnnn4)ccc(Cl)c2F)[C@@H]3C(=O)Nc2ccc(C(=O)O)cc2)C(=O)C1,=,1.0101433085477882,,CHEMBL4032062,CHEMBL4028883,Fraction unbound in human serum,18144827,unknown,human
CN1CCN2c3ncccc3Cc3ccccc3C2C1,=,0.6107650009699698,,CHEMBL1043580,CHEMBL1156824,Fraction unbound in human plasma,2990712,unknown,human
CN1CC[C@@H](NC(=O)Nc2ccc(C#N)cc2)C[C@@H]1c1nc2ccccc2[nH]1,=,0.3595382043611521,,CHEMBL2045166,CHEMBL2040751,Percentage unbound in human plasma,10923796,unknown,human
CN1CC[C@@H](NC(=O)c2cn(C(C)(C)C)nn2)c2ccc(-c3ccnc(Nc4cnn(C)c4)n3)cc2C1,=,0.7295926771865047,,CHEMBL5043210,CHEMBL5042486,Protein binding in human plasma assessed as unbound fraction at 2 uM by rapid equilibrium dialysis method,24398574,unknown,human
CN1CC[C@H](S(=O)(=O)c2c(Cl)ccc(NC(=O)Nc3cccc(Cl)c3Cl)c2O)C1,=,-2.6924810332927125,,CHEMBL3821613,CHEMBL3817840,Fraction unbound in human plasma,16627273,unknown,human
CN1CCc2cc(-c3ccnc(Nc4cnn(C)c4)n3)ccc2[C@H](NC(=O)c2cn(C(C)(C)C)nn2)C1,=,0.2276531964338244,,CHEMBL5043210,CHEMBL5042486,Protein binding in human plasma assessed as unbound fraction at 2 uM by rapid equilibrium dialysis method,24398578,unknown,human
CN1CCc2cc(-c3cnc4[nH]cc(C(=O)c5ccccc5Cl)c4c3)ccc2C1,=,-0.1207773399751477,,CHEMBL3598811,CHEMBL3596182,Protein binding in human plasma assessed as unbound fraction,15656295,unknown,human
CN1CCc2cc(O)c(N3CC(=O)NS3(=O)=O)c(F)c2CC1,=,1.5634010263637534,,CHEMBL5524540,CHEMBL5523702,Plasma protein binding in human assessed as unbound fraction,25908645,unknown,human
CN1CCc2ccc(-c3cnc4[nH]cc(C(=O)c5ccccc5Cl)c4c3)cc2C1,=,-0.135348766225144,,CHEMBL3598811,CHEMBL3596182,Protein binding in human plasma assessed as unbound fraction,15656294,unknown,human
CN1C[C@@H]2CC[C@H](C1=O)N2c1ncc2[nH]nc(-c3cnn(C4CCC4)c3)c2n1,=,0.4548566296028772,,CHEMBL5258354,CHEMBL5257053,Protein binding in human plasma assessed as free fraction after 2 hrs by equilibrium dialysis method,25091416,unknown,human
CN1C[C@H]2N(C(=O)C3(O)CCS(=O)(=O)CC3)CC[C@@]2(S(=O)(=O)c2ccc(F)cc2)c2ccc(C(F)(C(F)(F)F)C(F)(F)F)cc21,=,-1.3557268386483343,,CHEMBL4338068,CHEMBL4334512,Unbound fraction in human serum,18975459,unknown,human
CN1C[C@H]2N(C(=O)[C@H]3CC[C@H](C(=O)O)CC3)CC[C@@]2(S(=O)(=O)c2ccc(F)cc2)c2ccc(C(F)(C(F)(F)F)C(F)(F)F)cc21,=,-0.3104352294214184,,CHEMBL4338068,CHEMBL4334512,Unbound fraction in human serum,18975453,unknown,human
CN1Cc2c(N)cccc2C(c2ccccc2)C1,=,1.1038072758825077,,CHEMBL1043580,CHEMBL1156824,Fraction unbound in human plasma,2992050,unknown,human
CN1Cc2cc(Cl)ccc2-n2c(nnc2[C@H]2CC[C@H](Oc3ccccn3)CC2)C1,=,0.5388312109918915,,CHEMBL4358219,CHEMBL4354844,Protein binding in human plasma assessed as unbound fraction,19060033,unknown,human
CN1[C@@H]2CC[C@H]1C[C@@H](OC(=O)C(CO)c1ccccc1)C2,=,1.3159350068786804,,CHEMBL1043580,CHEMBL1156824,Fraction unbound in human plasma,2993298,unknown,human
CNC(=C[N+](=O)[O-])NCCSCc1ccc(CN(C)C)o1,=,1.538623328791171,,CHEMBL1043580,CHEMBL1156824,Fraction unbound in human plasma,2996174,unknown,human
CNC(=C[N+](=O)[O-])NCCSCc1csc(CN(C)C)n1,=,1.3478618625965575,,CHEMBL1043580,CHEMBL1156824,Fraction unbound in human plasma,2993349,unknown,human
CNC(=O)C(=O)[C@H](CCC(C)(F)F)NC(=O)[C@@H]1[C@H]2CCC[C@H]2CN1C(=O)[C@@H](NC(=O)OC)C(C)(C)C,=,0.90623301799406,,CHEMBL5530898,CHEMBL5528064,Plasma protein binding in human assessed as unbound fraction at 1 uM,25930807,unknown,human
CNC(=O)C(O/N=C(\C(=O)N[C@@H]1C(=O)N(OS(=O)(=O)O)C1(C)C)c1csc(N)n1)c1cc(=O)c(O)cn1O,=,-0.9370409078338092,,CHEMBL4010997,CHEMBL4007487,Fraction unbound in human plasma at 10 uM after 4 hrs by LC-MS/MS based rapid equilibrium dialysis method,18047191,unknown,human
CNC(=O)CN1CCC(Oc2cc3c(Nc4ccc(F)c(Cl)c4)ncnc3cc2OC)CC1,=,-0.2512281700195782,,CHEMBL2412593,CHEMBL2407034,Fraction unbound in human plasma,13391009,unknown,human
CNC(=O)CN1CCC(Oc2cc3c(Nc4cccc(Cl)c4F)ncnc3cc2OC)CC1,=,0.2056345375731557,,CHEMBL2412593,CHEMBL2407034,Fraction unbound in human plasma,13391010,unknown,human
CNC(=O)Cn1cc(-c2cc3c(N[C@@H](c4ccc5c(c4)S(=O)(=O)CCC5)C(C)C)ncnc3[nH]2)cn1,=,0.396790726212057,,CHEMBL5442324,CHEMBL5442321,"To determine the human plasma protein binding, the plasma is diluted to 50 % with pH 7.4 phosphate buffer and warmed to 37 C before adding test compounds achieving 5 uM concentration. The dialysis buffer is added to one side of the chamber of the RED device, and the incubation is initiated by the addition of 300 uL of the test compound protein solution to the opposing chamber. The samples are incubated for 4 hours. Equal volumes from the buffer and the plasma chambers are transferred into separate wells. 50 uL of 50 % blank plasma are added to the buffer samples, and 50 uL of buffer are added to the 50 % plasma samples to ensure matrix matching of samples from both the free and bound fractions. Acetonitrile containing internal standard are added to precipitate the protein. The supernatants are analyzed by LC-MS/MS and the results are calculated. The assay has been performed by Concept Life Sciences Ltd.",25749765,unknown,human
CNC(=O)N(Cc1ccsc1)C1CCN([C@H](C)CCNC(=O)c2c(C)cc(Cl)nc2C)CC1,=,1.1740626702880612,,CHEMBL2168046,CHEMBL2163215,Fraction unbound in human plasma after 5 hrs,12091384,unknown,human
CNC(=O)Nc1cc(Oc2cncc(C)c2)c([C@H]2C[C@@H](O)C2)cn1,=,0.8675463182602577,,CHEMBL4427355,CHEMBL4425164,Fraction unbound in human plasma,19410238,unknown,human
CNC(=O)Nc1cc(Oc2cncc(OC)c2)c([C@H]2CCCOC2)cn1,=,0.6432071606868136,,CHEMBL4427355,CHEMBL4425164,Fraction unbound in human plasma,19410239,unknown,human
CNC(=O)Nc1ncc(SCCCOC)cc1Oc1cccnc1C,=,1.1038072758825077,,CHEMBL3384784,CHEMBL3352420,Fraction unbound in human plasma,15086014,unknown,human
CNC(=O)[C@@]12C[C@@H]1[C@@H](n1cnc3c(NC)nc(C#Cc4ccc(Br)s4)nc31)[C@H](O)[C@@H]2O,=,-0.2568447536688381,,CHEMBL3414378,CHEMBL3407461,Fraction unbound in human plasma at 10 uM after 5 hrs by LC-MS/MS analysis,15193246,unknown,human
CNC(=O)[C@@]12C[C@@H]1[C@@H](n1cnc3c(NC)nc(C#Cc4ccc(Cl)s4)nc31)[C@H](O)[C@@H]2O,=,-0.2568447536688381,,CHEMBL3414378,CHEMBL3407461,Fraction unbound in human plasma at 10 uM after 5 hrs by LC-MS/MS analysis,15192034,unknown,human
CNC(=O)[C@@]12C[C@@H]1[C@@H](n1cnc3c(NC)nc(C#Cc4ccco4)nc31)[C@H](O)[C@@H]2O,=,0.851197592550163,,CHEMBL3414378,CHEMBL3407461,Fraction unbound in human plasma at 10 uM after 5 hrs by LC-MS/MS analysis,15191963,unknown,human
CNC(=O)[C@@]12C[C@@H]1[C@@H](n1cnc3c(NC)nc(C#Cc4cnccn4)nc31)[C@H](O)[C@@H]2O,=,1.3175804388125842,,CHEMBL3414378,CHEMBL3407461,Fraction unbound in human plasma at 10 uM after 5 hrs by LC-MS/MS analysis,15191911,unknown,human
CNC(=O)[C@H](Nc1ccc2c(c1)CNC2)c1cc(Cl)cc(C2CC2)c1,=,0.4548566296028772,,CHEMBL5674857,CHEMBL5674856,"Human plasma protein binding is determined by spiking test compound into plasma and dialyzing against buffer until equilibrium. Verapamil as test compound is used as reference. Peak areas of compound in both plasma and buffer are determined using HPLC-MS/MS and plasma protein-bound of compound is calculated. The assay has been performed by Enamine biological services, Bienta Ltd.",26265363,unknown,human
CNC(=O)c1c(-c2ccccn2)c([C@H](C)Nc2ncnc(N)c2C#N)nc2ccc(F)cc12,=,0.4548566296028772,,CHEMBL4428728,CHEMBL4428047,Fraction unbound in human plasma at 5 uM by LC/MS assay based ultracentrifugation method,19429959,unknown,human
CNC(=O)c1c(-c2ccccn2)c([C@H](C)Nc2ncnc(N)c2C#N)nc2cccc(F)c12,=,1.1283330671571743,,CHEMBL4428728,CHEMBL4428047,Fraction unbound in human plasma at 5 uM by LC/MS assay based ultracentrifugation method,19429960,unknown,human
CNC(=O)c1cc(Br)cc([C@H](Nc2ccc3c(c2)CNC3)C(=O)NCC(F)F)c1,=,1.4885918906378484,,CHEMBL5674857,CHEMBL5674856,"Human plasma protein binding is determined by spiking test compound into plasma and dialyzing against buffer until equilibrium. Verapamil as test compound is used as reference. Peak areas of compound in both plasma and buffer are determined using HPLC-MS/MS and plasma protein-bound of compound is calculated. The assay has been performed by Enamine biological services, Bienta Ltd.",26265483,unknown,human
CNC(=O)c1cc(F)ccc1CNC(=O)c1nc(C(C)(C)C)n(C)c(=O)c1O,=,0.2276531964338244,,CHEMBL927109,CHEMBL1144749,Fraction unbound in human plasma proteins after 1 hr,2159753,unknown,human
CNC(=O)c1ccc(Nc2nccc(-c3cnc(C)n3C(C)C)n2)cc1F,=,0.2947766242778414,,CHEMBL1009268,CHEMBL1152177,Unbound fraction in human plasma,2583230,unknown,human
CNC(=O)c1cccc(-c2ccc3c(N4CCOC[C@@H]4C)nc(N4CCOC[C@@H]4C)nc3n2)c1,=,0.0585156666555915,,CHEMBL2340642,CHEMBL2331448,Fraction unbound in human plasma by equilibrium dialysis technique,12701710,unknown,human
CNC(=O)c1cnc(N)c2cc(-c3ccc(S(=O)(=O)NC(C)(C)C)cc3)sc12,=,-0.6588657658303905,,CHEMBL1941464,CHEMBL1938231,Fraction unbound in human plasma by equilibrium dialysis,8010858,unknown,human
CNC(=O)c1cnc(Nc2ccc(F)cn2)cc1Nc1ccccc1C(N)=O,=,0.8930286826246755,,CHEMBL4414856,CHEMBL4414548,Protein binding in human plasma assessed as unbound fraction,19305712,unknown,human
CNC(=O)c1cnc2cc(OC)c(OC)cc2c1Nc1ccc(Cl)cc1F,=,-0.0663806427073687,,CHEMBL4673826,CHEMBL4673201,Plasma protein binding in human assessed as fraction unbound,22422486,unknown,human
CNC(=O)c1cnc2cc(OC)c(OC)cc2c1Nc1ccccc1,=,0.3595382043611521,,CHEMBL4673826,CHEMBL4673201,Plasma protein binding in human assessed as fraction unbound,22422482,unknown,human
CNC(=O)c1cnc2cc(OC)c(OC)cc2c1Nc1ccccc1CCS(C)(=O)=O,=,0.8032871660118494,,CHEMBL4673826,CHEMBL4673201,Plasma protein binding in human assessed as fraction unbound,22422481,unknown,human
CNC(=O)c1cnc2cc(OC)c(OC)cc2c1Oc1ccccc1,=,0.6006095241174632,,CHEMBL4673826,CHEMBL4673201,Plasma protein binding in human assessed as fraction unbound,22422480,unknown,human
CNC(=O)c1cnc2cc(OC)c(OCN3CCN(C)CC3)cc2c1Nc1ccccc1,=,1.2259312196939005,,CHEMBL4673826,CHEMBL4673201,Plasma protein binding in human assessed as fraction unbound,22422479,unknown,human
CNC(=O)c1cnc2ccccc2c1Nc1ccc(Cl)cc1F,=,0.1666476413497083,,CHEMBL4673826,CHEMBL4673201,Plasma protein binding in human assessed as fraction unbound,22422484,unknown,human
CNC(=O)c1cnccc1Nc1ccc(Cl)cc1F,=,0.348367100030422,,CHEMBL4673826,CHEMBL4673201,Plasma protein binding in human assessed as fraction unbound,22422483,unknown,human
CNC(=O)c1nc(N2CC[C@@H](NC(=O)c3[nH]c(C)c(Cl)c3Cl)[C@@H](OC)C2)sc1C(=O)O,=,-0.4020844485401025,,CHEMBL3366713,CHEMBL3352173,Percentage unbound in human plasma,14997810,unknown,human
CNC(=O)c1nnc2ccc(-c3ccc(OCCCN(C)C)nc3)cc2c1N[C@@H](C)C1CCOCC1,=,-0.0536539121311303,,CHEMBL4200484,CHEMBL4196159,Protein binding in human plasma assessed as unbound fraction by equilibrium dialysis method,18556336,unknown,human
CNC(C)c1cc(C)c(-c2cc3c(-c4cnn(C)c4)n[nH]c3cn2)c(F)c1,=,1.205821377816723,,CHEMBL5225627,CHEMBL5223162,Fraction unbound in human plasma by LC-MS/MS analysis,24979359,unknown,human
CNC1=N[C@@H]2[C@@H](O)[C@H](O)[C@@H](C(F)F)O[C@@H]2S1,=,1.4330248109857762,,CHEMBL4355753,CHEMBL4354805,Fraction unbound in human plasma at 2.5 uM by equilibrium dialysis,19053235,unknown,human
CNC1=N[C@@H]2[C@@H](O)[C@H](O)[C@@H](CF)O[C@@H]2S1,=,1.5438870314101638,,CHEMBL4355753,CHEMBL4354805,Fraction unbound in human plasma at 2.5 uM by equilibrium dialysis,19053230,unknown,human
CNC1=N[C@@H]2[C@H](F)[C@H](O)[C@@H](C(F)F)O[C@@H]2S1,=,1.5490961869066493,,CHEMBL4355753,CHEMBL4354805,Fraction unbound in human plasma at 2.5 uM by equilibrium dialysis,19053237,unknown,human
CNC1=N[C@@H]2[C@H](F)[C@H](O)[C@@H](CO)O[C@@H]2S1,=,1.4767636035661464,,CHEMBL4355753,CHEMBL4354805,Fraction unbound in human plasma at 2.5 uM by equilibrium dialysis,19053231,unknown,human
CNC1=Nc2ccc(Cl)cc2C(c2ccccc2)=[N+]([O-])C1,=,0.1154836176471022,,CHEMBL1043580,CHEMBL1156824,Fraction unbound in human plasma,2990558,unknown,human
CNCCC(=O)Nc1cc(Nc2cnnc(-c3cc(Cl)ccc3F)c2)ccn1,=,0.6174230983997825,,CHEMBL6132383,CHEMBL6127142,Plasma protein binding in human plasma assessed as fraction unbound at 0.5 uM incubated for 5 hrs under shaking conditions by LC-MS/MS analysis,29245154,unknown,human
CNCCC(Oc1ccc(C(F)(F)F)cc1)c1ccccc1,=,0.1501648857742756,,CHEMBL3591348,CHEMBL3588773,Unbound fraction in human plasma,15644226,unknown,human
CNCCC=C1c2ccccc2CCc2ccccc21,=,0.4985954221832476,,CHEMBL1043580,CHEMBL1156824,Fraction unbound in human plasma,2990671,unknown,human
CNCCCN1c2ccccc2CCc2ccccc21,=,0.6432071606868136,,CHEMBL1043580,CHEMBL1156824,Fraction unbound in human plasma,2990723,unknown,human
CNCCN(C)Cc1c[nH]nc1-c1ccc(O[C@H]2C[C@H](OCCC3CCOCC3)C2)cc1,=,1.2356922838098356,,CHEMBL3591661,CHEMBL3588846,Unbound fraction in human plasma at 1 uM at 37 degC by equilibrium dialysis and LC-MS/MS method,15643233,unknown,human
CNCCOc1ccccc1C(C)(C)Nc1nccn(-c2cc(C(=O)NC3CC3)ccc2C)c1=O,=,1.1162197338589677,,CHEMBL4727217,CHEMBL4725297,Protein binding in human plasma assessed as free fraction,22881522,unknown,human
CNCC[C@@H](Oc1ccccc1C)c1ccccc1,=,-0.4020844485401025,,CHEMBL1043580,CHEMBL1156824,Fraction unbound in human plasma,2990499,unknown,human
CNC[C@@H](Nc1ncnc2c(C(N)=O)cccc12)c1cccc(F)c1,=,0.6107650009699698,,CHEMBL4831269,CHEMBL4828767,Protein binding in human plasma assessed as unbound fraction,23251927,unknown,human
CNC[C@@H]1OCCc2ccsc21,=,1.4689232201603126,,CHEMBL6113086,CHEMBL6109139,Plasma protein binding in human assessed as unbound fraction by LC-MS/MS analysis,29182633,unknown,human
CNCc1cc(-c2cc3c(N[C@@H](c4ccc5c(c4)S(=O)(=O)CCC5)C(C)C)ncnc3[nH]2)co1,=,0.2947766242778414,,CHEMBL5442324,CHEMBL5442321,"To determine the human plasma protein binding, the plasma is diluted to 50 % with pH 7.4 phosphate buffer and warmed to 37 C before adding test compounds achieving 5 uM concentration. The dialysis buffer is added to one side of the chamber of the RED device, and the incubation is initiated by the addition of 300 uL of the test compound protein solution to the opposing chamber. The samples are incubated for 4 hours. Equal volumes from the buffer and the plasma chambers are transferred into separate wells. 50 uL of 50 % blank plasma are added to the buffer samples, and 50 uL of buffer are added to the 50 % plasma samples to ensure matrix matching of samples from both the free and bound fractions. Acetonitrile containing internal standard are added to precipitate the protein. The supernatants are analyzed by LC-MS/MS and the results are calculated. The assay has been performed by Concept Life Sciences Ltd.",25749745,unknown,human
CNCc1cc(C)c(-c2cc3c(-c4cnn(C)c4)n[nH]c3cn2)c(F)c1,=,1.1162197338589677,,CHEMBL5225627,CHEMBL5223162,Fraction unbound in human plasma by LC-MS/MS analysis,24979358,unknown,human
CNCc1ccc(-n2cc(-c3nc(NC4CCN(S(C)(=O)=O)CC4)ncc3C#N)cn2)c(Cl)c1,=,1.0071059639172557,,CHEMBL5529971,CHEMBL5528049,Protein binding in human plasma assessed as free fraction incubated for 2 hrs by LC-MS/MS analysis,25927772,unknown,human
CNCc1ccc(-n2cc(-c3nc(NC4CCN(S(C)(=O)=O)CC4)ncc3C(F)(F)F)cn2)c(Cl)c1,=,0.2820498937016034,,CHEMBL5529971,CHEMBL5528049,Protein binding in human plasma assessed as free fraction incubated for 2 hrs by LC-MS/MS analysis,25927771,unknown,human
CNS(=O)(=O)CCc1ccc2[nH]cc(C3CCN(C)CC3)c2c1,=,1.3851143844474625,,CHEMBL1043580,CHEMBL1156824,Fraction unbound in human plasma,2993421,unknown,human
CNS(=O)(=O)Cc1ccc2[nH]cc(CCN(C)C)c2c1,=,1.4707434237434824,,CHEMBL1043580,CHEMBL1156824,Fraction unbound in human plasma,2994689,unknown,human
CNS(=O)(=O)Cc1ccc2[nH]cc(CCN(C)C)c2c1,=,1.3705429581974662,,CHEMBL5372848,CHEMBL5370593,Plasma protein binding in human assessed as unbound fraction by rapid equilibrium dialysis analysis,25658228,unknown,human
CNS(=O)(=O)c1cc(-c2sc(NC(C)=O)nc2C)cc2c1C(=O)N([C@@H](C)C1CC1)C2,=,0.3539836836796816,,CHEMBL4124240,CHEMBL4118226,Fraction unbound in human plasma,18298670,unknown,human
CNS(=O)(=O)c1ccc(Nc2ncc3ccc(C(=O)N4CC[C@@H]4C)nc3n2)c(F)c1,=,-1.4276606286264133,,CHEMBL5369265,CHEMBL5365513,Protein binding in human plasma assessed as unbound fraction incubated for 24 hrs by HPLC analysis,25645982,unknown,human
CNS(=O)(=O)c1ccc(Nc2ncc3ccc(C(=O)N4C[C@@H](C#N)[C@@H]4C)nc3n2)c(F)c1,=,-1.339244083072902,,CHEMBL5369265,CHEMBL5365513,Protein binding in human plasma assessed as unbound fraction incubated for 24 hrs by HPLC analysis,25645983,unknown,human
CNS(=O)(=O)c1ccc(Nc2ncc3ccc(C(=O)N4C[C@@H](OC)[C@@H]4C)nc3n2)c(F)c1,=,-1.390408106775508,,CHEMBL5369265,CHEMBL5365513,Protein binding in human plasma assessed as unbound fraction incubated for 24 hrs by HPLC analysis,25645984,unknown,human
CNS(=O)(=O)c1cnn(-c2noc3c(F)c4c(cc23)CC2(C(=O)NC(=O)NC2=O)[C@H]2[C@H](C)O[C@H](C)CN42)c1,=,0.213081770183828,,CHEMBL4730283,CHEMBL4725408,Protein binding in human plasma assessed as unbound fraction at 10 uM measured after 16 hrs by LC-MS/MS based equilibrium dialysis method,22894940,unknown,human
CN[C@@H](C)C(=O)N[C@H](C(=O)N1CC=C[C@H]1C(=O)N[C@H]1c2ccccc2C[C@H]1OCC#CC#CCO[C@@H]1Cc2ccccc2[C@@H]1NC(=O)[C@@H]1C=CCN1C(=O)[C@@H](NC(=O)[C@H](C)NC)C1CCCCC1)C1CCCCC1,=,-0.2153072489658211,,CHEMBL3111925,CHEMBL3108710,Fraction unbound in human plasma at 10 uM by equilibrium dialysis method,13893255,unknown,human
CN[C@@H](C)C(=O)N[C@H](C(=O)N1CC[C@H]2CCN(CCc3ccccc3)C[C@H]21)C1CCCCC1,=,0.1243808234872447,,CHEMBL3241793,CHEMBL3232969,Percentage unbound in human plasma,14584557,unknown,human
CN[C@@H](C)C(=O)N[C@H](C(=O)N1CSC[C@H]1C(=O)N[C@H]1c2ccccc2C[C@H]1OCC#CC#CCO[C@@H]1Cc2ccccc2[C@@H]1NC(=O)[C@@H]1CSCN1C(=O)[C@@H](NC(=O)[C@H](C)NC)C(C)(C)C)C(C)(C)C,=,0.440956785292415,,CHEMBL3111925,CHEMBL3108710,Fraction unbound in human plasma at 10 uM by equilibrium dialysis method,13893258,unknown,human
CN[C@@H](C)C(=O)N[C@H](C(=O)N1CSC[C@H]1C(=O)N[C@H]1c2ccccc2C[C@H]1OCC#CC#CCO[C@@H]1Cc2ccccc2[C@@H]1NC(=O)[C@@H]1CSCN1C(=O)[C@@H](NC(=O)[C@H](C)NC)C1CCCCC1)C1CCCCC1,=,-0.7026045584107611,,CHEMBL3111925,CHEMBL3108710,Fraction unbound in human plasma at 10 uM by equilibrium dialysis method,13893257,unknown,human
CN[C@@H](C)C(=O)N[C@H](C(=O)N1C[C@H]2CCCCOc3ccc(cc3)C[C@@H](C(=O)O)NC(=O)[C@H](Cc3ccc4ccccc4c3)NC(=O)[C@@H]3C[C@@H](CN3C(=O)[C@@H](NC(=O)[C@H](C)NC)C(C)(C)C)n3cc(nn3)COc3ccc(cc3)C[C@@H](NS(=O)(=O)C3CC3)NC(=O)[C@H](Cc3ccc4ccccc4c3)NC(=O)[C@@H]1C2)C(C)(C)C,=,0.2623344645609978,,CHEMBL3610829,CHEMBL3608248,Unbound fraction in human plasma,15690677,unknown,human
CN[C@@H](C)C(=O)N[C@H]1CCC[C@H]2C[C@H]3CCN(C(=O)C(OCC#CC#CCOC(C(=O)N4CC[C@@H]5C[C@@H]6CCC[C@H](NC(=O)[C@H](C)NC)C(=O)N6[C@@H]5C4)c4ccccc4)c4ccccc4)C[C@H]3N2C1=O,=,0.2656745366965978,,CHEMBL3241793,CHEMBL3232969,Percentage unbound in human plasma,14584587,unknown,human
CN[C@@H](C)C(=O)N[C@H]1CCC[C@H]2C[C@H]3CCN(C(=O)C(c4ccccc4)c4ccccc4)C[C@H]3N2C1=O,=,-0.0663806427073687,,CHEMBL3241793,CHEMBL3232969,Percentage unbound in human plasma,14584578,unknown,human
CN[C@@H](C)C(=O)N[C@H]1CCC[C@H]2C[C@H]3CCN(C(=O)Cc4ccccc4)C[C@H]3N2C1=O,=,1.3555365003262276,,CHEMBL3241793,CHEMBL3232969,Percentage unbound in human plasma,14584577,unknown,human
CN[C@@H](C)C(=O)N[C@H]1CCC[C@H]2C[C@H]3CCN(C(=O)Nc4ccccc4)C[C@H]3N2C1=O,=,1.3241088293633465,,CHEMBL3241793,CHEMBL3232969,Percentage unbound in human plasma,14584584,unknown,human
CN[C@@H](C)C(=O)N[C@H]1CCC[C@H]2C[C@H]3CCN(C(=O)OCc4ccccc4)C[C@H]3N2C1=O,=,1.1283330671571743,,CHEMBL3241793,CHEMBL3232969,Percentage unbound in human plasma,14584582,unknown,human
CN[C@@H](C)C(=O)N[C@H]1CCC[C@H]2C[C@H]3CCN(C(=O)Oc4ccccc4)C[C@H]3N2C1=O,=,1.2259312196939005,,CHEMBL3241793,CHEMBL3232969,Percentage unbound in human plasma,14584583,unknown,human
CN[C@@H](C)C(=O)N[C@H]1CCC[C@H]2C[C@H]3CCN(C(c4ccccc4)c4ccccc4)C[C@H]3N2C1=O,=,0.0483601898030849,,CHEMBL3241793,CHEMBL3232969,Percentage unbound in human plasma,14584576,unknown,human
CN[C@@H](C)C(=O)N[C@H]1CCC[C@H]2C[C@H]3CCN(CC(C)c4ccccc4)C[C@H]3N2C1=O,=,0.7024142200886537,,CHEMBL3241793,CHEMBL3232969,Percentage unbound in human plasma,14584572,unknown,human
CN[C@@H](C)C(=O)N[C@H]1CCC[C@H]2C[C@H]3CCN(CCC4CCCCC4)C[C@H]3N2C1=O,=,1.205821377816723,,CHEMBL3241793,CHEMBL3232969,Percentage unbound in human plasma,14584575,unknown,human
CN[C@@H](C)C(=O)N[C@H]1CCC[C@H]2C[C@H]3CCN(CCCc4ccccc4)C[C@H]3N2C1=O,=,1.1848733881722604,,CHEMBL3241793,CHEMBL3232969,Percentage unbound in human plasma,14584574,unknown,human
CN[C@@H](C)C(=O)N[C@H]1CCC[C@H]2C[C@H]3CCN(CCc4ccc(Br)cc4)C[C@H]3N2C1=O,=,0.6736818853795221,,CHEMBL3241793,CHEMBL3232969,Percentage unbound in human plasma,14584559,unknown,human
CN[C@@H](C)C(=O)N[C@H]1CCC[C@H]2C[C@H]3CCN(CCc4ccc(C(F)(F)F)cc4)C[C@H]3N2C1=O,=,0.7024142200886537,,CHEMBL3241793,CHEMBL3232969,Percentage unbound in human plasma,14584571,unknown,human
CN[C@@H](C)C(=O)N[C@H]1CCC[C@H]2C[C@H]3CCN(CCc4ccc(C)cc4)C[C@H]3N2C1=O,=,0.9916376970957856,,CHEMBL3241793,CHEMBL3232969,Percentage unbound in human plasma,14584567,unknown,human
CN[C@@H](C)C(=O)N[C@H]1CCC[C@H]2C[C@H]3CCN(CCc4ccc(Cl)c(Cl)c4)C[C@H]3N2C1=O,=,0.1904006745829195,,CHEMBL3241793,CHEMBL3232969,Percentage unbound in human plasma,14584569,unknown,human
CN[C@@H](C)C(=O)N[C@H]1CCC[C@H]2C[C@H]3CCN(CCc4ccc(Cl)cc4)C[C@H]3N2C1=O,=,0.8470259585922197,,CHEMBL3241793,CHEMBL3232969,Percentage unbound in human plasma,14584568,unknown,human
CN[C@@H](C)C(=O)N[C@H]1CCC[C@H]2C[C@H]3CCN(CCc4ccc(F)cc4)C[C@H]3N2C1=O,=,1.1954564950011917,,CHEMBL3241793,CHEMBL3232969,Percentage unbound in human plasma,14584561,unknown,human
CN[C@@H](C)C(=O)N[C@H]1CCC[C@H]2C[C@H]3CCN(CCc4ccc(OC)cc4)C[C@H]3N2C1=O,=,1.1848733881722604,,CHEMBL3241793,CHEMBL3232969,Percentage unbound in human plasma,14584564,unknown,human
CN[C@@H](C)C(=O)N[C@H]1CCC[C@H]2C[C@H]3CCN(CCc4ccc([N+](=O)[O-])cc4)C[C@H]3N2C1=O,=,1.1848733881722604,,CHEMBL3241793,CHEMBL3232969,Percentage unbound in human plasma,14584570,unknown,human
CN[C@@H](C)C(=O)N[C@H]1CCC[C@H]2C[C@H]3CCN(CCc4cccc(C)c4)C[C@H]3N2C1=O,=,1.1848733881722604,,CHEMBL3241793,CHEMBL3232969,Percentage unbound in human plasma,14584566,unknown,human
CN[C@@H](C)C(=O)N[C@H]1CCC[C@H]2C[C@H]3CCN(CCc4cccc(OC)c4)C[C@H]3N2C1=O,=,1.1848733881722604,,CHEMBL3241793,CHEMBL3232969,Percentage unbound in human plasma,14584563,unknown,human
CN[C@@H](C)C(=O)N[C@H]1CCC[C@H]2C[C@H]3CCN(CCc4ccccc4)C[C@H]3N2C1=O,=,1.2259312196939005,,CHEMBL3241793,CHEMBL3232969,Percentage unbound in human plasma,14584558,unknown,human
CN[C@@H](C)C(=O)N[C@H]1CCC[C@H]2C[C@H]3CCN(CCc4ccccc4C)C[C@H]3N2C1=O,=,1.1954564950011917,,CHEMBL3241793,CHEMBL3232969,Percentage unbound in human plasma,14584565,unknown,human
CN[C@@H](C)C(=O)N[C@H]1CCC[C@H]2C[C@H]3CCN(CCc4ccccc4F)C[C@H]3N2C1=O,=,1.205821377816723,,CHEMBL3241793,CHEMBL3232969,Percentage unbound in human plasma,14584560,unknown,human
CN[C@@H](C)C(=O)N[C@H]1CCC[C@H]2C[C@H]3CCN(CCc4ccccc4OC)C[C@H]3N2C1=O,=,1.022112421788494,,CHEMBL3241793,CHEMBL3232969,Percentage unbound in human plasma,14584562,unknown,human
CN[C@@H](C)C(=O)N[C@H]1CCC[C@H]2C[C@H]3CCN(Cc4ccccc4)C[C@H]3N2C1=O,=,1.2356922838098356,,CHEMBL3241793,CHEMBL3232969,Percentage unbound in human plasma,14584573,unknown,human
CN[C@@H](C)C(=O)N[C@H]1CCC[C@H]2C[C@H]3CCN(S(=O)(=O)Cc4ccccc4)C[C@H]3N2C1=O,=,1.1038072758825077,,CHEMBL3241793,CHEMBL3232969,Percentage unbound in human plasma,14584585,unknown,human
CN[C@@H](C)C(=O)N[C@H]1CCC[C@H]2C[C@H]3CCN(S(=O)(=O)c4ccccc4)C[C@H]3N2C1=O,=,0.7553767394735358,,CHEMBL3241793,CHEMBL3232969,Percentage unbound in human plasma,14584586,unknown,human
CN[C@@H]1CCN(c2nc(N)nc3c2oc2ncc(Cl)cc23)C1,=,1.1401613542288764,,CHEMBL1919849,CHEMBL1914323,Fraction unbound in human plasma,7925548,unknown,human
CN[C@@H]1CCc2[nH]c3ccc(C(N)=O)cc3c2C1,=,1.482712536984188,,CHEMBL1043580,CHEMBL1156824,Fraction unbound in human plasma,2994732,unknown,human
CN[C@H](CC(C)C)C(=O)N[C@H]1C(=O)N[C@@H](CC(N)=O)C(=O)N[C@H]2C(=O)N[C@H]3C(=O)N[C@H](C(=O)N[C@H](C(=O)O)c4cc(O)cc(O)c4-c4cc3ccc4O)[C@H](O)c3ccc(c(Cl)c3)Oc3cc2cc(c3O[C@@H]2O[C@H](CO)[C@@H](O)[C@H](O)[C@H]2O[C@H]2C[C@](C)(N)[C@H](O)[C@H](C)O2)Oc2ccc(cc2Cl)[C@H]1O,=,1.3851143844474625,,CHEMBL1043580,CHEMBL1156824,Fraction unbound in human plasma,2993423,unknown,human
CN[C@H](CC(C)C)C(=O)N[C@H]1C(=O)N[C@@H](CC(N)=O)C(=O)N[C@H]2C(=O)N[C@H]3C(=O)N[C@H](C(=O)N[C@H](C(=O)O)c4cc(O)cc(O)c4-c4cc3ccc4O)[C@H](O)c3ccc(c(Cl)c3)Oc3cc2cc(c3O[C@@H]2O[C@H](CO)[C@@H](O)[C@H](O)[C@H]2O[C@H]2C[C@](C)(N)[C@H](O)[C@H](C)O2)Oc2ccc(cc2Cl)[C@H]1O,=,1.2159768546692298,,CHEMBL1696173,CHEMBL1687729,Fraction unbound in human plasma,5306518,unknown,human
CN[C@H](CC(C)C)C(=O)N[C@H]1C(=O)N[C@@H](CC(N)=O)C(=O)N[C@H]2C(=O)N[C@H]3C(=O)N[C@H](C(=O)N[C@H](C(=O)O)c4cc(O)cc(O)c4-c4cc3ccc4O)[C@H](O[C@H]3C[C@](C)(N)[C@@H](O)[C@H](C)O3)c3ccc(c(Cl)c3)Oc3cc2cc(c3O[C@@H]2O[C@H](CO)[C@@H](O)[C@H](O)[C@H]2O[C@H]2C[C@](C)(NCc3ccc(-c4ccc(Cl)cc4)cc3)[C@@H](O)[C@H](C)O2)Oc2ccc(cc2Cl)[C@H]1O,=,0.4985954221832476,,CHEMBL1696173,CHEMBL1687729,Fraction unbound in human plasma,5306524,unknown,human
CNc1c(C)c(C)nc2cc([C@@H]3CCCCN3C(=O)c3cc(C)ccc3NS(C)(=O)=O)nn12,=,-0.6186299770217468,,CHEMBL3413803,CHEMBL3407466,Percentage unbound in human plasma at 2 uM by equilibrium dialysis,15196753,unknown,human
CNc1c(C)c(C)nc2cc([C@@H]3CCCCN3C(=O)c3ccccc3NS(C)(=O)=O)nn12,=,-0.2329469187618698,,CHEMBL3413803,CHEMBL3407466,Percentage unbound in human plasma at 2 uM by equilibrium dialysis,15196750,unknown,human
CNc1cc(-c2cnn3c2C(=O)N(c2ccc(C(F)(F)F)cc2)C[C@@H]3C)ccn1,=,0.5760837328427963,,CHEMBL5589179,CHEMBL5584356,Unbound fraction in human plasma by rapid equilibrium dialysis,26051535,unknown,human
CNc1cc(-c2csc(N(C)C(=O)c3ccc([18F])cc3)n2)ncn1,=,-0.6846498281174214,,CHEMBL3089867,CHEMBL3085643,Fraction unbound in human plasma by radio-HPLC analysis,13833466,unknown,human
CNc1cc(Nc2cc(F)cc(F)c2OC)nn2c(C(=O)NC[C@](C)(O)CO)cnc12,=,0.90623301799406,,CHEMBL4251855,CHEMBL4251544,Fraction unbound in human plasma at 10 uM after 6.5 hrs by equilibrium dialysis method,18684742,unknown,human
CNc1cc(Nc2cccn(-c3ccc(C)nc3)c2=O)nc2c(C(=O)N[C@H]3CC[C@@H]3OC)cnn12,=,0.8256321338790893,,CHEMBL5327936,CHEMBL5325475,Plasma protein binding in human assessed as unbound fraction,25483988,unknown,human
CNc1cc(Nc2cccn(-c3ccc(F)cn3)c2=O)nc2c(C(=O)N[C@@H]3CC[C@H]3OC)cnn12,=,0.7799025307482025,,CHEMBL5327936,CHEMBL5325475,Plasma protein binding in human assessed as unbound fraction,25483985,unknown,human
CNc1cc(Nc2cccn(-c3ccccn3)c2=O)nc2c(C(=O)N[C@H]3CC[C@@H]3OC)cnn12,=,0.8256321338790893,,CHEMBL5327936,CHEMBL5325475,Plasma protein binding in human assessed as unbound fraction,25483984,unknown,human
CNc1cc(Nc2cccn(-c3cccnc3)c2=O)nc2c(C(=O)N[C@H]3CC[C@@H]3OC)cnn12,=,0.9916376970957856,,CHEMBL5327936,CHEMBL5325475,Plasma protein binding in human assessed as unbound fraction,25483986,unknown,human
CNc1cc(Nc2cccn(-c3cccnc3C)c2=O)nc2c(C(=O)N[C@H]3CC[C@@H]3OC)cnn12,=,0.90623301799406,,CHEMBL5327936,CHEMBL5325475,Plasma protein binding in human assessed as unbound fraction,25483987,unknown,human
CNc1cc(Nc2cccn(-c3cnc(C)o3)c2=O)nc2c(C(=O)N[C@@H]3CC[C@H]3OC)cnn12,=,0.8032871660118494,,CHEMBL5327936,CHEMBL5325475,Plasma protein binding in human assessed as unbound fraction,25483992,unknown,human
CNc1cc(Nc2cccn(-c3cncc(F)c3)c2=O)nc2c(C(=O)N[C@H]3CC[C@@H]3OC)cnn12,=,0.8470259585922197,,CHEMBL5327936,CHEMBL5325475,Plasma protein binding in human assessed as unbound fraction,25483989,unknown,human
CNc1cc(Nc2cccn(-c3nc(C)co3)c2=O)nc2c(C(=O)N[C@H]3CC[C@@H]3OC)cnn12,=,0.4985954221832476,,CHEMBL5327936,CHEMBL5325475,Plasma protein binding in human assessed as unbound fraction,25483991,unknown,human
CNc1cc(Nc2cccn(-c3ncccc3F)c2=O)nc2c(C(=O)NC3CC4(COC4)C3)cnn12,=,0.8872617474008635,,CHEMBL5327936,CHEMBL5325475,Plasma protein binding in human assessed as unbound fraction,25483979,unknown,human
CNc1cc(Nc2cccn(-c3ncccc3F)c2=O)nc2c(C(=O)NCC3(CO)CC3)cnn12,=,0.8256321338790893,,CHEMBL5327936,CHEMBL5325475,Plasma protein binding in human assessed as unbound fraction,25483982,unknown,human
CNc1cc(Nc2cccn(-c3ncccc3F)c2=O)nc2c(C(=O)N[C@@H]3CCC3(F)F)cnn12,=,-0.0928435423790931,,CHEMBL5327936,CHEMBL5325475,Plasma protein binding in human assessed as unbound fraction,25483970,unknown,human
CNc1cc(Nc2cccn(-c3ncccc3F)c2=O)nc2c(C(=O)N[C@@H]3CC[C@@H](OC)C3)cnn12,=,0.7024142200886537,,CHEMBL5327936,CHEMBL5325475,Plasma protein binding in human assessed as unbound fraction,25483980,unknown,human
CNc1cc(Nc2cccn(-c3ncccc3F)c2=O)nc2c(C(=O)N[C@@H]3CC[C@@H]3O)cnn12,=,0.8032871660118494,,CHEMBL5327936,CHEMBL5325475,Plasma protein binding in human assessed as unbound fraction,25483976,unknown,human
CNc1cc(Nc2cccn(-c3ncccc3F)c2=O)nc2c(C(=O)N[C@@H]3CC[C@@]3(C)OC)cnn12,=,0.6432071606868136,,CHEMBL5327936,CHEMBL5325475,Plasma protein binding in human assessed as unbound fraction,25483978,unknown,human
CNc1cc(Nc2cccn(-c3ncccc3F)c2=O)nc2c(C(=O)N[C@@H]3CC[C@H]3O)cnn12,=,0.9245142692517684,,CHEMBL5327936,CHEMBL5325475,Plasma protein binding in human assessed as unbound fraction,25483975,unknown,human
CNc1cc(Nc2cccn(-c3ncccc3F)c2=O)nc2c(C(=O)N[C@@H]3CC[C@H]3OC)cnn12,=,0.8032871660118494,,CHEMBL5327936,CHEMBL5325475,Plasma protein binding in human assessed as unbound fraction,25483971,unknown,human
CNc1cc(Nc2cccn(-c3ncccc3F)c2=O)nc2c(C(=O)N[C@@H]3C[C@@H]3F)cnn12,=,0.4018941102179953,,CHEMBL5327936,CHEMBL5325475,Plasma protein binding in human assessed as unbound fraction,25483965,unknown,human
CNc1cc(Nc2cccn(-c3ncccc3F)c2=O)nc2c(C(=O)N[C@@H]3C[C@H]3OC)cnn12,=,0.6107650009699698,,CHEMBL5327936,CHEMBL5325475,Plasma protein binding in human assessed as unbound fraction,25483968,unknown,human
CNc1cc(Nc2cccn(-c3ncccc3F)c2=O)nc2c(C(=O)N[C@H]3CCC3(F)F)cnn12,=,0.1980753123125893,,CHEMBL5327936,CHEMBL5325475,Plasma protein binding in human assessed as unbound fraction,25483969,unknown,human
CNc1cc(Nc2cccn(-c3ncccc3F)c2=O)nc2c(C(=O)N[C@H]3CC[C@@H]3O)cnn12,=,0.8032871660118494,,CHEMBL5327936,CHEMBL5325475,Plasma protein binding in human assessed as unbound fraction,25483974,unknown,human
CNc1cc(Nc2cccn(-c3ncccc3F)c2=O)nc2c(C(=O)N[C@H]3CC[C@@H]3OC)cnn12,=,0.7295926771865047,,CHEMBL5327936,CHEMBL5325475,Plasma protein binding in human assessed as unbound fraction,25483972,unknown,human
CNc1cc(Nc2cccn(-c3ncccc3F)c2=O)nc2c(C(=O)N[C@H]3CC[C@H](OC)C3)cnn12,=,0.6432071606868136,,CHEMBL5327936,CHEMBL5325475,Plasma protein binding in human assessed as unbound fraction,25483981,unknown,human
CNc1cc(Nc2cccn(-c3ncccc3F)c2=O)nc2c(C(=O)N[C@H]3CC[C@H]3O)cnn12,=,0.6736818853795221,,CHEMBL5327936,CHEMBL5325475,Plasma protein binding in human assessed as unbound fraction,25483977,unknown,human
CNc1cc(Nc2cccn(-c3ncccc3F)c2=O)nc2c(C(=O)N[C@H]3C[C@@H]3OC)cnn12,=,0.4985954221832476,,CHEMBL5327936,CHEMBL5325475,Plasma protein binding in human assessed as unbound fraction,25483967,unknown,human
CNc1cc(Nc2cccn(-c3ncccc3F)c2=O)nc2c(C(=O)N[C@H]3C[C@H]3F)cnn12,=,-0.0794379744181615,,CHEMBL5327936,CHEMBL5325475,Plasma protein binding in human assessed as unbound fraction,25483966,unknown,human
CNc1cc(Nc2cccn(-c3ncco3)c2=O)nc2c(C(=O)N[C@H]3CC[C@@H]3OC)cnn12,=,0.7799025307482025,,CHEMBL5327936,CHEMBL5325475,Plasma protein binding in human assessed as unbound fraction,25483990,unknown,human
CNc1cc(Nc2cccn(-c3ocnc3C)c2=O)nc2c(C(=O)N[C@@H]3CC[C@H]3OC)cnn12,=,1.022112421788494,,CHEMBL5327936,CHEMBL5325475,Plasma protein binding in human assessed as unbound fraction,25483993,unknown,human
CNc1cc(Nc2cccn(C(C)C)c2=O)nc2c(C(=O)N[C@H]3CC[C@@H]3OC)cnn12,=,0.5760837328427963,,CHEMBL5327936,CHEMBL5325475,Plasma protein binding in human assessed as unbound fraction,25483983,unknown,human
CNc1cc(Nc2cccn(C3CCN(CCF)CC3)c2=O)nc2c(C(=O)N[C@H]3CC[C@@H]3OC)cnn12,=,1.0366838480384906,,CHEMBL5327936,CHEMBL5325475,Plasma protein binding in human assessed as unbound fraction,25483998,unknown,human
CNc1cc(Nc2cccn(C3CCOCC3)c2=O)nc2c(C(=O)N[C@H]3CC[C@@H]3OC)cnn12,=,1.0508447564976258,,CHEMBL5327936,CHEMBL5325475,Plasma protein binding in human assessed as unbound fraction,25483994,unknown,human
CNc1cc(Nc2cccn(C3COC3)c2=O)nc2c(C(=O)N[C@H]3CC[C@@H]3OC)cnn12,=,0.9916376970957856,,CHEMBL5327936,CHEMBL5325475,Plasma protein binding in human assessed as unbound fraction,25484001,unknown,human
CNc1cc(Nc2cccn([C@@H]3CCCOC3)c2=O)nc2c(C(=O)N[C@H]3CC[C@@H]3OC)cnn12,=,0.9916376970957856,,CHEMBL5327936,CHEMBL5325475,Plasma protein binding in human assessed as unbound fraction,25483996,unknown,human
CNc1cc(Nc2cccn([C@H]3CCCOC3)c2=O)nc2c(C(=O)N[C@H]3CC[C@@H]3OC)cnn12,=,1.0366838480384906,,CHEMBL5327936,CHEMBL5325475,Plasma protein binding in human assessed as unbound fraction,25483995,unknown,human
CNc1cc(Nc2cccn([C@H]3CC[C@@H](OC)CC3)c2=O)nc2c(C(=O)N[C@@H]3CC[C@H]3OC)cnn12,=,0.5760837328427963,,CHEMBL5327936,CHEMBL5325475,Plasma protein binding in human assessed as unbound fraction,25483997,unknown,human
CNc1cc(Nc2cccn([C@H]3C[C@@H](OC)C3)c2=O)nc2c(C(=O)N[C@H]3CC[C@@H]3OC)cnn12,=,0.7799025307482025,,CHEMBL5327936,CHEMBL5325475,Plasma protein binding in human assessed as unbound fraction,25484000,unknown,human
CNc1cc(Nc2cccn([C@H]3C[C@H](OC)C3)c2=O)nc2c(C(=O)N[C@H]3CC[C@@H]3OC)cnn12,=,0.8256321338790893,,CHEMBL5327936,CHEMBL5325475,Plasma protein binding in human assessed as unbound fraction,25483999,unknown,human
CNc1cc[n+](CCNC(=O)c2ccn3c(-c4c(C)noc4C)cnc3c2)cc1.[Cl-],=,1.482712536984188,,CHEMBL5383343,CHEMBL5380818,Plasma protein binding in human plasma assessed as unbound fraction by equilibrium dialysis base LC-MS/MS analysis,25694380,unknown,human
CNc1nc(-c2ccccc2)c2ccccc2n1,=,-0.8034775043339566,,CHEMBL4673826,CHEMBL4673201,Plasma protein binding in human assessed as fraction unbound,22422478,unknown,human
CNc1nc(Nc2ccc(-n3cnc(C)n3)c(OC)c2)nc2c1CC[C@H]2c1ccc(F)cc1,=,-1.0072963022393624,,CHEMBL4700787,CHEMBL4699441,Fraction unbound in human plasma measured after 24 hrs by LC-MS/MS analysis,22756139,unknown,human
CNc1nc(Nc2ccc(-n3cnc(Cl)c3)c(OC)c2)nc2c1CC[C@H]2c1ccccc1,=,-1.9079761729627127,,CHEMBL4700787,CHEMBL4699441,Fraction unbound in human plasma measured after 24 hrs by LC-MS/MS analysis,22756138,unknown,human
CNc1nc(OCCOC)nc2c1[nH]c(=O)n2Cc1ccccc1,=,0.4548566296028772,,CHEMBL4673826,CHEMBL4673201,Plasma protein binding in human assessed as fraction unbound,22422495,unknown,human
CNc1nc2ccccc2n1-c1nc(N2CCOC[C@H]2C)cc(C2(S(C)(=O)=O)CC2)n1,=,-0.354174022001789,,CHEMBL4269684,CHEMBL4266018,Fraction unbound in human 10% plasma,18779273,unknown,human
CNc1nc2ccccc2n1-c1nc(N2CCOC[C@H]2C)cc(C2([S@](C)(=N)=O)CC2)n1,=,-0.0172998337847618,,CHEMBL4269684,CHEMBL4266018,Fraction unbound in human 10% plasma,18779272,unknown,human
CNc1nc2nc3c1[nH]c(=O)n3Cc1cccc(c1)OCCCCCO2,=,-0.4278685108271337,,CHEMBL4673826,CHEMBL4673201,Plasma protein binding in human assessed as fraction unbound,22422494,unknown,human
CNc1nc2nc3c1[nH]c(=O)n3Cc1cccc(c1)OCCCCO2,=,-0.135348766225144,,CHEMBL4673826,CHEMBL4673201,Plasma protein binding in human assessed as fraction unbound,22422493,unknown,human
CNc1nc2nc3c1[nH]c(=O)n3Cc1cccc(c1)OCCN(C)C(=O)CO2,=,0.9334114750919108,,CHEMBL4673826,CHEMBL4673201,Plasma protein binding in human assessed as fraction unbound,22422490,unknown,human
CNc1nc2nc3c1[nH]c(=O)n3Cc1cccc(c1)OCCNC(=O)CO2,=,1.1223128873345103,,CHEMBL4673826,CHEMBL4673201,Plasma protein binding in human assessed as fraction unbound,22422491,unknown,human
CNc1nc2nc3c1[nH]c(=O)n3Cc1cccc(c1)OCCOCCO2,=,0.2755636229721379,,CHEMBL4673826,CHEMBL4673201,Plasma protein binding in human assessed as fraction unbound,22422492,unknown,human
CNc1nccn(-c2cc(C(=O)NC3CC3)ccc2C)c1=O,=,1.4522378122914796,,CHEMBL4727217,CHEMBL4725297,Protein binding in human plasma assessed as free fraction,22881495,unknown,human
CNc1ncnn1-c1noc2c(F)c3c(cc12)CC1(C(=O)NC(=O)NC1=O)[C@H]1[C@H](C)O[C@H](C)CN31,=,0.2947766242778414,,CHEMBL4730283,CHEMBL4725408,Protein binding in human plasma assessed as unbound fraction at 10 uM measured after 16 hrs by LC-MS/MS based equilibrium dialysis method,22894955,unknown,human
CO/N=C(\C(=O)N[C@@H]1C(=O)N2C(C(=O)O)=C(C)CS[C@H]12)c1csc(N)n1,=,1.4395110817152417,,CHEMBL1043580,CHEMBL1156824,Fraction unbound in human plasma,2993517,unknown,human
CO/N=C(\C(=O)N[C@@H]1C(=O)N2C(C(=O)O)=C(COC(N)=O)CS[C@H]12)c1ccco1,=,1.0508447564976258,,CHEMBL1043580,CHEMBL1156824,Fraction unbound in human plasma,2991993,unknown,human
CO/N=C(\C(=O)N[C@@H]1C(=O)N2C(C(=O)O)=C(CSc3nc(=O)c(O)nn3C)CS[C@H]12)c1csc(N)n1,=,0.0782310957961973,,CHEMBL1043580,CHEMBL1156824,Fraction unbound in human plasma,2990553,unknown,human
CO/N=C(\C(=O)N[C@@H]1C(=O)N2C(C(=O)[O-])=C(C[N+]3(C)CCCC3)CS[C@H]12)c1csc(N)n1,=,1.4395110817152417,,CHEMBL1043580,CHEMBL1156824,Fraction unbound in human plasma,2993516,unknown,human
COC(=O)C(O/N=C(\C(=O)N[C@@H]1C(=O)N(OS(=O)(=O)O)C1(C)C)c1csc(N)n1)c1cc(=O)c(O)cn1O,=,-0.9989873691485958,,CHEMBL4010997,CHEMBL4007487,Fraction unbound in human plasma at 10 uM after 4 hrs by LC-MS/MS based rapid equilibrium dialysis method,18047190,unknown,human
COC(=O)C1=C(C)NC(C)=C(C(=O)OC)C1c1ccccc1[N+](=O)[O-],=,-0.0057434855928168,,CHEMBL1043580,CHEMBL1156824,Fraction unbound in human plasma,2990532,unknown,human
COC(=O)C1=C(C)NC(C)=C(C(=O)OCC(C)C)C1c1ccccc1[N+](=O)[O-],=,-1.3557268386483343,,CHEMBL1043580,CHEMBL1156824,Fraction unbound in human plasma,2990455,unknown,human
COC(=O)C1=C(C)NC(C)=C(C(=O)OCCN(C)Cc2ccccc2)C1c1cccc([N+](=O)[O-])c1,=,-0.7505149849490745,,CHEMBL1043580,CHEMBL1156824,Fraction unbound in human plasma,2990484,unknown,human
COC(=O)C1=C(CN2CC(F)(F)C[C@H]2C(=O)O)NC(c2nccs2)=N[C@@]1(C)c1ccc(F)cc1,=,-0.4278685108271337,,CHEMBL4432104,CHEMBL4431325,Unbound fraction in human plasma at 10 uM after 5 hrs by LC-MS/MS based equilibrium dialysis,19442954,unknown,human
COC(=O)C1=C(CN2CCOC[C@H]2C(=O)O)NC(c2nccs2)=N[C@H]1c1ccc(Cl)c(F)c1,=,-0.1817828950592638,,CHEMBL4416877,CHEMBL4414644,Unbound fraction in human plasma at 1000 nM incubated for 5 hrs by LC-MS/MS analysis detection based equilibrium dialysis assay,19314930,unknown,human
COC(=O)C1=C(CN2CCOC[C@H]2C(=O)O)NC(c2nccs2)=N[C@H]1c1ccc(F)c(F)c1C,=,0.0972023663893936,,CHEMBL4011437,CHEMBL4007508,Fraction unbound in human plasma at 1000 nM after 5 hrs by LC-MS/MS analysis,18050973,unknown,human
COC(=O)C1=C(CN2CCOC[C@H]2C(=O)O)NC(c2nccs2)=N[C@H]1c1ccc(F)cc1Cl,=,0.1243808234872447,,CHEMBL4011437,CHEMBL4007508,Fraction unbound in human plasma at 1000 nM after 5 hrs by LC-MS/MS analysis,18050971,unknown,human
COC(=O)N1CCN(C2CCN(c3cc(C)c4nc(-c5c(NCCc6ncn(C)c6Cl)cc[nH]c5=O)[nH]c4c3)CC2)CC1,=,0.4548566296028772,,CHEMBL1102242,CHEMBL1155377,Fraction unbound in human plasma,3185461,unknown,human
COC(=O)N1CCN(C2CCN(c3cc(C)c4nc(-c5c(NCCn6cc(Cl)cn6)cc[nH]c5=O)[nH]c4c3)CC2)CC1,=,-0.1503552240963827,,CHEMBL1102242,CHEMBL1155377,Fraction unbound in human plasma,3185460,unknown,human
COC(=O)N1CCN(C2CCN(c3cc(C)c4nc(-c5c(NC[C@@H](O)c6cccc(Cl)c6)cc[nH]c5=O)[nH]c4c3)CC2)CC1,=,-0.7505149849490745,,CHEMBL1102242,CHEMBL1155377,Fraction unbound in human plasma,3185459,unknown,human
COC(=O)N1CCN([C@H]2CC[C@H](Nc3nc(Nc4cnn(C)c4)nc4ccc(CC#N)nc34)CC2)CC1,=,0.9591955373789416,,CHEMBL4323560,CHEMBL4321825,Unbound fraction in human plasma at 37 degC by equilibrium dialysis,18921813,unknown,human
COC(=O)N1CCN([C@H]2CC[C@H](Nc3ncnc4ccc(C#N)cc34)CC2)CC1,=,0.8256321338790893,,CHEMBL4323560,CHEMBL4321825,Unbound fraction in human plasma at 37 degC by equilibrium dialysis,18921814,unknown,human
COC(=O)N1CCN([C@H]2CC[C@H](Nc3ncnn4ccc([C@H](C)CC(N)=O)c34)CC2)CC1,=,1.064617645634545,,CHEMBL4266479,CHEMBL4265877,Fraction unbound in human plasma by equilibrium dialysis method,18762056,unknown,human
COC(=O)N1CC[C@H]2CC[C@@H](C(=O)N[C@@H](CCC(N)=O)C(=O)N[C@@H](Cc3ccc(F)c(F)c3)C(=O)N3CCC(CCC#Cc4cccc5c4CN(C4CCC(=O)NC4=O)C5=O)CC3)N2C(=O)[C@@H](NC(=O)c2cc3cc(C(F)(F)P(=O)(O)O)ccc3s2)C1,=,-1.0989455213580468,,CHEMBL6095941,CHEMBL6092220,Plasma protein binding in human assessed as unbound fraction at 10 uM,29135044,unknown,human
COC(=O)N1C[C@@H](C)N(c2ncc3[nH]nc(-c4ccc(N5CCN(C)CC5)cc4)c3n2)[C@@H](C)C1,=,-0.0172998337847618,,CHEMBL5125840,CHEMBL5120943,Protein binding in human plasma assessed as free fraction measured after 2 hrs by LC-MS/MS analysis,24769629,unknown,human
COC(=O)N1C[C@@H](C)N(c2ncc3[nH]nc(-c4ccc(N5CCN[C@H](C)C5)nc4)c3n2)[C@@H](C)C1,=,0.4018941102179953,,CHEMBL5125840,CHEMBL5120943,Protein binding in human plasma assessed as free fraction measured after 2 hrs by LC-MS/MS analysis,24769628,unknown,human
COC(=O)N1C[C@H](C(=O)Nc2ccc(Cl)cn2)[C@@H](C(=O)Nc2ccc(-n3ccccc3=O)cc2F)C1,=,0.213081770183828,,CHEMBL1227347,CHEMBL1221236,Fraction unbound in human plasma,3422972,unknown,human
COC(=O)N[C@H](C(=O)N1C[C@H](C(F)(F)F)C[C@H]1C(=O)N[C@H](C#N)C[C@@H]1CCNC1=O)C(C)(C)C,=,1.131910868787379,,CHEMBL5576521,CHEMBL5576048,Plasma protein binding in human plasma assessed as unbound fraction at 0.3 to 30 uM by equilibrium dialysis,26006461,unknown,human
COC(=O)Nc1cc(-c2ccc(OC[C@@](C)(N)CC(C)C)c(C)n2)ccn1,=,0.7024142200886537,,CHEMBL5161196,CHEMBL5154787,Protein binding in human plasma assessed as unbound fraction measured after 3 hrs by LC/MS/MS analysis,24902903,unknown,human
COC(=O)Nc1cc(-c2cnc(OC[C@@](C)(N)CC(C)C)c(C)c2)ccn1,=,0.4772015974701172,,CHEMBL5161196,CHEMBL5154787,Protein binding in human plasma assessed as unbound fraction measured after 3 hrs by LC/MS/MS analysis,24902902,unknown,human
COC(=O)Nc1ccc2c(c1)NC(=O)[C@H](C)CCC[C@H](N1CCC(c3c(F)ccc(Cl)c3F)=CC1=O)c1cc-2ccn1,=,-0.929807991579814,,CHEMBL5040332,CHEMBL5038606,Fraction unbound in human plasma,24387433,unknown,human
COC(=O)Nc1ccccc1C(=O)N1CCCC[C@H]1c1cc2[nH]c(C)c(C)c(=O)n2n1,=,0.396790726212057,,CHEMBL3413803,CHEMBL3407466,Percentage unbound in human plasma at 2 uM by equilibrium dialysis,15196739,unknown,human
COC(=O)Nc1nc(C)c(S(=O)(=O)N2CCN(C[C@H](C)Nc3ncnc4c(-c5ccc(F)c(CN(C)C)c5)cccc34)CC2)s1,=,-2.717006824567379,,CHEMBL5388529,CHEMBL5385906,Protein binding in human plasma assessed as fraction unbound at 0.5 uM measured after 5 hrs by LC-MS/MS analysis,25712455,unknown,human
COC(=O)Nc1nc(C)c(S(=O)(=O)N2CCN(C[C@H](C)Nc3ncnc4c(-c5cccc(CN(C)C)c5)cccc34)CC2)s1,=,-2.5131880266619726,,CHEMBL5388529,CHEMBL5385906,Protein binding in human plasma assessed as fraction unbound at 0.5 uM measured after 5 hrs by LC-MS/MS analysis,25712452,unknown,human
COC(=O)Nc1nc(C)c(S(=O)(=O)N2CCN(C[C@H](C)Nc3ncnc4c(-c5sc(C)nc5C)cccc34)CC2)s1,=,-2.717006824567379,,CHEMBL5388529,CHEMBL5385906,Protein binding in human plasma assessed as fraction unbound at 0.5 uM measured after 5 hrs by LC-MS/MS analysis,25712447,unknown,human
COC(=O)Nc1nc2cc(C(=O)c3ccccc3)ccc2[nH]1,=,0.3311307026242102,,CHEMBL1043580,CHEMBL1156824,Fraction unbound in human plasma,2990590,unknown,human
COC(=O)[C@H]1Cc2c([nH]c3ccccc23)[C@H](C2CCOCC2)N1C(=O)CCl,=,0.9756782929543744,,CHEMBL5376065,CHEMBL5375942,Unbound fraction in human plasma,25670243,unknown,human
COC(=O)[C@H]1Cc2c([nH]c3ccccc23)[C@H](Cc2ccccc2)N1C(=O)CCl,=,-0.2701994406127747,,CHEMBL5376065,CHEMBL5375942,Unbound fraction in human plasma,25670242,unknown,human
COC(=O)[C@H]1Cc2c([nH]c3ccccc23)[C@H](c2ccc(F)cc2C(F)(F)F)N1C(=O)CCl,=,-0.331829054134549,,CHEMBL5376065,CHEMBL5375942,Unbound fraction in human plasma,25670240,unknown,human
COC(=O)[C@H]1Cc2c([nH]c3ccccc23)[C@H](c2ccc(F)cc2Cl)N1C(=O)CCl,=,-0.4550469679249845,,CHEMBL5376065,CHEMBL5375942,Unbound fraction in human plasma,25670239,unknown,human
COC(=O)[C@H]1Cc2c([nH]c3ccccc23)[C@H](c2ccc(F)cc2F)N1C(=O)CCl,=,-0.1982656506346964,,CHEMBL5376065,CHEMBL5375942,Unbound fraction in human plasma,25670238,unknown,human
COC(=O)[C@H]1Cc2c([nH]c3ccccc23)[C@H](c2ccc(OC(F)(F)F)cc2)N1C(=O)CCl,=,-1.0989455213580468,,CHEMBL5376065,CHEMBL5375942,Unbound fraction in human plasma,25670237,unknown,human
COC(=O)[C@H]1Cc2c([nH]c3ccccc23)[C@H](c2ccc(OC)cc2)N1C(=O)CCl,=,0.213081770183828,,CHEMBL5376065,CHEMBL5375942,Unbound fraction in human plasma,25670236,unknown,human
COC(=O)[C@H]1Cc2c([nH]c3ccccc23)[C@H](c2ccc(S(C)(=O)=O)cc2)N1C(=O)CCl,=,0.8930286826246755,,CHEMBL5376065,CHEMBL5375942,Unbound fraction in human plasma,25670241,unknown,human
COC(=O)[C@H]1Cc2c([nH]c3ccccc23)[C@H](c2ccccc2)N1C(=O)CCl,=,-0.1066164315160123,,CHEMBL5376065,CHEMBL5375942,Unbound fraction in human plasma,25670231,unknown,human
COC(=O)[C@H]1[C@H]2C[C@@H]3c4[nH]c5cc(OC)ccc5c4CCN3C[C@H]2C[C@@H](OC(=O)c2cc(OC)c(OC)c(OC)c2)[C@@H]1OC,=,1.538623328791171,,CHEMBL5346645,CHEMBL5344475,Plasma protein binding in human assessed as unbound fraction,25553944,unknown,human
COC1(OC)CN(c2ncc(C(=O)O)s2)CC[C@H]1NC(=O)c1[nH]c(C)c(Cl)c1Cl,=,-0.4550469679249845,,CHEMBL3366713,CHEMBL3352173,Percentage unbound in human plasma,14997798,unknown,human
COCC(=O)N(Cc1ccsc1)C1CCN([C@H](C)CCNC(=O)c2c(C)cc(Cl)nc2C)CC1,=,1.3321518650625803,,CHEMBL2168046,CHEMBL2163215,Fraction unbound in human plasma after 5 hrs,12091388,unknown,human
COCC(COC)(COC)NC(=O)c1nc(N2CC[C@@H](NC(=O)c3[nH]c(C)c(Cl)c3Cl)[C@@H](OC)C2)sc1C(=O)O,=,0.0274122001586224,,CHEMBL3366713,CHEMBL3352173,Percentage unbound in human plasma,15001756,unknown,human
COCC(COC)NC(=O)c1nc(N2CC[C@@H](NC(=O)c3[nH]c(C)c(Cl)c3Cl)[C@@H](OC)C2)sc1C(=O)O,=,-0.3775586572654357,,CHEMBL3366713,CHEMBL3352173,Percentage unbound in human plasma,15001755,unknown,human
COCC(COC)n1c(-c2cc(C)c(=O)n(C)c2)nc2cc(N3CCOCC3)ccc21,=,1.399275292906598,,CHEMBL4404041,CHEMBL4402554,Fraction unbound in human plasma,19260636,unknown,human
COCC(COC)n1c(-c2cc(C)c(=O)n(C)c2)nc2ccccc21,=,1.064617645634545,,CHEMBL4404041,CHEMBL4402554,Fraction unbound in human plasma,19260635,unknown,human
COCC(O/N=C(\C(=O)N[C@@H]1C(=O)N(OS(=O)(=O)O)C1(C)C)c1csc(N)n1)c1cc(=O)c(O)cn1O,=,-0.9518266504404824,,CHEMBL4010997,CHEMBL4007487,Fraction unbound in human plasma at 10 uM after 4 hrs by LC-MS/MS based rapid equilibrium dialysis method,18047147,unknown,human
COCCCN1CCC(c2nnc(-c3nn(C(C)C)c4ccccc34)o2)CC1.O=C(O)C(=O)O,=,0.2487477183652802,,CHEMBL5223879,CHEMBL5223084,Protein binding in human plasma assessed as free fraction at 1 uM incubated for 6 hrs by HT-dialysis method based LC-MS/MS analysis,24973849,unknown,human
COCCCN1C[C@@H]2[C@@H](CNC(=O)c3nc(C(C)C)n4ccccc34)[C@@H]2C1,=,0.9404175676944804,,CHEMBL3745168,CHEMBL3739407,Fraction unbound in human plasma at 1 uM after 6 hrs by high-throughput dialysis method,16401253,unknown,human
COCCCOc1cc(C[C@@H](C[C@H](N)[C@@H](O)C[C@H](C(=O)NCC([14CH3])([14CH3])C(N)=O)C(C)C)C(C)C)ccc1OC.O=C(O)/C=C/C(=O)O,=,1.2139621064531945,,CHEMBL3508890,CHEMBL3508693,In vitro plasma protein binding (reported as Fu[%]) of 500 ng.ml-1 [14C] aliskiren hemifumarate in human,15443883,in_vitro,human
COCCCOc1cc(C[C@@H](C[C@H](N)[C@@H](O)C[C@H](C(=O)NCC([14CH3])([14CH3])C(N)=O)C(C)C)C(C)C)ccc1OC.O=C(O)/C=C/C(=O)O,=,1.18807178076719,,CHEMBL3508891,CHEMBL3508693,In vitro plasma protein binding (reported as Fu[%]) of 500 ng.ml-1 [14C] aliskiren hemifumarate in human,15443884,in_vitro,human
COCCCOc1cc(C[C@@H](C[C@H](N)[C@@H](O)C[C@H](C(=O)NCC([14CH3])([14CH3])C(N)=O)C(C)C)C(C)C)ccc1OC.O=C(O)/C=C/C(=O)O,=,1.229858419410717,,CHEMBL3508892,CHEMBL3508693,In vitro plasma protein binding (reported as Fu[%]) of 500 ng.ml-1 [14C] aliskiren hemifumarate in human,15443885,in_vitro,human
COCCCOc1cc2c(cc1Cl)-c1cc(=O)c(C(=O)O)cn1[C@H](C(C)C)CO2,=,0.5760837328427963,,CHEMBL5540110,CHEMBL5537169,Protein binding in human plasma assessed as fraction unbound at 2 uM incubated for 6 hrs by equilibrium dialysis based LC-MS/MS analysis,25963026,unknown,human
COCCCOc1cc2c(cc1OC)-c1cc(=O)c(C(=O)O)cn1[C@H](C(C)(C)C)CO2,=,1.1517177024208214,,CHEMBL5224908,CHEMBL5223122,Protein binding in human plasma assessed as unbound fraction,24977158,unknown,human
COCCCOc1cc2c(cc1OC)-c1cc(=O)c(C(=O)O)cn1[C@H](C(C)C)C2,=,1.0040501550722456,,CHEMBL4269016,CHEMBL4265974,Fraction unbound in human plasma at 1 uM by micro-equilibrium dialysis,18775758,unknown,human
COCCCOc1cc2c(cc1OC)-c1cc(=O)c(C(=O)O)cn1[C@H](C(C)C)C2,=,1.1517177024208214,,CHEMBL5540110,CHEMBL5537169,Protein binding in human plasma assessed as fraction unbound at 2 uM incubated for 6 hrs by equilibrium dialysis based LC-MS/MS analysis,25963028,unknown,human
COCCCOc1cc2c(nc1OC)-c1cc(=O)c(C(=O)O)cn1[C@H](C(C)C)C2,=,1.2159768546692298,,CHEMBL5540110,CHEMBL5537169,Protein binding in human plasma assessed as fraction unbound at 2 uM incubated for 6 hrs by equilibrium dialysis based LC-MS/MS analysis,25963027,unknown,human
COCCCOc1cc2c(nc1OC)-c1cc(=O)c(C(=O)O)cn1[C@H](C(C)C)C2,=,1.2638872812075437,,CHEMBL6131146,CHEMBL6127124,Plasma protein binding in human assessed as unbound fraction at 2 uM incubated for 6 hrs by equilibrium dialysis,29242289,unknown,human
COCCCOc1ccnc(C[S+]([O-])c2nc3ccccc3[nH]2)c1C,=,-0.0928435423790931,,CHEMBL1043580,CHEMBL1156824,Fraction unbound in human plasma,2990520,unknown,human
COCCN(C(=O)c1[nH]c(C)c(Cl)c1Cl)c1nc2ccc(C(=O)O)cc2s1,=,-0.8034775043339566,,CHEMBL5318799,CHEMBL5316317,Plasma protein binding in human assessed as free fraction measured after 4 hrs by LC-MS/MS analysis,25451265,unknown,human
COCCN(C)S(=O)(=O)c1ccc(C)c(C#Cc2cc(Cl)ccc2OCC(=O)O)c1,=,-1.0072963022393624,,CHEMBL1920742,CHEMBL1914440,Percentage unbound in human plasma,7923187,unknown,human
COCCN(C)c1ccc(NC(=O)c2nc(-c3ccccc3)oc2C(F)(F)F)cn1,=,-0.5466961870436686,,CHEMBL1924485,CHEMBL1921801,Fraction unbound in human serum,7954570,unknown,human
COCCN1CC[C@@H](NC(=O)c2cn(C(C)(C)C)nn2)c2ccc(-c3ccnc(Nc4cnn(C)c4)n3)cc2C1,=,0.4069462030645636,,CHEMBL5043210,CHEMBL5042486,Protein binding in human plasma assessed as unbound fraction at 2 uM by rapid equilibrium dialysis method,24398576,unknown,human
COCCN1CC[C@H](n2c(=O)n(C)c3cnc(Nc4cc5cccnc5cc4C)nc32)C1,=,1.3922447026794724,,CHEMBL5142869,CHEMBL5137107,Plasma protein binding in human assessed as unbound fraction,24831504,unknown,human
COCCNC(=O)[C@H](Nc1ccc2c(c1)CNC2)c1cc(Cl)cc(C2CC2)c1,=,-0.1982656506346964,,CHEMBL5674857,CHEMBL5674856,"Human plasma protein binding is determined by spiking test compound into plasma and dialyzing against buffer until equilibrium. Verapamil as test compound is used as reference. Peak areas of compound in both plasma and buffer are determined using HPLC-MS/MS and plasma protein-bound of compound is calculated. The assay has been performed by Enamine biological services, Bienta Ltd.",26265373,unknown,human
COCCNC(=O)c1cnc(N)c2cc(-c3ccc(S(=O)(=O)NC(C)(C)C)cc3)sc12,=,-0.331829054134549,,CHEMBL1941464,CHEMBL1938231,Fraction unbound in human plasma by equilibrium dialysis,8010859,unknown,human
COCCNC(=O)c1nc(N2CC[C@@H](NC(=O)c3[nH]c(C)c(Cl)c3Cl)[C@@H](OC)C2)sc1C(=O)O,=,-0.2512281700195782,,CHEMBL3366713,CHEMBL3352173,Percentage unbound in human plasma,14997821,unknown,human
COCCNc1ncnn1-c1noc2c(F)c3c(cc12)CC1(C(=O)NC(=O)NC1=O)[C@H]1[C@H](C)O[C@H](C)CN31,=,0.2755636229721379,,CHEMBL4730283,CHEMBL4725408,Protein binding in human plasma assessed as unbound fraction at 10 uM measured after 16 hrs by LC-MS/MS based equilibrium dialysis method,22894958,unknown,human
COCCNc1nonc1/C(=N/O)Nc1ccc(F)c(Br)c1,=,-0.8034775043339566,,CHEMBL3999989,CHEMBL3997850,Fraction unbound in human plasma after 2 hrs by equilibrium dialysis method,17990694,unknown,human
COCCOC(=O)C1=C(C)NC(C)=C(C(=O)OC(C)C)C1c1cccc([N+](=O)[O-])c1,=,-0.5142540273268247,,CHEMBL1043580,CHEMBL1156824,Fraction unbound in human plasma,2990492,unknown,human
COCCOCCn1nc(C)c2c1CSCc1cc(n(C)n1)CSc1cc(c3ccccc3c1)OCCCn1c(C(=O)O)c(C)c3c-2c(Cl)ccc31,=,-2.0201457517494346,,CHEMBL5385422,CHEMBL5380869,Fraction unbound in human plasma at 5 uM incubated for 4.5 hrs by rapid equilibrium dialysis,25702873,unknown,human
COCCONC(=O)N(Cc1ccsc1)C1CCN([C@H](C)CCNC(=O)c2c(C)cc(Cl)nc2C)CC1,=,1.1401613542288764,,CHEMBL2168046,CHEMBL2163215,Fraction unbound in human plasma after 5 hrs,12091377,unknown,human
COCCO[C@H]1CN(c2ncc(C(=O)O)s2)CC[C@H]1NC(=O)c1[nH]c(C)c(Cl)c1Cl,=,0.3758427365675943,,CHEMBL3366713,CHEMBL3352173,Percentage unbound in human plasma,14997790,unknown,human
COCCOc1cc(F)c2c(Nc3ccc(NC(=O)Cn4cc(C(C)C)nn4)cc3)ncnc2c1,=,-0.1207773399751477,,CHEMBL4201694,CHEMBL4196201,Protein binding in human plasma assessed as unbound fraction level,18561673,unknown,human
COCCOc1ccc(-c2ccc(COc3ncccc3C(N)=O)nc2)c(C)c1,=,-0.0291281208564636,,CHEMBL3293584,CHEMBL3286119,Fraction unbound in human plasma,14732711,unknown,human
COCCOc1cnc2ccn([C@H](C)c3nnc4c(F)cc(-c5cc(C)no5)cn34)c(=O)c2c1,=,1.1149921898863742,,CHEMBL3788771,CHEMBL3784965,Fraction unbound in human plasma at 5 ug/ml by equilibrium dialysis method,16526387,unknown,human
COCCOc1cnc2ccn([C@H](C)c3nnc4c(F)cc(-c5cnn(C)c5)cn34)c(=O)c2c1,=,1.127134785285877,,CHEMBL3788771,CHEMBL3784965,Fraction unbound in human plasma at 5 ug/ml by equilibrium dialysis method,16526393,unknown,human
COCCOc1cnc2ccn([C@H](C)c3nnc4ccc(-c5cc(C)no5)cn34)c(=O)c2c1,=,1.0191467553281912,,CHEMBL3788771,CHEMBL3784965,Fraction unbound in human plasma at 5 ug/ml by equilibrium dialysis method,16526388,unknown,human
COCCOc1cnc2ccn([C@H](C)c3nnc4ccc(-c5cnn(C)c5)cn34)c(=O)c2c1,=,1.2139621064531945,,CHEMBL3788771,CHEMBL3784965,Fraction unbound in human plasma at 5 ug/ml by equilibrium dialysis method,16526392,unknown,human
COCCOc1ncc(NC(=O)c2cc(C(F)(F)F)nc(-n3ccnc3)n2)cn1,=,0.0782310957961973,,CHEMBL5368243,CHEMBL5365474,Protein binding in human plasma assessed as unbound fraction,25640200,unknown,human
COCCOc1ncnn1-c1noc2c(F)c3c(cc12)CC1(C(=O)NC(=O)NC1=O)[C@H]1[C@H](C)O[C@H](C)CN31,=,0.4985954221832476,,CHEMBL4730283,CHEMBL4725408,Protein binding in human plasma assessed as unbound fraction at 10 uM measured after 16 hrs by LC-MS/MS based equilibrium dialysis method,22894951,unknown,human
COCCc1ccc(OCC(O)CNC(C)C)cc1,=,1.5001482388297935,,CHEMBL1043580,CHEMBL1156824,Fraction unbound in human plasma,2994792,unknown,human
COC[C@@H](C1CC1)n1cc(Cl)nc(Nc2cc(C)c(OC(F)F)nc2C)c1=O,=,-0.8626845637357965,,CHEMBL1043158,CHEMBL1154735,Fraction unbound in human serum after 3 to 7 hrs by equilibrium dialysis,2941168,unknown,human
COC[C@H](C(=O)Nc1cccc2c(-c3nc(Nc4cccc(S(C)(=O)=O)c4F)ncc3C)c[nH]c12)N1CCN(C)CC1,=,0.3539836836796816,,CHEMBL5369329,CHEMBL5365521,Plasma protein binding in human assessed as free fraction,25646291,unknown,human
COC[C@H](C(=O)Nc1cccc2c(-c3nc(Nc4cccc(S(C)(=O)=O)c4F)ncc3F)c[nH]c12)N1CCN(C)CC1,=,0.2947766242778414,,CHEMBL5369329,CHEMBL5365521,Plasma protein binding in human assessed as free fraction,25646294,unknown,human
COC[C@H](C)CN1[C@H](c2c(F)cc(/C=C/C(=O)O)cc2F)c2ccc(O)cc2CC1(C)C,=,-0.7505149849490745,,CHEMBL3776156,CHEMBL3774369,Percentage unbound in human plasma by equilibrium dialysis method,16505137,unknown,human
COC[C@H](C)CN1[C@H](c2c(F)cc(/C=C/C(=O)O)cc2F)c2ccc(O)cc2C[C@H]1C,=,-0.0794379744181615,,CHEMBL3776156,CHEMBL3774369,Percentage unbound in human plasma by equilibrium dialysis method,16505143,unknown,human
COC[C@H](C)CN1[C@H](c2ccc(/C=C/C(=O)O)cc2)c2ccc(O)cc2C[C@H]1C,=,0.6432071606868136,,CHEMBL3776156,CHEMBL3774369,Percentage unbound in human plasma by equilibrium dialysis method,16505144,unknown,human
COC[C@H](C)NC(=O)c1nc(N2CC[C@@H](NC(=O)c3[nH]c(C)c(Cl)c3Cl)[C@@H](OC)C2)sc1C(=O)O,=,-0.2899148697533803,,CHEMBL3366713,CHEMBL3352173,Percentage unbound in human plasma,14997822,unknown,human
COC[C@H](C)Oc1cc(O[C@@H](C)Cc2ccccc2)cc(C(=O)Nc2ccc(C(=O)O)cn2)c1,=,-1.1632046736064552,,CHEMBL865112,CHEMBL1147698,Percent of unbound ligand in human plasma,1715040,unknown,human
COC[C@H](C)Oc1cc(O[C@@H](C)Cc2ccccc2)cc(C(=O)Nc2ccc(C(=O)O)cn2)c1,=,-1.1632046736064552,,CHEMBL1781593,CHEMBL1777741,Percentage unbound in human plasma,6208617,unknown,human
COC[C@H](C)Oc1cc(Oc2cc(F)cc(F)c2)cc(C(=O)Nc2ccc(C(=O)O)cn2)c1,=,-1.0510350948197331,,CHEMBL1781593,CHEMBL1777741,Percentage unbound in human plasma,6208629,unknown,human
COC[C@H](C1CC1)n1cc(Cl)nc(Nc2cc(C#N)c(OC(F)F)nc2C)c1=O,=,-0.1207773399751477,,CHEMBL1043158,CHEMBL1154735,Fraction unbound in human serum after 3 to 7 hrs by equilibrium dialysis,2941164,unknown,human
COC[C@H](C1CC1)n1cc(Cl)nc(Nc2cc(C)c(OC(F)F)nc2C)c1=O,=,-0.8626845637357965,,CHEMBL1043158,CHEMBL1154735,Fraction unbound in human serum after 3 to 7 hrs by equilibrium dialysis,2941166,unknown,human
COC[C@H](C1CC1)n1cc(Cl)nc(Nc2cc(C)c(OC)nc2C)c1=O,=,-0.3775586572654357,,CHEMBL1043158,CHEMBL1154735,Fraction unbound in human serum after 3 to 7 hrs by equilibrium dialysis,2941163,unknown,human
COC[C@H](NC(=O)c1ccn(S(C)(=O)=O)c1)C(=O)Nc1nc(-c2cccc(N3C[C@@H](C)O[C@@H](C)C3)n2)cs1,=,-0.9827705109646958,,CHEMBL6100177,CHEMBL6096704,Plasma protein binding in human assessed as unbound fraction,29147991,unknown,human
COC[C@H](O)Cn1c(=O)cnn(-c2ccc(Cl)c(C(=O)NCC3(O)CCCCCC3)c2)c1=O,=,0.90623301799406,,CHEMBL1780701,CHEMBL1777794,Fraction unbound in human plasma,6202452,unknown,human
COC[C@H](c1cnn2cc([C@@H](NC(=O)/C(F)=C\C3CC3)C3CCC(F)(F)CC3)nc2c1)N1C[C@@H](C(F)(F)F)NC1=O,=,0.3758427365675943,,CHEMBL5583344,CHEMBL5579899,Plasma protein binding in human assessed as unbound fraction,26033997,unknown,human
COC[C@H]1CN(c2ncc(C(=O)O)s2)CC[C@H]1NC(=O)c1[nH]c(C)c(Cl)c1Cl,=,0.0782310957961973,,CHEMBL3366713,CHEMBL3352173,Percentage unbound in human plasma,14997792,unknown,human
COC[C@H]1C[C@@H](c2nc(-c3ccc4c(c3)COc3cc5c(ccc6nc([C@@H]7CC[C@H](C)N7C(=O)[C@@H](NC(=O)OC)C(C)C)[nH]c65)cc3-4)c[nH]2)N(C(=O)[C@H](NC(=O)OC)c2ccccc2)C1,=,-1.3557268386483343,,CHEMBL4386736,CHEMBL4385622,Unbound drug level in human plasma,19178586,unknown,human
COC[C@H]1Cn2cc(-c3nc(Nc4ccnn4C)ncc3C)nc2C(=O)N1Cc1ccc(F)c(F)c1,=,0.1501648857742756,,CHEMBL4324337,CHEMBL4321846,Fraction unbound in human plasma,18924864,unknown,human
COCc1c(C(C)C)nc(C(C)C)c(/C=C/[C@@H](O)C[C@@H](O)CC(=O)O)c1-c1ccc(F)cc1,=,-0.7505149849490745,,CHEMBL1043580,CHEMBL1156824,Fraction unbound in human plasma,2990478,unknown,human
COCc1c(C(C)C)nc(C(C)C)c(/C=C/[C@@H](O)C[C@@H](O)CC(=O)O)c1-c1ccc(F)cc1,=,-2.781265976815788,,CHEMBL4702833,CHEMBL4699523,Fraction unbound in human plasma,22763446,unknown,human
COCc1ccc(-c2cc3c(N[C@@H](C)c4ccn(C)n4)c(C(N)=O)cnc3cc2F)cn1,=,0.7024142200886537,,CHEMBL4478175,CHEMBL4477207,Fraction unbound in human plasma by equilibrium dialysis method,19469024,unknown,human
COCc1ccc(-c2ccc3ncc(C(N)=O)c(N[C@@H](C)C4CCOCC4)c3c2)cn1,=,0.9421539390478172,,CHEMBL4478175,CHEMBL4477207,Fraction unbound in human plasma by equilibrium dialysis method,19469023,unknown,human
COCc1ccc(-c2ccc3ncc4c(c3c2)n([C@@H]2CCOCC2(C)C)c(=O)n4C)cn1,=,0.2947766242778414,,CHEMBL5529690,CHEMBL5528042,Plasma protein binding in human assessed as unbound fraction incubated for 16 hrs by equilibrium dialysis based UPLC-MS/MS analysis,25926728,unknown,human
COCc1cnc(N2CCC([C@H]3C[C@H]3CCOc3cc(F)c(CC(=O)N4CCC4)c(F)c3)CC2)nc1,=,-0.0794379744181615,,CHEMBL3997346,CHEMBL3994654,Fraction unbound in human plasma,17977148,unknown,human
COCc1cnc(N2CCC([C@H]3C[C@H]3COCc3ccc(S(C)(=O)=O)cc3F)CC2)nc1,=,0.0483601898030849,,CHEMBL3625597,CHEMBL3621146,Fraction unbound in human plasma,15734920,unknown,human
COCc1nc(-c2ccc3c(c2)CC[C@H]3NC(=O)c2cnn(C)c2)no1,=,0.4985954221832476,,CHEMBL4833484,CHEMBL4831540,Plasma protein binding in human assessed as unbound fraction,23263289,unknown,human
COCc1nc(N2CC[C@@H](NC(=O)c3[nH]c(C)c(Cl)c3Cl)[C@@H](OC)C2)sc1C(=O)O,=,-0.135348766225144,,CHEMBL3366713,CHEMBL3352173,Percentage unbound in human plasma,14997814,unknown,human
COCc1ncnn1-c1noc2c(F)c3c(cc12)CC1(C(=O)NC(=O)NC1=O)[C@H]1[C@H](C)O[C@H](C)CN31,=,0.5760837328427963,,CHEMBL4730283,CHEMBL4725408,Protein binding in human plasma assessed as unbound fraction at 10 uM measured after 16 hrs by LC-MS/MS based equilibrium dialysis method,22894948,unknown,human
COCc1noc2c(F)c3c(cc12)CC1(C(=O)NC(=O)NC1=O)C1C(C)OC(C)CN31,=,0.3864258433965256,,CHEMBL3389961,CHEMBL3352584,Fraction unbound in human plasma at 10 uM after 16 hrs by LC-MS/MS analysis,15068698,unknown,human
COCn1ccnc1-c1nc(N2CC[C@@H](NC(=O)c3[nH]c(C)c(Cl)c3Cl)[C@@H](OC)C2)sc1C(=O)O,=,0.2347835146658341,,CHEMBL3366713,CHEMBL3352173,Percentage unbound in human plasma,15001769,unknown,human
CONC(=O)CCc1ccccc1,=,1.3705429581974662,,CHEMBL3801196,CHEMBL3797172,Percentage unbound in human plasma at 5 uM after 6 hrs by equilibrium dialysis method,16560836,unknown,human
CONC(=O)N(Cc1ccsc1)C1CCN([C@H](C)CCNC(=O)c2c(C)cc(C#N)nc2Cl)CC1,=,1.419795652574636,,CHEMBL2168046,CHEMBL2163215,Fraction unbound in human plasma after 5 hrs,12091378,unknown,human
CONC(=O)N(Cc1ccsc1)C1CCN([C@H](C)CCNC(=O)c2c(C)cc(C(=O)NC(C)C)nc2C)CC1,=,1.1283330671571743,,CHEMBL2168046,CHEMBL2163215,Fraction unbound in human plasma after 5 hrs,12091380,unknown,human
CONC(=O)N(Cc1ccsc1)C1CCN([C@H](C)CCNC(=O)c2c(C)cc(Cl)[n+]([O-])c2Cl)CC1,=,0.9756782929543744,,CHEMBL2168046,CHEMBL2163215,Fraction unbound in human plasma after 5 hrs,12091379,unknown,human
CONC(=O)N(Cc1ccsc1)C1CCN([C@H](C)CCNC(=O)c2c(C)cc(Cl)nc2C)CC1,=,1.1283330671571743,,CHEMBL2168046,CHEMBL2163215,Fraction unbound in human plasma after 5 hrs,12091382,unknown,human
CONC(=O)N(Cc1ccsc1)C1CCN([C@H](C)CCNC(=O)c2c(C)cc(Cl)nc2Cl)CC1,=,1.2452674115423037,,CHEMBL2168046,CHEMBL2163215,Fraction unbound in human plasma after 5 hrs,12091381,unknown,human
CONC(=O)c1c(C)c(-c2ccc(-c3ccccc3F)cc2)nc2ccc(F)cc12,=,-1.0510350948197331,,CHEMBL4703072,CHEMBL4699538,Plasma protein binding in human assessed as unbound fraction,22765023,unknown,human
CO[C@@H](CNC(=O)[C@H](NC(=O)[C@H](O)[C@H](C)O)[C@H](O)c1cncn1C)[C@H](O)[C@H](O)C(=O)N(C)[C@@H](Cc1ccccc1)C(=O)NCC(=O)N[C@H](C(=O)N[C@@H](CO)C(=O)N[C@H](C(=O)N[C@H](C(=O)N[C@@H](CC(=O)O)C(=O)N1CCC[C@H]1C(=O)NCc1cc(=O)c(O)cn1O)C(C)(C)C)C(C)(C)O)C(C)(C)O,=,0.8872617474008635,,CHEMBL5358291,CHEMBL5356971,Protein binding in human plasma assessed as free fraction,25600206,unknown,human
CO[C@@H]1/C=C/c2cc3cc(ccc3cn2)[C@@H](C)OC(=O)[C@@H]2CCCN(N2)C(=O)[C@H](C)NC(=O)[C@H](C(C)C)NC(=O)[C@@H]1C,=,0.5760837328427963,,CHEMBL4157516,CHEMBL4152348,Unbound fraction in human plasma at 2 uM at pH 7.4 by LC/MS/MS analysis,18441374,unknown,human
CO[C@@H]1CCN(c2nccc(Nc3cc4c(C(C)C)ccc(N5C[C@H](CS(C)(=O)=O)[C@H]5C)c4cn3)n2)C[C@@H]1F,=,-0.7026045584107611,,CHEMBL5141255,CHEMBL5137066,Plasma protein binding in human assessed as unbound fraction by ultracentrifugation method,24824978,unknown,human
CO[C@@H]1CN(CCn2c(=O)ccc3ccc(C#N)cc32)CC[C@H]1NCc1ccc2c(n1)NC(=O)CO2,=,0.90623301799406,,CHEMBL2167863,CHEMBL2163267,Fraction unbound in human plasma at 10 uM by equilibrium dialysis method,12084152,unknown,human
CO[C@@H]1COCC[C@@H]1N[C@@H]1CC[C@@](C(=O)N2CCN(c3cc(C(F)(F)F)ccn3)CC2)(C(C)C)C1,=,1.2729448056607404,,CHEMBL1686156,CHEMBL1681668,Fraction unbound in human plasma,5251175,unknown,human
CO[C@@H]1COCC[C@@H]1N[C@@H]1CC[C@@](C(=O)N2CCN(c3cc(C(F)(F)F)ccn3)CC2)(C(C)C)C1,=,0.9421539390478172,,CHEMBL1786161,CHEMBL1782039,Fraction unbound in human plasma at 1 uM,6212746,unknown,human
CO[C@@H]1COCC[C@@H]1N[C@@H]1CC[C@@](C(=O)N2CCN(c3cc(C(F)(F)F)cnn3)CC2)(C(C)C)C1,=,1.4459147225428244,,CHEMBL1786161,CHEMBL1782039,Fraction unbound in human plasma at 1 uM,6212747,unknown,human
CO[C@@H]1[C@@H](n2cc(-c3cc(F)c(F)c(F)c3)nn2)[C@@H](O)[C@@H](CO)O[C@H]1S[C@@H]1COC[C@H](n2cc(-c3cccc(F)c3)nn2)[C@H]1O,=,-1.5595456365537408,,CHEMBL5036770,CHEMBL5036315,Unbound fraction in human serum at 10 uM incubated for 5 hrs by rapid equilibrium dialysis based LC-MS/MS analysis,24374277,unknown,human
CO[C@@H]1[C@@H](n2cc(-c3cc(F)c(F)c(F)c3)nn2)[C@@H](O)[C@@H](CO)O[C@H]1S[C@@H]1COC[C@H](n2cc(-c3cccc(O)c3)nn2)[C@H]1O,=,-1.9079761729627127,,CHEMBL5036770,CHEMBL5036315,Unbound fraction in human serum at 10 uM incubated for 5 hrs by rapid equilibrium dialysis based LC-MS/MS analysis,24374278,unknown,human
CO[C@@H]1[C@@H](n2cc(-c3cc(F)c(F)c(F)c3)nn2)[C@@H](O)[C@@H](CO)O[C@H]1S[C@@H]1COC[C@H](n2cc(-c3cncnc3)nn2)[C@H]1O,=,-0.1207773399751477,,CHEMBL5036770,CHEMBL5036315,Unbound fraction in human serum at 10 uM incubated for 5 hrs by rapid equilibrium dialysis based LC-MS/MS analysis,24374279,unknown,human
CO[C@@H]1[C@@H](n2cc(-c3csc(N)n3)nn2)[C@@H](O)[C@@H](CO)O[C@@H]1Sc1ccc(Cl)c(Cl)c1,=,-0.1658234909178525,,CHEMBL5503600,CHEMBL5500389,Unbound fraction in human plasma at 1 uM incubated for 5 hrs by equilibrium dialysis method,25839703,unknown,human
CO[C@@H]1[C@@H](n2cc(-c3csc(O)n3)nn2)[C@@H](O)[C@@H](CO)O[C@@H]1Sc1ccc(Cl)c(Cl)c1,=,-1.0989455213580468,,CHEMBL5503600,CHEMBL5500389,Unbound fraction in human plasma at 1 uM incubated for 5 hrs by equilibrium dialysis method,25839702,unknown,human
CO[C@@]1(CN2CCN3CCOC[C@@H]3C2)/C(F)=C/C[C@H](C)[C@@H](C)S(=O)(=O)NC(=O)c2ccc3c(c2)N(C[C@@H]2CCO[C@H]21)C[C@@]1(CCCc2cc(Cl)ccc21)CO3,=,-1.6717152153404626,,CHEMBL5385422,CHEMBL5380869,Fraction unbound in human plasma at 5 uM incubated for 4.5 hrs by rapid equilibrium dialysis,25702865,unknown,human
CO[C@@]1(NC(=O)C2SC(=C(C(N)=O)C(=O)O)S2)C(=O)N2C(C(=O)O)=C(CSc3nnnn3C)CS[C@@H]21,=,0.3539836836796816,,CHEMBL3591953,CHEMBL3588839,Fraction unbound (%) in human plasma at pH 7.4 after 18 hrs by equilibrium dialysis,15640568,unknown,human
CO[C@H](C(=O)Nc1nnc(N[C@@H]2CCN(c3cccnn3)C2)s1)c1ccccc1,=,0.3758427365675943,,CHEMBL4360341,CHEMBL4359817,Protein binding in human plasma assessed as unbound fraction by LC-MS-based equilibrium dialysis analysis,19065970,unknown,human
CO[C@H](C(=O)Nc1nnc(N[C@@H]2CCN(c3nccnn3)C2)s1)c1ccccc1,=,0.1980753123125893,,CHEMBL4360341,CHEMBL4359817,Protein binding in human plasma assessed as unbound fraction by LC-MS-based equilibrium dialysis analysis,19065972,unknown,human
CO[C@H](C)COc1cc(C)nc(C(=O)Nc2nc(C)cs2)c1,=,0.2276531964338244,,CHEMBL4310576,CHEMBL4308865,Unbound fraction in human plasma,18874806,unknown,human
CO[C@H]1/C=C/C[C@H](C)[C@@H](C)S(=O)(=O)NC(=O)c2ccc3c(c2)N(C[C@@H]2CC[C@H]21)C[C@@]1(CCCc2cc(Cl)ccc21)CO3,=,-2.087269179593452,,CHEMBL5385422,CHEMBL5380869,Fraction unbound in human plasma at 5 uM incubated for 4.5 hrs by rapid equilibrium dialysis,25702868,unknown,human
CO[C@H]1/C=C/O[C@@]2(C)Oc3c(C)c(O)c4c(O)c(c(/C=N/N5CCN(C)CC5)c(O)c4c3C2=O)NC(=O)/C(C)=C\C=C\[C@H](C)[C@H](O)[C@@H](C)[C@@H](O)[C@@H](C)[C@H](OC(C)=O)[C@@H]1C,=,0.7553767394735358,,CHEMBL1043580,CHEMBL1156824,Fraction unbound in human plasma,2991821,unknown,human
CO[C@H]1/C=C/O[C@@]2(C)Oc3c(C)c(O)c4c(O)c(c(/C=N/N5CCN(C)CC5)c(O)c4c3C2=O)NC(=O)/C(C)=C\C=C\[C@H](C)[C@H](O)[C@@H](C)[C@@H](O)[C@@H](C)[C@H](OC(C)=O)[C@@H]1C,=,0.6107650009699698,,CHEMBL1696173,CHEMBL1687729,Fraction unbound in human plasma,5306517,unknown,human
CO[C@H]1/C=C/O[C@@]2(C)Oc3c(C)c(O)c4c(O)c(c(/C=N/N5CCN(C)CC5)c(O)c4c3C2=O)NC(=O)/C(C)=C\C=C\[C@H](C)[C@H](O)[C@@H](C)[C@@H](O)[C@@H](C)[C@H](OC(C)=O)[C@@H]1C,=,0.6586754275082833,,CHEMBL3430050,CHEMBL3425489,Fraction unbound (%) in human plasma at 10 uM by LC/MS-MS analysis,15244106,unknown,human
CO[C@H]1/C=C/O[C@@]2(C)Oc3c(C)c(O)c4c(c3C2=O)C2=NC3(CCN(CC(C)C)CC3)NC2=C(NC(=O)/C(C)=C\C=C\[C@H](C)[C@H](O)[C@@H](C)[C@@H](O)[C@@H](C)[C@H](OC(C)=O)[C@@H]1C)C4=O,=,0.9421539390478172,,CHEMBL1043580,CHEMBL1156824,Fraction unbound in human plasma,2991907,unknown,human
CO[C@H]1C(=O)N[C@@H](C(C)C)C(=O)N[C@@H](C)C(=O)N2CCC[C@H](N2)C(=O)O[C@H](C)c2cccc(c2)/C=C/CC[C@H]1C,=,0.4985954221832476,,CHEMBL4157516,CHEMBL4152348,Unbound fraction in human plasma at 2 uM at pH 7.4 by LC/MS/MS analysis,18441373,unknown,human
CO[C@H]1CC[C@@H](n2nc(C)c(C(=O)N[C@@H](C)C(C)(C)C)c2NS(=O)(=O)c2ccc(C)cc2)CC1,=,0.2487477183652802,,CHEMBL1937819,CHEMBL1932964,Fraction unbound in human plasma,7993029,unknown,human
CO[C@H]1CC[C@@]2(/C=C/c3ccc4ccc(nc4c3)[C@@H](C)NC(=O)[C@@H]3CCCN(N3)C(=O)[C@H](C)NC(=O)[C@H](C(C)C)OC2=O)CC1,=,0.4548566296028772,,CHEMBL4157516,CHEMBL4152348,Unbound fraction in human plasma at 2 uM at pH 7.4 by LC/MS/MS analysis,18441386,unknown,human
CO[C@H]1CN(CCn2c(=O)ccc3ccc(C#N)cc32)CC[C@@H]1NCc1cc2c(cn1)OCCO2,=,0.5388312109918915,,CHEMBL2167863,CHEMBL2163267,Fraction unbound in human plasma at 10 uM by equilibrium dialysis method,12084153,unknown,human
CO[C@H]1CN(CCn2c(=O)ccc3ccc(C#N)cc32)CC[C@H]1NCc1cc2c(cn1)OCCO2,=,1.254663554403032,,CHEMBL2167863,CHEMBL2163267,Fraction unbound in human plasma at 10 uM by equilibrium dialysis method,12084157,unknown,human
CO[C@H]1CN(CCn2c(=O)ccc3ccc(C#N)cc32)CC[C@H]1NCc1ccc2c(n1)NC(=O)CO2,=,1.2159768546692298,,CHEMBL2167863,CHEMBL2163267,Fraction unbound in human plasma at 10 uM by equilibrium dialysis method,12084156,unknown,human
CO[C@H]1CN(c2nc(-c3ccccn3)c(C(=O)O)s2)CC[C@H]1NC(=O)c1[nH]c(C)c(Cl)c1Cl,=,-1.3557268386483343,,CHEMBL3366713,CHEMBL3352173,Percentage unbound in human plasma,15001778,unknown,human
CO[C@H]1CN(c2nc(-c3ccncn3)c(C(=O)O)s2)CC[C@H]1NC(=O)c1[nH]c(C)c(Cl)c1Cl,=,-0.0291281208564636,,CHEMBL3366713,CHEMBL3352173,Percentage unbound in human plasma,15001766,unknown,human
CO[C@H]1CN(c2nc(-c3cn(C)cn3)c(C(=O)O)s2)CC[C@H]1NC(=O)c1[nH]c(C)c(Cl)c1Cl,=,-0.4278685108271337,,CHEMBL3366713,CHEMBL3352173,Percentage unbound in human plasma,15001772,unknown,human
CO[C@H]1CN(c2nc(-c3cncc(NCCN4CCN(C)CC4)n3)c(C(=O)O)s2)CC[C@H]1NC(=O)c1[nH]c(C)c(Cl)c1Cl,=,-0.2512281700195782,,CHEMBL3366713,CHEMBL3352173,Percentage unbound in human plasma,15001777,unknown,human
CO[C@H]1CN(c2nc(-c3cncc(OCCN(C)C)n3)c(C(=O)O)s2)CC[C@H]1NC(=O)c1[nH]c(C)c(Cl)c1Cl,=,-0.0928435423790931,,CHEMBL3366713,CHEMBL3352173,Percentage unbound in human plasma,15001776,unknown,human
CO[C@H]1CN(c2nc(-c3cnccn3)c(C(=O)O)s2)CC[C@H]1NC(=O)c1[nH]c(C)c(Cl)c1Cl,=,-0.0663806427073687,,CHEMBL3366713,CHEMBL3352173,Percentage unbound in human plasma,15001763,unknown,human
CO[C@H]1CN(c2nc(-c3cncnc3)c(C(=O)O)s2)CC[C@H]1NC(=O)c1[nH]c(C)c(Cl)c1Cl,=,-0.7026045584107611,,CHEMBL3366713,CHEMBL3352173,Percentage unbound in human plasma,15001767,unknown,human
CO[C@H]1CN(c2nc(-c3nc(C)no3)c(C(=O)O)s2)CC[C@H]1NC(=O)c1[nH]c(C)c(Cl)c1Cl,=,-0.5466961870436686,,CHEMBL3366713,CHEMBL3352173,Percentage unbound in human plasma,15001775,unknown,human
CO[C@H]1CN(c2nc(-c3ncccn3)c(C(=O)O)s2)CC[C@H]1NC(=O)c1[nH]c(C)c(Cl)c1Cl,=,0.3864258433965256,,CHEMBL3366713,CHEMBL3352173,Percentage unbound in human plasma,15001765,unknown,human
CO[C@H]1CN(c2nc(-c3nccn3C)c(C(=O)O)s2)CC[C@H]1NC(=O)c1[nH]c(C)c(Cl)c1Cl,=,-0.7026045584107611,,CHEMBL3366713,CHEMBL3352173,Percentage unbound in human plasma,15001771,unknown,human
CO[C@H]1CN(c2nc(-c3ncnn3C)c(C(=O)O)s2)CC[C@H]1NC(=O)c1[nH]c(C)c(Cl)c1Cl,=,-0.1658234909178525,,CHEMBL3366713,CHEMBL3352173,Percentage unbound in human plasma,15001764,unknown,human
CO[C@H]1CN(c2nc(C(=O)N(C)C)c(C(=O)O)s2)CC[C@H]1NC(=O)c1[nH]c(C)c(Cl)c1Cl,=,0.5388312109918915,,CHEMBL3366713,CHEMBL3352173,Percentage unbound in human plasma,14997811,unknown,human
CO[C@H]1CN(c2nc(C(=O)N3CCOCC3)c(C(=O)O)s2)CC[C@H]1NC(=O)c1[nH]c(C)c(Cl)c1Cl,=,0.5760837328427963,,CHEMBL3366713,CHEMBL3352173,Percentage unbound in human plasma,14997812,unknown,human
CO[C@H]1CN(c2nc(C(=O)NC3COC(C)(C)OC3)c(C(=O)O)s2)CC[C@H]1NC(=O)c1[nH]c(C)c(Cl)c1Cl,=,-0.1066164315160123,,CHEMBL3366713,CHEMBL3352173,Percentage unbound in human plasma,15001758,unknown,human
CO[C@H]1CN(c2nc(C(=O)NCC3(C)OCCO3)c(C(=O)O)s2)CC[C@H]1NC(=O)c1[nH]c(C)c(Cl)c1Cl,=,-0.1658234909178525,,CHEMBL3366713,CHEMBL3352173,Percentage unbound in human plasma,15001759,unknown,human
CO[C@H]1CN(c2nc(C(=O)NCC3OCCO3)c(C(=O)O)s2)CC[C@H]1NC(=O)c1[nH]c(C)c(Cl)c1Cl,=,-0.2329469187618698,,CHEMBL3366713,CHEMBL3352173,Percentage unbound in human plasma,15001757,unknown,human
CO[C@H]1CN(c2nc(C(=O)NCCN3CCCC3=O)c(C(=O)O)s2)CC[C@H]1NC(=O)c1[nH]c(C)c(Cl)c1Cl,=,0.2689925619908105,,CHEMBL3366713,CHEMBL3352173,Percentage unbound in human plasma,15001760,unknown,human
CO[C@H]1CN(c2nc(C(=O)NCCN3CCOCC3)c(C(=O)O)s2)CC[C@H]1NC(=O)c1[nH]c(C)c(Cl)c1Cl,=,0.0972023663893936,,CHEMBL3366713,CHEMBL3352173,Percentage unbound in human plasma,15001761,unknown,human
CO[C@H]1CN(c2nc(C(=O)NC[C@H](C)OC)c(C(=O)O)s2)CC[C@H]1NC(=O)c1[nH]c(C)c(Cl)c1Cl,=,-0.2512281700195782,,CHEMBL3366713,CHEMBL3352173,Percentage unbound in human plasma,14997823,unknown,human
CO[C@H]1CN(c2nc(C(=O)NN3CCOCC3)c(C(=O)O)s2)CC[C@H]1NC(=O)c1[nH]c(C)c(Cl)c1Cl,=,0.2347835146658341,,CHEMBL3366713,CHEMBL3352173,Percentage unbound in human plasma,15001762,unknown,human
CO[C@H]1CN(c2nc(C(=O)O)c(C(N)=O)s2)CC[C@H]1NC(=O)c1[nH]c(C)c(Cl)c1Cl,=,-1.0989455213580468,,CHEMBL3366713,CHEMBL3352173,Percentage unbound in human plasma,14997818,unknown,human
CO[C@H]1CN(c2nc(C(=O)O)c(C)s2)CC[C@H]1NC(=O)c1[nH]c(C)c(Cl)c1Cl,=,-0.929807991579814,,CHEMBL3366713,CHEMBL3352173,Percentage unbound in human plasma,14997817,unknown,human
CO[C@H]1CN(c2nc(C(=O)O)cs2)CC[C@H]1NC(=O)c1[nH]c(C)c(Cl)c1Cl,=,-0.354174022001789,,CHEMBL3366713,CHEMBL3352173,Percentage unbound in human plasma,14997816,unknown,human
CO[C@H]1CN(c2nc(C(C)=O)c(C(=O)O)s2)CC[C@H]1NC(=O)c1[nH]c(C)c(Cl)c1Cl,=,-0.4278685108271337,,CHEMBL3366713,CHEMBL3352173,Percentage unbound in human plasma,14997809,unknown,human
CO[C@H]1CN(c2nc(C(N)=O)c(C(=O)O)s2)CC[C@H]1NC(=O)c1[nH]c(C)c(Cl)c1Cl,=,-0.0172998337847618,,CHEMBL3366713,CHEMBL3352173,Percentage unbound in human plasma,14997820,unknown,human
CO[C@H]1CN(c2nc(C)c(C(=O)O)s2)CC[C@H]1NC(=O)c1[nH]c(C)c(Cl)c1Cl,=,-0.4550469679249845,,CHEMBL3366713,CHEMBL3352173,Percentage unbound in human plasma,14997806,unknown,human
CO[C@H]1CN(c2nc(CN3CCOCC3)c(C(=O)O)s2)CC[C@H]1NC(=O)c1[nH]c(C)c(Cl)c1Cl,=,0.1243808234872447,,CHEMBL3366713,CHEMBL3352173,Percentage unbound in human plasma,14997815,unknown,human
CO[C@H]1CN(c2nc(CO)c(C(=O)O)s2)CC[C@H]1NC(=O)c1[nH]c(C)c(Cl)c1Cl,=,-0.2153072489658211,,CHEMBL3366713,CHEMBL3352173,Percentage unbound in human plasma,14997813,unknown,human
CO[C@H]1CN(c2ncc(C(=O)O)s2)CC[C@H]1NC(=O)c1[nH]c(C)c(Cl)c1Cl,=,0.2347835146658341,,CHEMBL3366713,CHEMBL3352173,Percentage unbound in human plasma,14997785,unknown,human
CO[C@H]1CO[C@@]2(CN(c3ncc(C(=O)O)s3)CC[C@H]2NC(=O)c2[nH]c(C)c(Cl)c2Cl)OC1,=,0.0878062235286654,,CHEMBL3366713,CHEMBL3352173,Percentage unbound in human plasma,14997801,unknown,human
CO[C@H]1CO[C@]2(CN(c3ncc(C(=O)O)s3)CC[C@H]2NC(=O)c2[nH]c(C)c(Cl)c2Cl)OC1,=,0.0878062235286654,,CHEMBL3366713,CHEMBL3352173,Percentage unbound in human plasma,14997802,unknown,human
CO[C@H]1C[C@H](n2c(=O)n(C)c3cnc4ccc(-c5ccc(OCCCN6CCCCC6)nc5)cc4c32)C1,=,0.7295926771865047,,CHEMBL5529690,CHEMBL5528042,Plasma protein binding in human assessed as unbound fraction incubated for 16 hrs by equilibrium dialysis based UPLC-MS/MS analysis,25926732,unknown,human
CO[C@H]1C[C@H](n2ncc3c(C(=O)Nc4ccc5c(c4)CNC5)cc(Cl)cc32)C1,=,0.7799025307482025,,CHEMBL5674857,CHEMBL5674856,"Human plasma protein binding is determined by spiking test compound into plasma and dialyzing against buffer until equilibrium. Verapamil as test compound is used as reference. Peak areas of compound in both plasma and buffer are determined using HPLC-MS/MS and plasma protein-bound of compound is calculated. The assay has been performed by Enamine biological services, Bienta Ltd.",26265393,unknown,human
CO[C@H]1C[C@](CC#N)(n2cc(-c3nc(-c4cnn(C)c4)cn4nccc34)cn2)C1,=,0.9591955373789416,,CHEMBL4675818,CHEMBL4673239,Fraction unbound in human plasma,22429231,unknown,human
CO[C@]1(CN2CCN3CCCC[C@@H]3C2)/C=C/C[C@H](C)[C@@H](C)S(=O)(=O)NC(=O)c2ccc3c(c2)N(C[C@@H]2CC[C@H]21)C[C@@]1(CCCc2cc(Cl)ccc21)CO3,=,-2.0201457517494346,,CHEMBL5385422,CHEMBL5380869,Fraction unbound in human plasma at 5 uM incubated for 4.5 hrs by rapid equilibrium dialysis,25702869,unknown,human
COc1c(C(C)n2nc(C)c3c(N)ncnc32)cc(Cl)c(C)c1C1CCN(C)CC1,=,0.7295926771865047,,CHEMBL4410901,CHEMBL4406913,Fractional unbound in human plasma,19290424,unknown,human
COc1c(C(C)n2ncc3c(N)ncnc32)cc(Cl)c(C)c1-c1ccnc(C(=O)N(C)C)c1,=,0.3650320186833951,,CHEMBL4410901,CHEMBL4406913,Fractional unbound in human plasma,19290422,unknown,human
COc1c(C)c2c(c(O)c1C/C=C(\C)CCC(=O)O)C(=O)OC2,=,-0.7505149849490745,,CHEMBL3533033,CHEMBL3526056,Fraction unbound in human plasma,15470067,unknown,human
COc1c(C)c2c(c(O)c1C/C=C(\C)CCC(=O)O)C(=O)OC2,=,-1.3557268386483343,,CHEMBL3528936,CHEMBL3526069,Fraction unbound in human plasma by ultracentrifugation method,15461533,unknown,human
COc1c(C)cnc(Cn2cc(C#CCC(C)(C)O)c3c(Cl)nc(N)nc32)c1C,=,-0.1503552240963827,,CHEMBL2212187,CHEMBL2203093,Fraction unbound at human plasma,12178086,unknown,human
COc1c(C)cnc(Cn2cnc3c(Cl)nc(N)nc32)c1C,=,0.4728113598962167,,CHEMBL2212187,CHEMBL2203093,Fraction unbound at human plasma,12178087,unknown,human
COc1c(Cl)cccc1Nc1c(-c2ccncc2C#C[C@@]2(C)CCCN2C(=O)/C=C/CN(C)C)[nH]c2c1C(=O)NCC2,=,-0.5142540273268247,,CHEMBL6100720,CHEMBL6096720,Protein binding in human plasma assessed as unbound fraction at 1 uM measured after 6 hrs by ultracentrifugation based LC-MS/MS analysis,29149833,unknown,human
COc1c(F)c(F)cc(-c2c(C(=O)O)sc3cc(F)ccc23)c1F,=,-1.5595456365537408,,CHEMBL6123612,CHEMBL6120980,Protein binding in human plasma assessed as unbound fraction at 500 uM,29214829,unknown,human
COc1c(F)c(F)cc(-c2c(C(=O)O)sc3cc(F)ccc23)c1F,=,-1.2111151001447686,,CHEMBL6123613,CHEMBL6120980,Protein binding in human plasma assessed as unbound fraction at 1000 uM,29214830,unknown,human
COc1c(F)cc(-n2c(C(=O)N3CC(F)C3)cc3cccnc32)cc1F,=,0.962535609514542,,CHEMBL4730658,CHEMBL4725427,Protein binding in human plasma assessed as unbound fraction,22896903,unknown,human
COc1c(F)cccc1C1CCN(c2ccn3c(CC(F)(F)F)nnc3c2C#N)CC1,=,0.0274122001586224,,CHEMBL2213485,CHEMBL2202996,Fraction unbound in human plasma,12188644,unknown,human
COc1c(N2CCNC(C)C2)c(F)cc2c(=O)c(C(=O)O)cn(C3CC3)c12,=,1.4522378122914796,,CHEMBL1043580,CHEMBL1156824,Fraction unbound in human plasma,2994648,unknown,human
COc1c(N2C[C@@H]3CCCN[C@@H]3C2)c(F)cc2c(=O)c(C(=O)O)cn(C3CC3)c12,=,1.1848733881722604,,CHEMBL1063304,CHEMBL1152453,"Fraction unbound in human serum at 400 mg, po",2680132,unknown,human
COc1c(N2C[C@@H]3CCCN[C@@H]3C2)c(F)cc2c(=O)c(C(=O)O)cn(C3CC3)c12,=,1.3076260737879135,,CHEMBL1043580,CHEMBL1156824,Fraction unbound in human plasma,2993290,unknown,human
COc1c(N2C[C@@H]3CCCN[C@@H]3C2)c(F)cc2c(=O)c(C(=O)O)cn(C3CC3)c12,=,1.2159768546692298,,CHEMBL1696173,CHEMBL1687729,Fraction unbound in human plasma,5306522,unknown,human
COc1c(OCCNCCCF)cccc1[C@@H]1c2[nH]c3ccccc3c2C[C@@H](C)N1CC1(F)COC1,=,-0.2329469187618698,,CHEMBL5381572,CHEMBL5380788,Protein binding in human plasma assessed as unbound fraction by equilibrium dialysis assay,25688090,unknown,human
COc1c([C@@H]2c3ccc4[nH]ncc4c3C[C@@H](C)N2CC(C)(F)F)ccc(/C=C/C(=O)O)c1F,=,-0.8502721057593366,,CHEMBL4370323,CHEMBL4368914,Fraction unbound in 10% human plasma by equilibrium dialysis,19110418,unknown,human
COc1c([C@H](C)Nc2ncnc(N)c2C#N)cc(Cl)c(C)c1-c1ccc(C(=O)N(C)C)cn1,=,0.8032871660118494,,CHEMBL4410901,CHEMBL4406913,Fractional unbound in human plasma,19290421,unknown,human
COc1c([C@H](C)Nc2ncnc(N)c2C#N)cc(Cl)c(C)c1-c1cncc(S(C)(=O)=O)c1,=,0.5760837328427963,,CHEMBL4410901,CHEMBL4406913,Fractional unbound in human plasma,19290420,unknown,human
COc1c([C@H](C)Nc2ncnc3[nH]cnc23)cc(Cl)c(C)c1-c1ccc(S(C)(=O)=O)cc1,=,-0.6186299770217468,,CHEMBL4410901,CHEMBL4406913,Fractional unbound in human plasma,19290418,unknown,human
COc1c([C@H](C)Nc2ncnc3[nH]cnc23)cc(Cl)c(C)c1-c1cncc(S(C)(=O)=O)c1,=,0.4985954221832476,,CHEMBL4410901,CHEMBL4406913,Fractional unbound in human plasma,19290419,unknown,human
COc1c([C@H](C)Nc2ncnc3[nH]cnc23)cc(Cl)c(C)c1-c1cnn(C)c1,=,-0.2153072489658211,,CHEMBL4410901,CHEMBL4406913,Fractional unbound in human plasma,19290417,unknown,human
COc1c([C@H](C)n2nc(C)c3c(N)ncnc32)cc(Cl)c(C#N)c1C1CN(C[C@H](C)O)C1,=,1.1283330671571743,,CHEMBL4410901,CHEMBL4406913,Fractional unbound in human plasma,19290425,unknown,human
COc1c([C@H](C)n2nc(C)c3c(N)ncnc32)cc(Cl)c(C)c1-c1ccnc(C(=O)N(C)C)c1,=,0.348367100030422,,CHEMBL4410901,CHEMBL4406913,Fractional unbound in human plasma,19290423,unknown,human
COc1c([C@H](C)n2nc(C)c3c(N)ncnc32)cc(Cl)c(C)c1C1CNC(=O)C1,=,0.4069462030645636,,CHEMBL4410901,CHEMBL4406913,Fractional unbound in human plasma,19290426,unknown,human
COc1cc(-c2cc(F)cc(C(C)C)c2CC(=O)NS(=O)(=O)c2cnn(C3CC3)c2)ccn1,=,-0.7505149849490745,,CHEMBL6086822,CHEMBL6083285,Protein binding in human plasma assessed as unbound fraction at 5 uM incubated for 4 hrs by UPLC-MS analysis,29105112,unknown,human
COc1cc(-c2cc(NC(=O)c3cc(F)cc4[nH]ncc34)cc3c2CNC3)ccn1,=,0.6432071606868136,,CHEMBL5674857,CHEMBL5674856,"Human plasma protein binding is determined by spiking test compound into plasma and dialyzing against buffer until equilibrium. Verapamil as test compound is used as reference. Peak areas of compound in both plasma and buffer are determined using HPLC-MS/MS and plasma protein-bound of compound is calculated. The assay has been performed by Enamine biological services, Bienta Ltd.",26265398,unknown,human
COc1cc(-c2cc(OC)c(-n3c(=O)ccc4cc(S(=O)(=O)Nc5ncccn5)ccc43)cc2F)ccc1Cl,=,-0.8034775043339566,,CHEMBL4012355,CHEMBL4011607,Fraction unbound in human plasma at 5 uM after 45 mins by LC-MS/MS analysis,18056622,unknown,human
COc1cc(-c2ccc(F)c(C)c2)c(F)cc1-n1c(=O)ccc2cc(S(=O)(=O)Nc3ccon3)ccc21,=,-1.2111151001447686,,CHEMBL4012355,CHEMBL4011607,Fraction unbound in human plasma at 5 uM after 45 mins by LC-MS/MS analysis,18056624,unknown,human
COc1cc(-c2ccc3c(c2)CC[C@H]3Oc2cccc([C@H](C3CC3)[C@H](C)C(=O)O)c2)c(F)cn1,=,-2.5131880266619726,,CHEMBL4388825,CHEMBL4387733,Protein binding in human plasma assessed as unbound fraction level,19190530,unknown,human
COc1cc(-c2ccc3c(c2)CC[C@H]3Oc2cccc([C@H](C3CC3)[C@H](C)C(=O)O)c2)ccn1,=,-2.3685762881584065,,CHEMBL4388825,CHEMBL4387733,Protein binding in human plasma assessed as unbound fraction level,19190531,unknown,human
COc1cc(-c2ccc3c(c2)CC[C@H]3Oc2cccc([C@H](C3CC3)[C@H](C)C(=O)O)c2F)c(F)cn1,=,-2.256406709371685,,CHEMBL4388825,CHEMBL4387733,Protein binding in human plasma assessed as unbound fraction level,19190532,unknown,human
COc1cc(-c2cccc(C(F)(F)F)c2)ccc1-n1c(=O)ccc2cc(S(=O)(=O)Nc3ncccn3)ccc21,=,-1.0072963022393624,,CHEMBL4012355,CHEMBL4011607,Fraction unbound in human plasma at 5 uM after 45 mins by LC-MS/MS analysis,18056623,unknown,human
COc1cc(-c2cccc(OC(F)F)c2)c(F)cc1-n1c(=O)ccc2cc(S(=O)(=O)Nc3ccon3)ccc21,=,-1.0072963022393624,,CHEMBL4012355,CHEMBL4011607,Fraction unbound in human plasma at 5 uM after 45 mins by LC-MS/MS analysis,18056621,unknown,human
COc1cc(-c2cn(C)c(=O)c3cnc(N4CCC4)cc23)cc(OC)c1CN1CCC(CN2CCC3(CC2)CN(c2ccc4c(c2)C(=O)N([C@H]2CCC(=O)NC2=O)C4)C3)CC1,=,0.9421539390478172,,CHEMBL6140266,CHEMBL6134898,Protein binding in human plasma assessed as free fraction at 5 uM incubated for 18 hrs by LC-MS/MS analysis,29265231,unknown,human
COc1cc(-c2cncc(-c3ccc(C4CCN(C)CC4)cc3)c2C)cc(OC)c1OC,=,0.0585156666555915,,CHEMBL4626236,CHEMBL4622974,Protein binding in human plasma assessed as free fraction at 5 uM after 4 hrs by rapid equilibrium dialysis,20694186,unknown,human
COc1cc(-c2cncc(-c3ccc(N4CCNCC4)cc3)c2C)cc(OC)c1F,=,-1.2111151001447686,,CHEMBL4626236,CHEMBL4622974,Protein binding in human plasma assessed as free fraction at 5 uM after 4 hrs by rapid equilibrium dialysis,20694185,unknown,human
COc1cc(-c2cncc(-c3ccc(N4CCNCC4)cc3)c2C)cc(OC)c1OC,=,0.1243808234872447,,CHEMBL4626236,CHEMBL4622974,Protein binding in human plasma assessed as free fraction at 5 uM after 4 hrs by rapid equilibrium dialysis,20694184,unknown,human
COc1cc(-c2cnn3c2C(=O)N(c2ccc(C(F)(F)F)cc2)C[C@@H]3C)ccn1,=,0.0585156666555915,,CHEMBL5589179,CHEMBL5584356,Unbound fraction in human plasma by rapid equilibrium dialysis,26051534,unknown,human
COc1cc(-c2nc3n(n2)CCC[C@H]3c2ccc(F)cc2C)ccc1-n1cnc(C)c1,=,-0.2512281700195782,,CHEMBL2417286,CHEMBL2413065,Fraction unbound in human plasma,13412152,unknown,human
COc1cc(-c2nn(CCN3CCC(N(C)C)CC3)c3ncnc(N)c23)ccc1NC(=O)OC(C)(C)C,=,0.7322314181905915,,CHEMBL3824554,CHEMBL3822371,Fraction unbound in human plasma after 24 hrs by LC-MS/MS analysis,16640109,unknown,human
COc1cc(-n2cnc3cc(-c4ccc(Cl)cc4)sc3c2=O)ccc1OCC1(OP(=O)(O)O)CC(F)(F)C1,=,-1.3557268386483343,,CHEMBL3858631,CHEMBL3856239,Protein binding in human plasma assessed as unbound fraction,16745174,unknown,human
COc1cc(/C=C/C(=O)O)c(F)cc1[C@@H]1c2ccc3[nH]ncc3c2C[C@@H](C)N1CC(C)(F)F,=,-0.6588657658303905,,CHEMBL4370323,CHEMBL4368914,Fraction unbound in 10% human plasma by equilibrium dialysis,19110419,unknown,human
COc1cc(/C=C/C(=O)O)cc(F)c1[C@@H]1c2ccc3[nH]ncc3c2C[C@@H](C)N1CC(C)(F)F,=,-0.929807991579814,,CHEMBL4370323,CHEMBL4368914,Fraction unbound in 10% human plasma by equilibrium dialysis,19110420,unknown,human
COc1cc(/C=C/C(=O)O)ccc1[C@@H]1c2ccc3[nH]ncc3c2C[C@@H](C)N1CC(C)(C)F,=,-0.7606704618015815,,CHEMBL4370323,CHEMBL4368914,Fraction unbound in 10% human plasma by equilibrium dialysis,19110416,unknown,human
COc1cc(/C=C/C(=O)O)ccc1[C@@H]1c2ccc3[nH]ncc3c2C[C@@H](C)N1CC(C)(F)F,=,-0.7924291693302433,,CHEMBL4370323,CHEMBL4368914,Fraction unbound in 10% human plasma by equilibrium dialysis,19110417,unknown,human
COc1cc(/C=C/C(=O)O)ccc1[C@]1(C)c2ccc3[nH]ncc3c2C[C@@H](C)N1CC(C)(C)F,=,0.2755636229721379,,CHEMBL4370323,CHEMBL4368914,Fraction unbound in 10% human plasma by equilibrium dialysis,19110423,unknown,human
COc1cc(C(=O)N2CCC3(CC2)CC(=O)c2c(cnn2C(C)C)C3)cc(-c2ccc(C(=O)O)cc2)n1,=,-1.0072963022393624,,CHEMBL4669913,CHEMBL4665761,Fraction unbound in human plasma by equilibrium dialysis method,22402034,unknown,human
COc1cc(C(=O)NCCF)c2ncn(Cc3ncnc(N(C)C)c3C)c2c1,=,0.9756782929543744,,CHEMBL4364026,CHEMBL4359928,Protein binding in human plasma assessed as free fraction,19082533,unknown,human
COc1cc(C(=O)NC[C@](O)(c2cc(C(C)(C)O)c(F)c(-c3ccc(F)cc3)n2)C(F)(F)F)cc2cc(C)nnc12,=,-0.9593858757010488,,CHEMBL5554667,CHEMBL5550217,Plasma protein binding in human assessed as free fraction,26004873,unknown,human
COc1cc(C(O)P(=O)(O)CC[C@H](N)C(=O)O)cc([N+](=O)[O-])c1O,=,1.4062089063789185,,CHEMBL3117664,CHEMBL3112398,Fraction unbound in human plasma,13923877,unknown,human
COc1cc(C)ncc1NC(=O)C1(c2ccccc2C(C)C)CNC1,=,0.9772972283536296,,CHEMBL5530611,CHEMBL5528060,Plasma protein binding in human assessed as unbound fraction by LC-MS/MS analysis,25929855,unknown,human
COc1cc(CN2CCO[C@H](COc3cccc(F)c3)C2)ccc1Cl,=,-0.7026045584107611,,CHEMBL3796314,CHEMBL3792377,Fraction unbound in human plasma by equilibrium dialysis method,16546778,unknown,human
COc1cc(CN2CCO[C@H](COc3ccccc3)C2)ccc1Cl,=,-0.7505149849490745,,CHEMBL3796314,CHEMBL3792377,Fraction unbound in human plasma by equilibrium dialysis method,16546770,unknown,human
COc1cc(Cc2cnc(N)nc2N)cc(OC)c1OC,=,1.2159768546692298,,CHEMBL1043580,CHEMBL1156824,Fraction unbound in human plasma,2993174,unknown,human
COc1cc(F)c(-c2c(C)nn3c(C(F)(F)F)cc(C)nc23)c(F)c1,=,-0.5142540273268247,,CHEMBL4140831,CHEMBL4138139,Fraction unbound in human plasma at 5 uM after 4 hrs by equilibrium dialysis based LC-MS/MS analysis,18357473,unknown,human
COc1cc(F)c(-c2c(C)nn3c(C(F)(F)F)cc(C)nc23)cc1F,=,-1.5595456365537408,,CHEMBL4140831,CHEMBL4138139,Fraction unbound in human plasma at 5 uM after 4 hrs by equilibrium dialysis based LC-MS/MS analysis,18357475,unknown,human
COc1cc(F)ccc1Oc1cc(C(F)(F)F)ncc1C(=O)Nc1ccnnc1,=,0.6107650009699698,,CHEMBL6115344,CHEMBL6114946,Protein binding in human plasma assessed as unbound fraction,29189564,unknown,human
COc1cc(N(CC2CC2)c2ccc(Cl)c3ccccc23)cnc1C(=O)[C@H]1C[C@@H]1C(=O)O,=,-0.9593858757010488,,CHEMBL4378175,CHEMBL4376816,Fraction unbound in human plasma by equilibrium dialysis based LC-MS analysis,19145308,unknown,human
COc1cc(N2CC(NC(=O)c3cc4c(C)n(C)nc4cn3)C2)c(Cl)cn1,=,-0.4837793026341161,,CHEMBL4610619,CHEMBL4609996,Unbound fraction in human plasma,20630106,unknown,human
COc1cc(N2CC(NC(=O)c3ccc4nc(C)cc(C)c4c3)C2)c(Cl)cn1,=,-1.5595456365537408,,CHEMBL4180109,CHEMBL4177610,Fraction unbound in human plasma,18458972,unknown,human
COc1cc(N2CC(NC(=O)c3ccc4nn(C)c(C)c4c3N)C2)c(Cl)cn1,=,0.0055531472707097,,CHEMBL4610695,CHEMBL4610000,Unbound fraction in human plasma,20630487,unknown,human
COc1cc(N2CC(NC(=O)c3ccc4nnc(C)c(C)c4c3)C2)c(Cl)cn1,=,-0.0794379744181615,,CHEMBL4363897,CHEMBL4359924,Fraction unbound in human plasma,19082254,unknown,human
COc1cc(N2CC(NC(=O)c3cn4c(C)c(C)nc4cn3)C2)c(Cl)cn1,=,0.0055531472707097,,CHEMBL4610619,CHEMBL4609996,Unbound fraction in human plasma,20630107,unknown,human
COc1cc(N2CC(Nc3ncnc4c3ccc3nn(C)c(C)c34)C2)c(Cl)cn1,=,-0.929807991579814,,CHEMBL4610695,CHEMBL4610000,Unbound fraction in human plasma,20630489,unknown,human
COc1cc(N2CC3CN(CCO)CC(C2)O3)ccc1Nc1ncc(Cl)c(-c2cnc3ccccn23)n1,=,0.0585156666555915,,CHEMBL1810391,CHEMBL1806498,Fraction unbound in human plasma,6294155,unknown,human
COc1cc(N2CC=C(Oc3ccc(-c4ccccc4)cc3)C2=O)ccc1OCCN1CC(O)C1,=,-0.3775586572654357,,CHEMBL5610158,CHEMBL5608206,Protein binding in human plasma assessed as free fraction,26111941,unknown,human
COc1cc(N2CC=C(Oc3ccc(C4CC4)cc3)C2=O)ccc1OCCN(C)CCO,=,0.5110078801597077,,CHEMBL5610158,CHEMBL5608206,Protein binding in human plasma assessed as free fraction,26111936,unknown,human
COc1cc(N2CC=C(Oc3ccc(C4CC4)cc3)C2=O)ccc1OCCN1CC(C)(O)C1,=,0.4218047924226103,,CHEMBL5610158,CHEMBL5608206,Protein binding in human plasma assessed as free fraction,26111933,unknown,human
COc1cc(N2CC=C(Oc3ccc(C4CC4)cc3)C2=O)ccc1OCCN1CC(O)(C2CC2)C1,=,0.3010211642947998,,CHEMBL5610158,CHEMBL5608206,Protein binding in human plasma assessed as free fraction,26111934,unknown,human
COc1cc(N2CC=C(Oc3ccc(C4CC4)cc3)C2=O)ccc1OCCN1CC(O)C1,=,0.416900568089234,,CHEMBL5610158,CHEMBL5608206,Protein binding in human plasma assessed as free fraction,26111932,unknown,human
COc1cc(N2CC=C(Oc3ccc(C4CC4)cc3)C2=O)ccc1OCCN1CC(OC)C1,=,0.2820498937016034,,CHEMBL5610158,CHEMBL5608206,Protein binding in human plasma assessed as free fraction,26111935,unknown,human
COc1cc(N2CC=C(Oc3ccc(C4CC4)cc3)C2=O)ccc1OCCN1CCCC1,=,0.4548566296028772,,CHEMBL5610158,CHEMBL5608206,Protein binding in human plasma assessed as free fraction,26111928,unknown,human
COc1cc(N2CC=C(Oc3ccc(C4CC4)cc3)C2=O)ccc1OCCN1CCC[C@@H]1CO,=,0.3704664392551143,,CHEMBL5610158,CHEMBL5608206,Protein binding in human plasma assessed as free fraction,26111930,unknown,human
COc1cc(N2CC=C(Oc3ccc(C4CC4)cc3)C2=O)ccc1OCCN1CCC[C@H]1CO,=,0.5110078801597077,,CHEMBL5610158,CHEMBL5608206,Protein binding in human plasma assessed as free fraction,26111931,unknown,human
COc1cc(N2CC=C(Oc3ccc(C4CC4)cc3)C2=O)ccc1OCCN1CC[C@@H](O)C1,=,0.4985954221832476,,CHEMBL5610158,CHEMBL5608206,Protein binding in human plasma assessed as free fraction,26111929,unknown,human
COc1cc(N2CCC(N(C)C)CC2)c(-c2cn[nH]c2)cc1Nc1ncc(Cl)c(Nc2ccccc2P(C)(C)=O)n1,=,0.7295926771865047,,CHEMBL5031766,CHEMBL5030539,Plasma protein binding in human plasma assessed as unbound fraction,24349124,unknown,human
COc1cc(N2CCC(N(C)C)CC2)c(-c2cnn(C)c2)cc1Nc1ncc(Cl)c(Nc2ccccc2P(C)(C)=O)n1,=,0.909942843001772,,CHEMBL5031766,CHEMBL5030539,Plasma protein binding in human plasma assessed as unbound fraction,24349126,unknown,human
COc1cc(N2CCC(N3CCN(C)CC3)CC2)c(-c2cn[nH]c2)cc1Nc1ncc(Cl)c(Nc2ccccc2P(C)(C)=O)n1,=,0.4069462030645636,,CHEMBL5031766,CHEMBL5030539,Plasma protein binding in human plasma assessed as unbound fraction,24349123,unknown,human
COc1cc(N2CCC(N3CCN(C)CC3)CC2)c(-c2cnn(C)c2)cc1Nc1ncc(Cl)c(Nc2ccccc2P(C)(C)=O)n1,=,0.8212418963051887,,CHEMBL5031766,CHEMBL5030539,Plasma protein binding in human plasma assessed as unbound fraction,24349125,unknown,human
COc1cc(N2CCC(N3CCN(C)CC3)CC2)ccc1Nc1ncc(Cl)c(Nc2ccccc2P(C)(C)=O)n1,=,0.6272477565454024,,CHEMBL5031766,CHEMBL5030539,Plasma protein binding in human plasma assessed as unbound fraction,24349122,unknown,human
COc1cc(N2CCN(C(=O)[C@@H]3CCCC[C@H]3C(=O)NC3(C#N)CC3)[C@H](C)C2)ccc1C1CC1,=,0.3010211642947998,,CHEMBL2175117,CHEMBL2169826,Percentage unbound in human plasma,12105924,unknown,human
COc1cc(N2CCN(C(C)=O)CC2)ccc1Nc1ncc(Cl)c(-c2cnc3ccccn23)n1,=,0.0585156666555915,,CHEMBL1810391,CHEMBL1806498,Fraction unbound in human plasma,6294154,unknown,human
COc1cc(N2CCN(C)CC2)c(-c2cnn(C)c2)cc1Nc1ncc(Cl)c(Nc2ccccc2P(C)(C)=O)n1,=,0.853270498609178,,CHEMBL5031766,CHEMBL5030539,Plasma protein binding in human plasma assessed as unbound fraction,24349127,unknown,human
COc1cc(N2CCOCC2)c(-c2cn[nH]c2)cc1Nc1ncc(Cl)c(Nc2ccccc2P(C)(C)=O)n1,=,-0.8034775043339566,,CHEMBL5031766,CHEMBL5030539,Plasma protein binding in human plasma assessed as unbound fraction,24349129,unknown,human
COc1cc(N2CCOCC2)c(-c2cnn(C)c2)cc1Nc1ncc(Cl)c(Nc2ccccc2P(C)(C)=O)n1,=,0.2276531964338244,,CHEMBL5031766,CHEMBL5030539,Plasma protein binding in human plasma assessed as unbound fraction,24349128,unknown,human
COc1cc(NC(=O)[C@@H]2NCCC[C@@H]2C(C)C)ccc1-c1cnco1,=,0.7295926771865047,,CHEMBL4829134,CHEMBL4828715,Protein binding in human plasma assessed as unbound fraction at 10 uM measured after 5 hrs by equilibrium dialysis method,23240798,unknown,human
COc1cc(NC(=O)[C@H](N)CC(C)C)ccc1-c1cn[nH]c1,=,0.7024142200886537,,CHEMBL4829134,CHEMBL4828715,Protein binding in human plasma assessed as unbound fraction at 10 uM measured after 5 hrs by equilibrium dialysis method,23240799,unknown,human
COc1cc(NC(=O)[C@H](N)CC(C)C)ccc1-c1cnco1,=,0.1746906770489424,,CHEMBL4829134,CHEMBL4828715,Protein binding in human plasma assessed as unbound fraction at 10 uM measured after 5 hrs by equilibrium dialysis method,23240797,unknown,human
COc1cc(NC(=O)c2ccccn2)ccc1Cl,=,-0.354174022001789,,CHEMBL1035546,CHEMBL1158444,Fraction unbound in human plasma by at 10 mM,2645770,unknown,human
COc1cc(NC(=O)c2ccccn2)ccc1F,=,0.0684700316802619,,CHEMBL1035546,CHEMBL1158444,Fraction unbound in human plasma by at 10 mM,2645771,unknown,human
COc1cc(NC2CN(CCCF)C2)ccc1[C@@H]1c2ccc3[nH]ncc3c2C[C@@H](C)N1CC(C)(C)F,=,0.5760837328427963,,CHEMBL4676151,CHEMBL4673245,Fraction unbound in human plasma by equilibrium dialysis method,22430004,unknown,human
COc1cc(NC2CN(CCCF)C2)ccc1[C@@H]1c2ccc3[nH]ncc3c2C[C@@H](C)N1CC(C)(F)F,=,-0.0172998337847618,,CHEMBL4676151,CHEMBL4673245,Fraction unbound in human plasma by equilibrium dialysis method,22430002,unknown,human
COc1cc(NC2CN(CCCF)C2)ccc1[C@@H]1c2ccc3[nH]ncc3c2C[C@@H](C)N1CC(F)(F)CO,=,0.8256321338790893,,CHEMBL4676151,CHEMBL4673245,Fraction unbound in human plasma by equilibrium dialysis method,22430000,unknown,human
COc1cc(NC2CN(CCCF)C2)ccc1[C@@H]1c2ccc3[nH]ncc3c2C[C@@H](C)N1CC(F)(F)F,=,0.1501648857742756,,CHEMBL4676151,CHEMBL4673245,Fraction unbound in human plasma by equilibrium dialysis method,22429996,unknown,human
COc1cc(NC2CN(CCCF)C2)ccc1[C@@H]1c2ccc3[nH]ncc3c2C[C@@H](C)N1CC(F)F,=,0.4985954221832476,,CHEMBL4676151,CHEMBL4673245,Fraction unbound in human plasma by equilibrium dialysis method,22429998,unknown,human
COc1cc(NC2CN(CCCF)C2)ccc1[C@@H]1c2ccc3[nH]ncc3c2C[C@@H](C)N1CC1(F)CC1,=,1.022112421788494,,CHEMBL4676151,CHEMBL4673245,Fraction unbound in human plasma by equilibrium dialysis method,22430006,unknown,human
COc1cc(Nc2c(C#N)cnc3cc(OCCCN4CCN(C)CC4)c(OC)cc23)c(Cl)cc1Cl,=,0.0055531472707097,,CHEMBL5375718,CHEMBL5370690,Plasma protein binding in human assessed as unbound fraction at 5 uM incubated for 6 hrs by equilibrium dialysis based LC-MS analysis,25668977,unknown,human
COc1cc(Nc2c(C#N)cnc3cc(OCCON4CCN(C)CC4)c(OC)cc23)c(Cl)cc1Cl,=,0.0585156666555915,,CHEMBL5375718,CHEMBL5370690,Plasma protein binding in human assessed as unbound fraction at 5 uM incubated for 6 hrs by equilibrium dialysis based LC-MS analysis,25668978,unknown,human
COc1cc(Nc2ccc3c(n2)CN(C)C32CCN(C3COC3)CC2)c(C(N)=O)nc1-c1cccc2c1ncn2C,=,0.5349495005296164,,CHEMBL6076544,CHEMBL6074671,Plasma protein binding in human assessed as unbound fraction at 2 uM incubated for 4 hrs by LC-MS/MS analysis,29071183,unknown,human
COc1cc(Nc2nc(N3C[C@@H](C)N[C@@H](C)C3)ncc2F)ccc1NC(=O)c1ccc(C2=CCCC2)s1,=,0.2689925619908105,,CHEMBL4380938,CHEMBL4376875,Protein binding in human plasma assessed as unbound fraction,19154949,unknown,human
COc1cc(Nc2nc3c(cc2F)ncn3[C@@H](CO)c2ccc(F)cn2)n[nH]1,=,0.6107650009699698,,CHEMBL2154696,CHEMBL2150905,Fraction unbound in human plasma,12051548,unknown,human
COc1cc(Nc2ncc(F)c(Nc3ccc4c(n3)N(COP(=O)(O)O)C(=O)C(C)(C)O4)n2)cc(OC)c1OC,=,-0.5466961870436686,,CHEMBL2350846,CHEMBL2346624,Fraction unbound in human plasma,12717307,unknown,human
COc1cc(OC(F)F)c2nc3c(n2c1)C[C@@H](C(C)(C)C)c1cc(C(=O)O)c(=O)[nH]c1-3,=,0.0585156666555915,,CHEMBL6131146,CHEMBL6127124,Plasma protein binding in human assessed as unbound fraction at 2 uM incubated for 6 hrs by equilibrium dialysis,29242291,unknown,human
COc1cc(OC)c(C(=O)CCCN2CCCC2)c(OC)c1,=,1.1038072758825077,,CHEMBL1043580,CHEMBL1156824,Fraction unbound in human plasma,2992048,unknown,human
COc1cc(OC)c2c(=O)cc(-c3cc(C)c(OC[C@H](O)CN4CCN(C)CC4)c(C)c3)oc2c1,=,0.6736818853795221,,CHEMBL4405950,CHEMBL4402595,Unbound fraction in human plasma at 2 uM,19267727,unknown,human
COc1cc(OC)nc(-c2nc(N3CC[C@@H](NC(=O)c4[nH]c(C)c(Cl)c4Cl)[C@@H](OC)C3)sc2C(=O)O)n1,=,-0.1066164315160123,,CHEMBL3366713,CHEMBL3352173,Percentage unbound in human plasma,15001768,unknown,human
COc1cc(OC2CN(CCCF)C2)ccc1[C@@H]1c2ccc3[nH]ncc3c2C[C@@H](C)N1CC1(F)CC1,=,0.4548566296028772,,CHEMBL4676151,CHEMBL4673245,Fraction unbound in human plasma by equilibrium dialysis method,22430007,unknown,human
COc1cc(OCCN2CC(CF)C2)ccc1[C@@H]1c2ccc3[nH]ncc3c2C[C@@H](C)N1CC(C)(C)F,=,0.1904006745829195,,CHEMBL4676151,CHEMBL4673245,Fraction unbound in human plasma by equilibrium dialysis method,22430016,unknown,human
COc1cc(OCCN2CC(CF)C2)ccc1[C@@H]1c2ccc3[nH]ncc3c2C[C@@H](C)N1CC(C)C,=,1.2356922838098356,,CHEMBL4676151,CHEMBL4673245,Fraction unbound in human plasma by equilibrium dialysis method,22430013,unknown,human
COc1cc(OCCN2CC(CF)C2)ccc1[C@@H]1c2ccc3[nH]ncc3c2C[C@@H](C)N1CC1(F)CC1,=,0.7799025307482025,,CHEMBL4676151,CHEMBL4673245,Fraction unbound in human plasma by equilibrium dialysis method,22430011,unknown,human
COc1cc(OCCN2CC(CF)C2)ccc1[C@@H]1c2ccc3[nH]ncc3c2C[C@@H](C)N1CC1(F)COC1,=,0.8675463182602577,,CHEMBL4676151,CHEMBL4673245,Fraction unbound in human plasma by equilibrium dialysis method,22430009,unknown,human
COc1cc(OCCNCCCF)ccc1[C@@H]1c2[nH]c3ccccc3c2C[C@@H](C)N1CC(F)(F)CO,=,-0.0536539121311303,,CHEMBL5381572,CHEMBL5380788,Protein binding in human plasma assessed as unbound fraction by equilibrium dialysis assay,25688093,unknown,human
COc1cc(OCCNCCCF)ccc1[C@@H]1c2[nH]c3ccccc3c2C[C@@H](C)N1CC(F)F,=,-0.5466961870436686,,CHEMBL5381572,CHEMBL5380788,Protein binding in human plasma assessed as unbound fraction by equilibrium dialysis assay,25688092,unknown,human
COc1cc(OCCNCCCF)ccc1[C@@H]1c2[nH]c3ccccc3c2C[C@@H](C)N1CC1(F)COC1,=,0.1584738188650421,,CHEMBL5381572,CHEMBL5380788,Protein binding in human plasma assessed as unbound fraction by equilibrium dialysis assay,25688089,unknown,human
COc1cc(OCCNCCCF)ccc1[C@@H]1c2ccc3[nH]ncc3c2C[C@@H](C)N1CC1(F)CC1,=,0.7024142200886537,,CHEMBL4676151,CHEMBL4673245,Fraction unbound in human plasma by equilibrium dialysis method,22430008,unknown,human
COc1cc(OCc2ccnc(Nc3cnn(C)c3)n2)cc2sc(N[C@H]3CCCC[C@@H]3O)nc12,=,0.1904006745829195,,CHEMBL4728986,CHEMBL4725356,Unbound plasma concentration in human plasma at 5 uM after 5 hrs by LC-MS analysis,22889460,unknown,human
COc1cc([C@@H]2Oc3cc([C@H]4Oc5cc(O)cc(O)c5C(=O)[C@@H]4O)ccc3O[C@H]2CO)ccc1O,=,0.0585156666555915,,CHEMBL3530145,CHEMBL3526004,Unbound fraction in human plasma,15451389,unknown,human
COc1cc([C@@H]2c3cc4c(cc3[C@@H](O[C@@H]3O[C@@H]5CO[C@@H](C)O[C@H]5[C@H](O)[C@H]3O)[C@H]3COC(=O)[C@H]23)OCO4)cc(OC)c1O,=,0.4985954221832476,,CHEMBL1043580,CHEMBL1156824,Fraction unbound in human plasma,2990669,unknown,human
COc1cc([C@@H]2c3cc4c(cc3[C@@H](O[C@@H]3O[C@@H]5CO[C@@H](C)O[C@H]5[C@H](O)[C@H]3O)[C@H]3COC(=O)[C@H]23)OCO4)cc(OC)c1O,=,0.0483601898030849,,CHEMBL3591953,CHEMBL3588839,Fraction unbound (%) in human plasma at pH 7.4 after 18 hrs by equilibrium dialysis,15640571,unknown,human
COc1cc([C@H]2Oc3cc([C@H]4Oc5cc(O)cc(O)c5C(=O)[C@@H]4O)ccc3O[C@@H]2CO)ccc1O,=,0.0585156666555915,,CHEMBL3530145,CHEMBL3526004,Unbound fraction in human plasma,15451387,unknown,human
COc1cc2[nH]ncc2c2c1[C@@H](c1ccc(NC3CN(CCCF)C3)cn1)N(CC(F)(F)F)[C@H](C)C2,=,0.9916376970957856,,CHEMBL4731984,CHEMBL4725497,Fraction unbound in human plasma by equilibrium dialysis method,22902476,unknown,human
COc1cc2c(-c3cnc(-c4ccc[nH]4)o3)c[nH]c2cc1Br,=,-1.3557268386483343,,CHEMBL4338307,CHEMBL4334516,Unbound fraction in human plasma at 5 uM incubated for 6 hrs at 37 degC by LC-MS analysis based equilibrium dialysis,18976171,unknown,human
COc1cc2c(cc1F)ncc(=O)n2C[C@H](N)[C@H]1CC[C@H](NCc2ncc3c(n2)NC(=O)CO3)CC1,=,1.2729448056607404,,CHEMBL3361751,CHEMBL3352316,Fraction unbound in human plasma by LC/MS-MS analysis,15071086,unknown,human
COc1cc2c(ccc(=O)n2CCN2CCC(NCc3cc4c(cn3)OCCO4)CC2)cn1,=,0.6736818853795221,,CHEMBL1919742,CHEMBL1914454,Fraction unbound in human plasma at 10 uM after 16 hrs by equilibrium dialysis,7939998,unknown,human
COc1cc2cc(c1Cl)N(C)C(=O)C[C@@H](OC(=O)[C@@H](C)N(C)C(=O)CCSSCCCC(=O)NCCC(=O)N(C)C(=O)CN(C)C(=O)CN(C)C(=O)CN(C)C(=O)CN(C)C(=O)CN(C)C(=O)CN(C)CC(=O)N(C)CC(=O)N(C)CC(=O)N(C)CC(=O)N[C@@H](C)C(=O)N[C@@H](CCCNC(=N)N)C(=O)N[C@@H](CC(=O)O)C(=O)N[C@H]1CSCCC(=O)N3CN4CN(C3)C(=O)CCSC[C@H](NC(=O)[C@H](CC(C)C)NC(=O)[C@@H]3CCCN3C(=O)[C@H](CC(N)=O)NC(=O)[C@H](C(C)C)NC(=O)[C@H](CC(C)C)NC(=O)[C@@H]3CCCN3C1=O)C(=O)N[C@@H](CC(C)C)C(=O)N[C@@H](Cc1c[nH]cn1)C(=O)N1CCC[C@H]1C(=O)N[C@H](CC(=O)O)C(=O)N[C@@H](CC1CCc3ccccc31)C(=O)NC(CCCCNC(=N)N)C(=O)N[C@H](C(N)=O)CSCCC4=O)[C@@]1(C)O[C@@H]1[C@@H](C)[C@H]1C[C@](O)(NC(=O)O1)[C@@H](OC)/C=C/C=C(\C)C2,=,1.1517177024208214,,CHEMBL4605309,CHEMBL4602699,Unbound fraction in human plasma at 2 uM incubated for 2 hrs by LC/MS/MS analysis,20607425,unknown,human
COc1cc2nc(N3CCN(C(=O)C4CCCO4)CC3)nc(N)c2cc1OC,=,0.2947766242778414,,CHEMBL1043580,CHEMBL1156824,Fraction unbound in human plasma,2990581,unknown,human
COc1cc2nc(N3CCN(C(=O)c4ccco4)CC3)nc(N)c2cc1OC,=,0.1501648857742756,,CHEMBL1043580,CHEMBL1156824,Fraction unbound in human plasma,2990567,unknown,human
COc1cc2nc(N3CCN(C(=O)c4ccco4)CC3)nc(N)c2cc1OC,=,0.4069462030645636,,CHEMBL2399757,CHEMBL2396551,Fraction unbound in human plasma assessed as release through semipermeable membrane into PBS buffer after 1 to 30 hrs by HPLC analysis,13351456,unknown,human
COc1cc2nc(N3CCN(C(=O)c4ccco4)CC3)nc(N)c2cc1OC,=,0.0878062235286654,,CHEMBL3591953,CHEMBL3588839,Fraction unbound (%) in human plasma at pH 7.4 after 18 hrs by equilibrium dialysis,15640576,unknown,human
COc1cc2ncc(C(=O)N(C)C)c(Nc3ccc(Cl)cc3F)c2cc1OC,=,0.1980753123125893,,CHEMBL4673826,CHEMBL4673201,Plasma protein binding in human assessed as fraction unbound,22422485,unknown,human
COc1cc2ncc(C(N)=O)c(Nc3ccc(Cl)cc3F)c2cc1OC,=,-0.135348766225144,,CHEMBL4673826,CHEMBL4673201,Plasma protein binding in human assessed as fraction unbound,22422487,unknown,human
COc1cc2ncnc(Nc3cccc(Cl)c3F)c2cc1CN(C)[C@@H](C)C(N)=O,=,0.0585156666555915,,CHEMBL853170,CHEMBL1147701,Percent of unbound drug in human plasma,1715686,unknown,human
COc1cc2ncnc(Nc3cccc(Cl)c3F)c2cc1CN(C)[C@H](C)C(N)=O,=,0.0585156666555915,,CHEMBL853170,CHEMBL1147701,Percent of unbound drug in human plasma,1715687,unknown,human
COc1cc2ncnc(Nc3cccc(Cl)c3F)c2cc1CN1CCC[C@H]1C(N)=O,=,0.0585156666555915,,CHEMBL853170,CHEMBL1147701,Percent of unbound drug in human plasma,1715683,unknown,human
COc1cc2ncnc(Nc3cccc(Cl)c3F)c2cc1OC1CCN(CC(N)=O)CC1,=,0.0274122001586224,,CHEMBL2412593,CHEMBL2407034,Fraction unbound in human plasma,13391011,unknown,human
COc1cc2ncnc(Nc3cccc(Cl)c3F)c2cc1OCCON1CCN(C)CC1,=,-0.0057434855928168,,CHEMBL5392506,CHEMBL5390273,Protein binding in human plasma assessed as unbound fraction at 5 uM incubated for 6 hrs by equilibrium dialysis based LC-MS/MS analysis,25728289,unknown,human
COc1cc2ncnc(Oc3ccc(CC(=O)Nc4cnn(C(C)C)c4)cc3)c2cc1OC,=,-0.1503552240963827,,CHEMBL1943687,CHEMBL1938371,Fraction unbound in human serum,8005190,unknown,human
COc1ccc(-c2c(-c3nc(C)n4ncnc(N5CCC5)c34)cnn2C)c(C)c1,=,0.8256321338790893,,CHEMBL2384419,CHEMBL2380216,Fraction unbound in human plasma,13306601,unknown,human
COc1ccc(-c2c(C)nn3c(C(F)(F)F)cc(C)nc23)c(F)c1F,=,-0.8626845637357965,,CHEMBL4140831,CHEMBL4138139,Fraction unbound in human plasma at 5 uM after 4 hrs by equilibrium dialysis based LC-MS/MS analysis,18357474,unknown,human
COc1ccc(-c2c(C)nn3c(C(F)(F)F)cc(C)nc23)cc1,=,-1.0072963022393624,,CHEMBL4140831,CHEMBL4138139,Fraction unbound in human plasma at 5 uM after 4 hrs by equilibrium dialysis based LC-MS/MS analysis,18357471,unknown,human
COc1ccc(-c2c(C)nn3c(C(F)(F)F)cc(C)nc23)cc1F,=,-0.6186299770217468,,CHEMBL4140831,CHEMBL4138139,Fraction unbound in human plasma at 5 uM after 4 hrs by equilibrium dialysis based LC-MS/MS analysis,18357472,unknown,human
COc1ccc(-c2c(CO)n(C)c3ccc(S(C)(=O)=O)cc23)cn1,=,-0.2701994406127747,,CHEMBL3390702,CHEMBL3352238,Fraction unbound in human plasma,15076103,unknown,human
COc1ccc(-c2c(CO)n(Cc3ccccc3Cl)c3ccc(OC(F)(F)F)cc23)cn1,=,0.4069462030645636,,CHEMBL4479533,CHEMBL4477245,Unbound protein binding in human plasma at 5 uM after 4 hrs by LC/MS/MS analysis,19476020,unknown,human
COc1ccc(-c2c(Nc3ccccn3)[nH]c3c(C4=CCCCC4)c(-c4ccccc4)nn3c2=O)cc1,=,-0.5466961870436686,,CHEMBL4835553,CHEMBL4834423,Protein binding in human plasma assessed as unbound fraction,23272719,unknown,human
COc1ccc(-c2cc(=O)[nH]c(=S)n2CC(=O)NCCN)c(OC)c1,=,1.5114448716933202,,CHEMBL3636525,CHEMBL3632461,Fraction unbound in human plasma by equilibrium dialysis method,15772077,unknown,human
COc1ccc(-c2cc(=O)[nH]c(=S)n2CC(N)=O)c(OC)c1,=,1.2159768546692298,,CHEMBL3636525,CHEMBL3632461,Fraction unbound in human plasma by equilibrium dialysis method,15772076,unknown,human
COc1ccc(-c2cc(=O)[nH]c(=S)n2CCN)c(OC)c1,=,1.3851143844474625,,CHEMBL3636525,CHEMBL3632461,Fraction unbound in human plasma by equilibrium dialysis method,15772075,unknown,human
COc1ccc(-c2cc(=O)[nH]c(=S)n2CCO)c(OC)c1,=,1.2159768546692298,,CHEMBL3636525,CHEMBL3632461,Fraction unbound in human plasma by equilibrium dialysis method,15772074,unknown,human
COc1ccc(-c2cc(=O)c3c(O)cc(OP(=O)([O-])[O-])c(-c4cc(-c5cc(=O)c6c(O)cc(OP(=O)([O-])[O-])cc6o5)ccc4OC)c3o2)cc1.[Na+].[Na+].[Na+].[Na+],=,-0.4020844485401025,,CHEMBL5160391,CHEMBL5154772,Plasma protein binding in human assessed as unbound fraction at 2 uM by rapid equilibrium dialysis based LC-MS/MS analysis,24899697,unknown,human
COc1ccc(-c2cc(C(=O)N[C@H]3CCCN(C)C3)nn2C)c(Cl)c1,=,0.9591955373789416,,CHEMBL5367085,CHEMBL5365451,Plasma protein binding in human assessed as unbound fraction by rapid equilibrium dialysis,25636433,unknown,human
COc1ccc(-c2cc(C(F)(F)F)c3c(N)ncnn23)cc1N1CCN(C(C)=O)C(C)(C)C1=O,=,0.5388312109918915,,CHEMBL4016560,CHEMBL4014340,Fraction unbound in human serum,18077857,unknown,human
COc1ccc(-c2cc(C(N)=O)nc3cc(COc4ccc(C(F)(F)F)nc4)nn23)c(F)c1,=,-0.1982656506346964,,CHEMBL4310455,CHEMBL4308859,Fraction unbound in human plasma after 4 hrs by equilibrium dialysis method,18873681,unknown,human
COc1ccc(-c2cc(C(N)=O)nc3cc(COc4ccnc(C(F)(F)F)c4)nn23)c(F)c1,=,-0.1982656506346964,,CHEMBL4310455,CHEMBL4308859,Fraction unbound in human plasma after 4 hrs by equilibrium dialysis method,18873665,unknown,human
COc1ccc(-c2cc(C(N)=O)nc3cc(COc4ccnc(C)c4)nn23)c(F)c1,=,-0.1982656506346964,,CHEMBL4310455,CHEMBL4308859,Fraction unbound in human plasma after 4 hrs by equilibrium dialysis method,18873628,unknown,human
COc1ccc(-c2cc(C(N)=O)nc3cc(COc4cnc(C)nc4)sc23)cc1,=,-0.7505149849490745,,CHEMBL4310455,CHEMBL4308859,Fraction unbound in human plasma after 4 hrs by equilibrium dialysis method,18873755,unknown,human
COc1ccc(-c2cc(CC[C@](C)(C(=O)NO)S(C)(=O)=O)on2)c(F)c1,=,0.2418141048929597,,CHEMBL2166997,CHEMBL2163274,Fraction unbound in human plasma,12082116,unknown,human
COc1ccc(-c2cc(Cl)c3c(N)ncnn23)cc1N1CCN(C(C)=O)C(C)(C)C1=O,=,0.6736818853795221,,CHEMBL4016560,CHEMBL4014340,Fraction unbound in human serum,18077851,unknown,human
COc1ccc(-c2cc(N3C[C@H](c4cc(F)c(F)cc4F)[C@@H](N)C3)ncn2)cn1,=,0.1501648857742756,,CHEMBL899738,CHEMBL1137469,Percent of unbound ligand in human plasma,1985732,unknown,human
COc1ccc(-c2ccc3c(N4CCOCC4)nc(N4C[C@@H](C)O[C@@H](C)C4)nc3n2)cc1CO,=,0.2947766242778414,,CHEMBL2340642,CHEMBL2331448,Fraction unbound in human plasma by equilibrium dialysis technique,12701704,unknown,human
COc1ccc(-c2ccc3c(N4CCOC[C@@H]4C)nc(N4CCOC[C@@H]4C)nc3n2)cc1CO,=,0.5388312109918915,,CHEMBL2340642,CHEMBL2331448,Fraction unbound in human plasma by equilibrium dialysis technique,12699009,unknown,human
COc1ccc(-c2ccn(CC[C@](C)(C(=O)NO)S(C)(=O)=O)c(=O)c2)c(F)c1,=,0.9756782929543744,,CHEMBL2025132,CHEMBL2021790,Fraction unbound in human plasma relative to untreated control,10876798,unknown,human
COc1ccc(-c2cn(CC[C@](C)(C(=O)NO)S(C)(=O)=O)nn2)c(F)c1,=,0.3252513489705502,,CHEMBL2166997,CHEMBL2163274,Fraction unbound in human plasma,12082117,unknown,human
COc1ccc(-c2cnc3[nH]cc(C(=O)NC(C)CO)c3n2)cc1OC,=,-0.0536539121311303,,CHEMBL2350846,CHEMBL2346624,Fraction unbound in human plasma,12717303,unknown,human
COc1ccc(-c2cnc3c(-c4cccc5ncccc45)cnn3c2)cc1,=,-0.8034775043339566,,CHEMBL2390511,CHEMBL2384981,Fraction unbound in human plasma by equilibrium dialysis,13322797,unknown,human
COc1ccc(-c2csc(C(=O)NOCCCCCC(=O)NO)n2)cc1,=,-0.7505149849490745,,CHEMBL6087140,CHEMBL6083289,Plasma protein binding in human assessed as unbound fraction at 1 uM incubated for 24 hrs (Rvb = 99.7%),29106186,unknown,human
COc1ccc(-c2csc(C(=O)NOCCCCCC(=O)NO)n2)cc1,=,-0.8034775043339566,,CHEMBL6087141,CHEMBL6083289,Plasma protein binding in human assessed as unbound fraction at 50 nM incubated for 24 hrs (Rvb = 99.7%),29106188,unknown,human
COc1ccc(-c2csc(C(=O)NOCCCCCC(=O)NO)n2)cc1,=,-0.6588657658303905,,CHEMBL6087142,CHEMBL6083289,Plasma protein binding in human assessed as unbound fraction at 2.5 nM incubated for 24 hrs (Rvb = 99.7%),29106190,unknown,human
COc1ccc(-c2csc(NC(=O)[C@H]3CCCCN3S(=O)(=O)c3ccc(C)cc3)n2)cc1,=,-1.0072963022393624,,CHEMBL2071951,CHEMBL2069205,Fraction unbound in human plasma,10994166,unknown,human
COc1ccc(-c2nn3c(-c4ccccn4)nnc3s2)cc1OC,=,0.1746906770489424,,CHEMBL4008383,CHEMBL4007403,Fraction unbound in human plasma,18034924,unknown,human
COc1ccc(-c2nnc(C(=O)N3CC(Oc4ccc(CN5CC6(COC6)C5)cc4)C3)o2)cc1,=,0.8872617474008635,,CHEMBL3791489,CHEMBL3784951,Fraction unbound in human plasma,16539002,unknown,human
COc1ccc(-n2c(=O)n(Cc3cc4cc(Cl)ccc4n3CCCC#N)c3cnccc32)cc1,=,-1.0989455213580468,,CHEMBL4620886,CHEMBL4619758,Protein binding in human plasma assessed as unbound fraction,20672551,unknown,human
COc1ccc(-n2c(=O)n(Cc3cc4cc(Cl)ccc4n3CCCC#N)c3cnccc32)cc1OC,=,-0.8626845637357965,,CHEMBL4620886,CHEMBL4619758,Protein binding in human plasma assessed as unbound fraction,20672552,unknown,human
COc1ccc(-n2nc(C(N)=O)c3c2C(=O)N(c2ccc(N4CCCCC4=O)cc2)CC3)cc1,=,0.2276531964338244,,CHEMBL5227510,CHEMBL5226306,Unbound fraction in human plasma,24984924,unknown,human
COc1ccc(C#Cc2ccc(C(=O)N3CCC[C@@H](CO)C3)cc2)cc1,=,-0.4020844485401025,,CHEMBL2213668,CHEMBL2203026,Fraction unbound in human plasma,12184953,unknown,human
COc1ccc(C#Cc2ccc(C(=O)N3CCC[C@@H](O)C3)c(F)c2)cc1,=,-0.1982656506346964,,CHEMBL2390278,CHEMBL2384940,Fraction unbound in human plasma at 5 uM after 4 hrs by LC/MS/MS analysis,13314422,unknown,human
COc1ccc(C(=O)NCc2cc(C(C)C)no2)cc1OC1CCN(C)CC1,=,1.363095725586794,,CHEMBL3860693,CHEMBL3860045,Fraction unbound in human plasma after 4 hrs by LC-MS/MS based equilibrium dialysis method,16754095,unknown,human
COc1ccc(C(=O)Nc2ccccc2CCC2CCCCN2C)cc1,=,0.8872617474008635,,CHEMBL1043580,CHEMBL1156824,Fraction unbound in human plasma,2991882,unknown,human
COc1ccc(C(=O)c2sc3nc(C)cc(C)c3c2N)cc1,=,-1.0989455213580468,,CHEMBL4479491,CHEMBL4477243,Fraction unbound in human plasma,19475788,unknown,human
COc1ccc(C(=O)c2sc3nnc(C)c(C)c3c2N)cc1,=,-1.0989455213580468,,CHEMBL4479491,CHEMBL4477243,Fraction unbound in human plasma,19475795,unknown,human
COc1ccc(C(CCCN)(c2ccccc2)c2ccccc2)cc1,=,0.3704664392551143,,CHEMBL2327412,CHEMBL2321852,Fraction unbound in 100% human plasma at 5 uM by equilibrium dialysis method,12659048,unknown,human
COc1ccc(C(CN(C)C)C2(O)CCCCC2)cc1,=,1.4062089063789185,,CHEMBL1043580,CHEMBL1156824,Fraction unbound in human plasma,2993444,unknown,human
COc1ccc(C(SC[C@H](N)C(=O)O)(c2ccccc2)c2ccccc2)cc1,=,0.3704664392551143,,CHEMBL2327412,CHEMBL2321852,Fraction unbound in 100% human plasma at 5 uM by equilibrium dialysis method,12659049,unknown,human
COc1ccc(C)c2sc(NC(=O)c3ccncc3)nc12,=,-0.7505149849490745,,CHEMBL2062074,CHEMBL2057082,Fraction unbound in human plasma,10958374,unknown,human
COc1ccc(C23c4ccccc4C(=O)N2CCN3C(=O)c2ccc(F)c(F)c2)cc1,=,-0.0928435423790931,,CHEMBL3380866,CHEMBL3351438,Fraction unbound in human plasma,14971560,unknown,human
COc1ccc(CCN(C)CCCC(C#N)(c2ccc(OC)c(OC)c2)C(C)C)cc1OC,=,0.3704664392551143,,CHEMBL1043580,CHEMBL1156824,Fraction unbound in human plasma,2990595,unknown,human
COc1ccc(CCN2CCN(c3ccccc3-c3cc(C(=O)NCCCN4CCCC4)ccn3)CC2)cc1,=,1.022112421788494,,CHEMBL4681719,CHEMBL4680102,Unbound fraction in human plasma by equilibrium dialysis,22454189,unknown,human
COc1ccc(CN2CCC[C@H](OCc3ccc(C)cc3)C2)cc1F,=,-0.6186299770217468,,CHEMBL5250281,CHEMBL5247621,Plasma protein binding in human assessed as unbound fraction,25060602,unknown,human
COc1ccc(CN2CCC[C@H](OCc3ccc(F)c(C)c3)C2)cc1F,=,-1.0072963022393624,,CHEMBL5250281,CHEMBL5247621,Plasma protein binding in human assessed as unbound fraction,25060600,unknown,human
COc1ccc(CN2CCC[C@H](OCc3ccc(F)c(F)c3)C2)cc1F,=,-0.7026045584107611,,CHEMBL5145671,CHEMBL5143585,Protein binding in human plasma assessed as unbound fraction,24841825,unknown,human
COc1ccc(CN2CCN(c3c(NS(=O)(=O)c4c(C)noc4C)c(=O)c3=O)CC2)cc1,=,-0.4550469679249845,,CHEMBL3430050,CHEMBL3425489,Fraction unbound (%) in human plasma at 10 uM by LC/MS-MS analysis,15244097,unknown,human
COc1ccc(CN2CCO[C@H](COc3cccc(F)c3)C2)cc1Cl,=,-1.0072963022393624,,CHEMBL3796314,CHEMBL3792377,Fraction unbound in human plasma by equilibrium dialysis method,16546777,unknown,human
COc1ccc(CN2CCO[C@H](COc3ccccc3)C2)cc1Cl,=,-0.7505149849490745,,CHEMBL3796314,CHEMBL3792377,Fraction unbound in human plasma by equilibrium dialysis method,16546769,unknown,human
COc1ccc(CN2CCO[C@H](COc3ccccc3)C2)cc1F,=,-0.1817828950592638,,CHEMBL3796314,CHEMBL3792377,Fraction unbound in human plasma by equilibrium dialysis method,16546768,unknown,human
COc1ccc(CN2CCO[C@H](COc3ccccc3)C2)cc1F,=,-0.1817828950592638,,CHEMBL5145671,CHEMBL5143585,Protein binding in human plasma assessed as unbound fraction,24841824,unknown,human
COc1ccc(CNC(=O)c2cc(-c3cc(Cl)cc(Cl)c3)cnc2-c2cccnc2)cc1OC,=,-0.1658234909178525,,CHEMBL3101088,CHEMBL3098111,Fraction unbound in human plasma by equilibrium dialysis method,13866186,unknown,human
COc1ccc(CNC(=O)c2sc3nnc(C)c(C)c3c2N)cc1F,=,0.0972023663893936,,CHEMBL5253779,CHEMBL5252536,Plasma protein binding in human assessed as unbound fraction incubated for 4 hrs by LC/MS/MS analysis,25073900,unknown,human
COc1ccc(CNCC23CC4CC(CC(C4)C2)C3)c(O)c1,=,-0.0057434855928168,,CHEMBL3396794,CHEMBL3392977,Protein binding in human plasma,15145533,unknown,human
COc1ccc(CNc2nccn(-c3cc(C(=O)NC4CC4)ccc3C)c2=O)cc1,=,0.8470259585922197,,CHEMBL4727217,CHEMBL4725297,Protein binding in human plasma assessed as free fraction,22881510,unknown,human
COc1ccc(Cc2cc([C@]34OC[C@](CO)(O3)[C@@H](O)[C@H](O)[C@H]4O)ccc2C)cc1,=,-1.5446870471956944,,CHEMBL1772495,CHEMBL1770065,Fraction unbound in human plasma at 1000 ng/mL by equilibrium dialysis method,6182848,unknown,human
COc1ccc(Cc2nccc3cc(OC)c(OC)cc23)cc1OC,=,0.2487477183652802,,CHEMBL1043580,CHEMBL1156824,Fraction unbound in human plasma,2990574,unknown,human
COc1ccc(Cl)cc1-c1c(C(=O)O)[nH]c2c1CCc1ccccc1-2,=,1.5603697869855964,,CHEMBL6112532,CHEMBL6109129,Plasma protein binding in human assessed as unbound fraction at 10 uM measured after 5 hrs by LC-MS/MS analysis,29180875,unknown,human
COc1ccc(Cl)cc1-c1cc(=O)[nH]c(=S)n1CC(N)=O,=,1.0727038093855386,,CHEMBL3637260,CHEMBL3632461,Fraction unbound in human plasma at 2 uM by equilibrium dialysis method,15772173,unknown,human
COc1ccc(Cl)cc1C(=O)NCCc1ccc(S(=O)(=O)NC(=O)NC2CCCCC2)cc1,=,-0.3775586572654357,,CHEMBL1043580,CHEMBL1156824,Fraction unbound in human plasma,2990505,unknown,human
COc1ccc(Cl)cc1C(=O)NCCc1ccc(S(=O)(=O)NC(=O)NC2CCCCC2)cc1,=,-3.833459465730918,,CHEMBL4702833,CHEMBL4699523,Fraction unbound in human plasma,22763453,unknown,human
COc1ccc(F)c(-c2cc3c(cn2)[C@H](Oc2cccc([C@H](C4CC4)[C@H](C)C(=O)O)c2)CC3)c1,=,-1.7760911650353848,,CHEMBL4388825,CHEMBL4387733,Protein binding in human plasma assessed as unbound fraction level,19190528,unknown,human
COc1ccc(F)c(-c2ccc(COc3cccc([C@@H](CC(=O)O)C4CC4)c3)cc2)c1,=,-2.256406709371685,,CHEMBL4388825,CHEMBL4387733,Protein binding in human plasma assessed as unbound fraction level,19190524,unknown,human
COc1ccc(F)c(-c2ccc(Cc3ccc(N4C[C@H](C(F)(F)F)C[C@@H]4CC(=O)O)cc3)c(C)c2)c1,=,-1.9079761729627127,,CHEMBL4053246,CHEMBL4052594,Fraction unbound in human plasma,18245037,unknown,human
COc1ccc(F)c(-c2ccc3c(c2)CC[C@H]3Oc2cccc([C@H](C3CC3)[C@H](C)C(=O)O)c2)c1,=,-3.065437360976351,,CHEMBL4388825,CHEMBL4387733,Protein binding in human plasma assessed as unbound fraction level,19190526,unknown,human
COc1ccc(F)c(-c2ccc3c(c2)CC[C@H]3Oc2cccc([C@H](C3CC3)[C@H](C)C(=O)O)c2F)c1,=,-2.717006824567379,,CHEMBL4388825,CHEMBL4387733,Protein binding in human plasma assessed as unbound fraction level,19190527,unknown,human
COc1ccc(F)c(-c2ccc3c(c2)OC[C@@H]3Oc2cccc([C@@H](CC(=O)O)C3CC3)c2)c1,=,-0.8034775043339566,,CHEMBL4388825,CHEMBL4387733,Protein binding in human plasma assessed as unbound fraction level,19190525,unknown,human
COc1ccc(F)c(-c2cnc3c(c2)CC[C@H]3Oc2cccc([C@H](C3CC3)[C@H](C)C(=O)O)c2)c1,=,-1.6717152153404626,,CHEMBL4388825,CHEMBL4387733,Protein binding in human plasma assessed as unbound fraction level,19190529,unknown,human
COc1ccc(N(Cc2ccsc2)C2CCN([C@H](C)CCNC(=O)c3c(C)ncnc3C)CC2)cc1,=,1.5169993923747904,,CHEMBL2168046,CHEMBL2163215,Fraction unbound in human plasma after 5 hrs,12091392,unknown,human
COc1ccc(N(Cc2cnccc2C)C2CCN([C@H](C)CCNC(=O)c3c(C)ncnc3C)CC2)cc1,=,1.4707434237434824,,CHEMBL2168046,CHEMBL2163215,Fraction unbound in human plasma after 5 hrs,12091393,unknown,human
COc1ccc(N2CCN(C(=O)[C@@H]3CCCC[C@H]3C(=O)NC3(C#N)CC3)CC2)cc1,=,1.1740626702880612,,CHEMBL2175117,CHEMBL2169826,Percentage unbound in human plasma,12107004,unknown,human
COc1ccc(N2CCN(C(=O)[C@@H]3CCCC[C@H]3C(=O)NC3(C#N)CC3)CC2)cc1OC,=,1.163014335284348,,CHEMBL2175117,CHEMBL2169826,Percentage unbound in human plasma,12107003,unknown,human
COc1ccc(N2CCN(C(=O)[C@@H]3CCCC[C@H]3C(=O)NC3(C#N)CC3)[C@H](C)C2)cc1OC,=,1.0910805453062695,,CHEMBL2175117,CHEMBL2169826,Percentage unbound in human plasma,12105927,unknown,human
COc1ccc(N2CCN(C(=O)[C@@H]3CCCC[C@H]3C(=O)NC3(C#N)CC3)[C@H](C)C2)nc1OC,=,0.8470259585922197,,CHEMBL2175117,CHEMBL2169826,Percentage unbound in human plasma,12105920,unknown,human
COc1ccc(NC(=O)/C=C/CN(C)C)cc1Nc1ncc(Cl)c(-c2cnn3ccccc23)n1,=,-0.8626845637357965,,CHEMBL2427698,CHEMBL2424560,Unbound fraction in human plasma by equilibrium dialysis method,13443101,unknown,human
COc1ccc(NC(=O)C2=C(c3ccc(C)cc3)C[C@](c3ccc(OCCCC(F)(F)F)cc3)(C(F)(F)F)NC2=O)cc1,=,-0.8626845637357965,,CHEMBL4845054,CHEMBL4842384,Plasma protein binding in human assessed as unbound fraction,23315359,unknown,human
COc1ccc(NC(=O)c2cc(Oc3cncc(F)c3)cn3ccnc23)nc1,=,-0.2329469187618698,,CHEMBL4047830,CHEMBL4043265,Fraction unbound in human plasma at 5 uM after 4 hrs by equilibrium dialysis method,18221491,unknown,human
COc1ccc(NC(=O)c2ccc(C(=N)N(C)C)cc2)c(C(=O)Nc2ccc(Cl)cn2)c1,=,1.4522378122914796,,CHEMBL968699,CHEMBL1138586,Fraction unbound in human plasma at 10 uM after 30 mins,2516654,unknown,human
COc1ccc(NC(=O)c2ccc(C(=N)N(C)C)cc2F)c(C(=O)Nc2ccc(Cl)cn2)c1,=,1.335333388385331,,CHEMBL968699,CHEMBL1138586,Fraction unbound in human plasma at 10 uM after 30 mins,2516656,unknown,human
COc1ccc(Nc2nc(-c3cccc(C(=O)Nc4ccc(C(=O)O)cc4)c3)nc3scnc23)cc1OC,=,-0.7816184514460437,,CHEMBL2350846,CHEMBL2346624,Fraction unbound in human plasma,12717305,unknown,human
COc1ccc(OC)c(-c2cc(=O)[nH]c(=S)n2CC(N)=O)c1,=,1.3076260737879135,,CHEMBL3636525,CHEMBL3632461,Fraction unbound in human plasma by equilibrium dialysis method,15772078,unknown,human
COc1ccc(OC)c(CN(C(=O)C[18F])c2ccccc2Oc2ccccc2)c1,=,-0.929807991579814,,CHEMBL992237,CHEMBL1143326,Fraction unbound in human plasma,2492036,unknown,human
COc1ccc(OCCNCCCF)cc1[C@@H]1c2[nH]c3ccccc3c2C[C@@H](C)N1CC(F)(F)CO,=,0.1154836176471022,,CHEMBL5381572,CHEMBL5380788,Protein binding in human plasma assessed as unbound fraction by equilibrium dialysis assay,25688095,unknown,human
COc1ccc(OCCNCCCF)cc1[C@@H]1c2[nH]c3ccccc3c2C[C@@H](C)N1CC(F)F,=,-0.354174022001789,,CHEMBL5381572,CHEMBL5380788,Protein binding in human plasma assessed as unbound fraction by equilibrium dialysis assay,25688094,unknown,human
COc1ccc(OCCNCCCF)cc1[C@@H]1c2[nH]c3ccccc3c2C[C@@H](C)N1CC1(F)COC1,=,0.4069462030645636,,CHEMBL5381572,CHEMBL5380788,Protein binding in human plasma assessed as unbound fraction by equilibrium dialysis assay,25688091,unknown,human
COc1ccc(S(=O)(=O)Nc2cc(Cl)cc(Cl)c2O[11CH3])cc1N1CCNCC1,=,-0.7505149849490745,,CHEMBL1827719,CHEMBL1821588,Fraction unbound in human plasma by HPLC,6355481,unknown,human
COc1ccc([C@@H](Oc2ccc3c(cnn3-c3ccc(F)cc3)c2)[C@H](C)NC(=O)C2CC2)cn1,=,-1.7041573750573065,,CHEMBL3868168,CHEMBL3867467,Fraction unbound in human plasma at 10 uM,16797704,unknown,human
COc1ccc([C@@H]2Sc3ccccc3N(CCN(C)C)C(=O)[C@@H]2OC(C)=O)cc1,=,0.7024142200886537,,CHEMBL1043580,CHEMBL1156824,Fraction unbound in human plasma,2990735,unknown,human
COc1ccc([C@H](Cc2nnn[nH]2)NC(=O)c2ncnc3[nH]ccc23)cc1,=,-0.7505149849490745,,CHEMBL5442324,CHEMBL5442321,"To determine the human plasma protein binding, the plasma is diluted to 50 % with pH 7.4 phosphate buffer and warmed to 37 C before adding test compounds achieving 5 uM concentration. The dialysis buffer is added to one side of the chamber of the RED device, and the incubation is initiated by the addition of 300 uL of the test compound protein solution to the opposing chamber. The samples are incubated for 4 hours. Equal volumes from the buffer and the plasma chambers are transferred into separate wells. 50 uL of 50 % blank plasma are added to the buffer samples, and 50 uL of buffer are added to the 50 % plasma samples to ensure matrix matching of samples from both the free and bound fractions. Acetonitrile containing internal standard are added to precipitate the protein. The supernatants are analyzed by LC-MS/MS and the results are calculated. The assay has been performed by Concept Life Sciences Ltd.",25749841,unknown,human
COc1ccc([C@]2(C#N)CC[C@@H](C(=O)O)CC2)cc1OC1CCCC1,=,-1.0072963022393624,,CHEMBL1043580,CHEMBL1156824,Fraction unbound in human plasma,2990463,unknown,human
COc1ccc([C@]2(O)CC[C@H](N3CC[C@@H](NC(=O)CNC(=O)c4cccc(C(F)(F)F)c4)C3)CC2)cn1.CS(=O)(=O)O,=,1.2905844754567892,,CHEMBL1953535,CHEMBL1949557,Fraction unbound in human serum at 1 to 10 uM,8037336,unknown,human
COc1ccc([C@]23c4ccccc4C(=O)N2CCN3C(=O)c2cc(F)c(F)c(F)c2)cc1C,=,-0.6186299770217468,,CHEMBL3380866,CHEMBL3351438,Fraction unbound in human plasma,14971494,unknown,human
COc1ccc2[nH]c([S+]([O-])Cc3ncc(C)c(OC)c3C)nc2c1,=,0.0585156666555915,,CHEMBL1043580,CHEMBL1156824,Fraction unbound in human plasma,2990550,unknown,human
COc1ccc2c(C(=O)Nc3ccc(NC(=O)c4nn(C5CCN(C(=O)NC(C)(C)C)CC5)c5ccc(F)cc45)cc3Cl)cnn2c1,=,-1.2111151001447686,,CHEMBL4308767,CHEMBL4304837,Protein binding in human serum assessed as unbound fraction measured up to 5 hrs by LC-MS/MS analysis relative to control,18861443,unknown,human
COc1ccc2c(C)cc(=O)n(CCN3CCC(NCc4cc5c(cn4)OCCO5)CC3)c2c1,=,0.4548566296028772,,CHEMBL1919742,CHEMBL1914454,Fraction unbound in human plasma at 10 uM after 16 hrs by equilibrium dialysis,7940005,unknown,human
COc1ccc2c(C)nc(=O)n(CCN3CCC(NCc4cc5c(cn4)OCCO5)CC3)c2c1,=,1.1038072758825077,,CHEMBL1919742,CHEMBL1914454,Fraction unbound in human plasma at 10 uM after 16 hrs by equilibrium dialysis,7940004,unknown,human
COc1ccc2c(CN3CCC(F)(F)[C@H](CCc4ccc(F)cc4)C3)c[nH]c2c1,=,-0.4550469679249845,,CHEMBL3870262,CHEMBL3868641,Unbound fraction in human plasma by HPLC/MS based equilibrium dialysis method,16807484,unknown,human
COc1ccc2c(CN3CCC(F)(F)[C@H](CCc4cccc(F)c4)C3)c[nH]c2c1,=,-1.3557268386483343,,CHEMBL3870262,CHEMBL3868641,Unbound fraction in human plasma by HPLC/MS based equilibrium dialysis method,16807486,unknown,human
COc1ccc2c(CN3CCO[C@H](COc4ccccc4)C3)c[nH]c2c1,=,-0.0928435423790931,,CHEMBL3796314,CHEMBL3792377,Fraction unbound in human plasma by equilibrium dialysis method,16546775,unknown,human
COc1ccc2c(Oc3ccc(CC(=O)Nc4cn(C)nc4C)c(OC)c3)ccnc2c1.O=S(=O)(O)O,=,-0.8034775043339566,,CHEMBL2026453,CHEMBL2021798,Fraction unbound in human plasma,10868334,unknown,human
COc1ccc2c(Oc3ccc(CP(=O)(O)O)cc3)ccnc2n1,=,0.0274122001586224,,CHEMBL6128631,CHEMBL6127053,Plasma protein binding in human assessed as unbound fraction,29233117,unknown,human
COc1ccc2c(c1)C(=O)N(CCc1ccc(S(=O)(=O)NC(=O)NC3CCCCC3)cc1)C(=O)C2(C)C,=,-3.593160904016062,,CHEMBL4702833,CHEMBL4699523,Fraction unbound in human plasma,22763452,unknown,human
COc1ccc2c(c1)C=C1Cn3c-2c(C2CCCCC2)c2ccc(cc23)C(=O)NS(=O)(=O)N(C)CCOCCN(C)C1=O,=,-1.3557268386483343,,CHEMBL3131841,CHEMBL3124872,Fraction unbound in human plasma,13949872,unknown,human
COc1ccc2c(c1)CCN(C(=O)C1CCN(c3c(C#N)cnc4ccc(F)cc34)CC1)C2,=,-0.7026045584107611,,CHEMBL4046920,CHEMBL4043207,Fraction unbound in human plasma,18216451,unknown,human
COc1ccc2c(c1)C[C@@H](C)N(CC(C)C)[C@@H]2c1ccc(/C=C/C(=O)O)cc1,=,-0.4020844485401025,,CHEMBL3776156,CHEMBL3774369,Percentage unbound in human plasma by equilibrium dialysis method,16505145,unknown,human
COc1ccc2c(c1)N(CCN1CCC(NCc3cc4c(cn3)OCCO4)CC1)C(=O)CO2,=,0.7024142200886537,,CHEMBL1919742,CHEMBL1914454,Fraction unbound in human plasma at 10 uM after 16 hrs by equilibrium dialysis,7940014,unknown,human
COc1ccc2c(c1)N(CCN1CCC(NCc3cc4c(cn3)OCCO4)CC1)C(=O)CS2,=,0.3539836836796816,,CHEMBL1919742,CHEMBL1914454,Fraction unbound in human plasma at 10 uM after 16 hrs by equilibrium dialysis,7940009,unknown,human
COc1ccc2c(c1)N(CCN1CCC(NCc3ccc4c(n3)NC(=O)CO4)CC1)C(=O)CC2,=,-0.0536539121311303,,CHEMBL1919742,CHEMBL1914454,Fraction unbound in human plasma at 10 uM after 16 hrs by equilibrium dialysis,7940008,unknown,human
COc1ccc2c(c1)N(CCN1CCC(NCc3ccc4c(n3)NC(=O)CO4)CC1)C(=O)CO2,=,0.4548566296028772,,CHEMBL1919742,CHEMBL1914454,Fraction unbound in human plasma at 10 uM after 16 hrs by equilibrium dialysis,7940013,unknown,human
COc1ccc2c(c1)N(CCN1CCC(NCc3ccc4c(n3)NC(=O)CO4)CC1)C(=O)OC2,=,0.8872617474008635,,CHEMBL1919742,CHEMBL1914454,Fraction unbound in human plasma at 10 uM after 16 hrs by equilibrium dialysis,7940007,unknown,human
COc1ccc2c(c1)c(CC(=O)O)c(C)n2C(=O)c1ccc(Cl)cc1,=,-0.7505149849490745,,CHEMBL1043580,CHEMBL1156824,Fraction unbound in human plasma,2990481,unknown,human
COc1ccc2c(c1)c(CC(=O)O)c(C)n2C(=O)c1ccc(Cl)cc1,=,0.4069462030645636,,CHEMBL3528936,CHEMBL3526069,Fraction unbound in human plasma by ultracentrifugation method,15461477,unknown,human
COc1ccc2c(c1)c(CC(=O)O)c(C)n2C(=O)c1ccc(Cl)cc1,=,-0.7505149849490745,,CHEMBL3591348,CHEMBL3588773,Unbound fraction in human plasma,15644221,unknown,human
COc1ccc2cc([C@H](C)C(=O)O)ccc2c1,=,-4.127077695913362,,CHEMBL4702833,CHEMBL4699523,Fraction unbound in human plasma,22763443,unknown,human
COc1ccc2ccc(=O)n(CCN3CCC(NCc4cc5c(cn4)OCCO5)CC3)c2c1,=,0.9756782929543744,,CHEMBL1919742,CHEMBL1914454,Fraction unbound in human plasma at 10 uM after 16 hrs by equilibrium dialysis,7940006,unknown,human
COc1ccc2ccc(=O)n(CCN3CCC(NCc4cc5c(cn4)OCCO5)CC3)c2n1,=,0.9756782929543744,,CHEMBL1919742,CHEMBL1914454,Fraction unbound in human plasma at 10 uM after 16 hrs by equilibrium dialysis,7939999,unknown,human
COc1ccc2ccc(=O)n(C[C@H](N)[C@H]3CC[C@H](NCc4ncc5c(n4)NC(=O)CO5)CC3)c2c1,=,1.3922447026794724,,CHEMBL3361751,CHEMBL3352316,Fraction unbound in human plasma by LC/MS-MS analysis,15070948,unknown,human
COc1ccc2ncc(=O)n(CC(N)C3(F)CCC(NCc4ccc5c(n4)NC(=O)CO5)CC3)c2c1,=,1.3705429581974662,,CHEMBL3361751,CHEMBL3352316,Fraction unbound in human plasma by LC/MS-MS analysis,15070956,unknown,human
COc1ccc2ncc(=O)n(CCN3CCC(NCc4cc5c(cn4)OCCO5)CC3)c2c1,=,1.2818420115008826,,CHEMBL1919742,CHEMBL1914454,Fraction unbound in human plasma at 10 uM after 16 hrs by equilibrium dialysis,7940003,unknown,human
COc1ccc2ncc(=O)n(CCN3CCC(NCc4cc5c(cn4)OCCO5)CC3)c2n1,=,1.1848733881722604,,CHEMBL1919742,CHEMBL1914454,Fraction unbound in human plasma at 10 uM after 16 hrs by equilibrium dialysis,7940002,unknown,human
COc1ccc2ncc(=O)n(CCN3CCC(NCc4ccc5c(n4)NC(=O)CO5)CC3)c2c1,=,0.8872617474008635,,CHEMBL2167863,CHEMBL2163267,Fraction unbound in human plasma at 10 uM by equilibrium dialysis method,12084175,unknown,human
COc1ccc2ncc(=O)n(CCN3CCC(NCc4ccc5c(n4)NC(=O)CO5)CC3)c2c1,=,0.8872617474008635,,CHEMBL3361751,CHEMBL3352316,Fraction unbound in human plasma by LC/MS-MS analysis,15071011,unknown,human
COc1ccc2ncc(=O)n(CCN3CC[C@@H](NCc4cc5c(cn4)OCCO5)[C@@H](O)C3)c2c1,=,0.5760837328427963,,CHEMBL2167863,CHEMBL2163267,Fraction unbound in human plasma at 10 uM by equilibrium dialysis method,12084161,unknown,human
COc1ccc2ncc(=O)n(CCN3CC[C@@H](NCc4cc5c(cn4)OCCO5)[C@@H](OC)C3)c2c1,=,1.0071059639172557,,CHEMBL2167863,CHEMBL2163267,Fraction unbound in human plasma at 10 uM by equilibrium dialysis method,12084155,unknown,human
COc1ccc2ncc(=O)n(CCN3CC[C@@H](NCc4cc5c(cn4)OCCO5)[C@H](O)C3)c2c1,=,0.7024142200886537,,CHEMBL2167863,CHEMBL2163267,Fraction unbound in human plasma at 10 uM by equilibrium dialysis method,12084158,unknown,human
COc1ccc2ncc(=O)n(CCN3CC[C@@H](NCc4ccc5c(n4)NC(=O)CO5)[C@@H](F)C3)c2c1,=,0.8675463182602577,,CHEMBL2167863,CHEMBL2163267,Fraction unbound in human plasma at 10 uM by equilibrium dialysis method,12084170,unknown,human
COc1ccc2ncc(=O)n(CCN3CC[C@@H](NCc4ccc5c(n4)NC(=O)CO5)[C@@H](O)C3)c2c1,=,0.0585156666555915,,CHEMBL2167863,CHEMBL2163267,Fraction unbound in human plasma at 10 uM by equilibrium dialysis method,12084159,unknown,human
COc1ccc2ncc(=O)n(CCN3CC[C@@H](NCc4ccc5c(n4)NC(=O)CO5)[C@@H](OC)C3)c2c1,=,0.9245142692517684,,CHEMBL2167863,CHEMBL2163267,Fraction unbound in human plasma at 10 uM by equilibrium dialysis method,12084154,unknown,human
COc1ccc2ncc(=O)n(CCN3CC[C@@H](NCc4ccc5c(n4)NC(=O)CO5)[C@H](OC)C3)c2c1,=,0.7024142200886537,,CHEMBL2167863,CHEMBL2163267,Fraction unbound in human plasma at 10 uM by equilibrium dialysis method,12084150,unknown,human
COc1ccc2ncc(=O)n(CCN3CC[C@H](NCc4cc5c(cn4)OCCO5)[C@@H](F)C3)c2c1,=,0.3539836836796816,,CHEMBL2167863,CHEMBL2163267,Fraction unbound in human plasma at 10 uM by equilibrium dialysis method,12084168,unknown,human
COc1ccc2ncc(=O)n(CCN3CC[C@H](NCc4cc5c(cn4)OCCO5)[C@@H](OC)C3)c2c1,=,0.4548566296028772,,CHEMBL2167863,CHEMBL2163267,Fraction unbound in human plasma at 10 uM by equilibrium dialysis method,12084151,unknown,human
COc1ccc2ncc(=O)n(CCN3CC[C@H](NCc4cc5c(cn4)OCCO5)[C@H](O)C3)c2c1,=,0.7295926771865047,,CHEMBL2167863,CHEMBL2163267,Fraction unbound in human plasma at 10 uM by equilibrium dialysis method,12084162,unknown,human
COc1ccc2ncc(=O)n(CCN3CC[C@H](NCc4ccc5c(n4)NC(=O)CO5)[C@@H](F)C3)c2c1,=,-0.0536539121311303,,CHEMBL2167863,CHEMBL2163267,Fraction unbound in human plasma at 10 uM by equilibrium dialysis method,12084167,unknown,human
COc1ccc2ncc(=O)n(CCN3CC[C@H](NCc4ccc5c(n4)NC(=O)CO5)[C@H](O)C3)c2c1,=,0.5760837328427963,,CHEMBL2167863,CHEMBL2163267,Fraction unbound in human plasma at 10 uM by equilibrium dialysis method,12084160,unknown,human
COc1ccc2ncc(=O)n(C[C@H](N)[C@H]3CC[C@H](NCc4ccc5c(n4)NC(=O)CO5)CC3)c2c1,=,1.3851143844474625,,CHEMBL3361751,CHEMBL3352316,Fraction unbound in human plasma by LC/MS-MS analysis,15071025,unknown,human
COc1ccc2ncc(=O)n(C[C@H](N)[C@H]3CC[C@H](NCc4ncc5c(n4)NC(=O)CO5)CC3)c2c1,=,1.3076260737879135,,CHEMBL3361751,CHEMBL3352316,Fraction unbound in human plasma by LC/MS-MS analysis,15071017,unknown,human
COc1ccc2ncc(F)c(CCN3CCC(NCc4cc5c(cn4)OCCO5)CC3)c2n1,=,0.6736818853795221,,CHEMBL1919742,CHEMBL1914454,Fraction unbound in human plasma at 10 uM after 16 hrs by equilibrium dialysis,7940016,unknown,human
COc1ccc2ncc(F)c(CCN3CCC(NCc4ccc5c(n4)NC(=O)CO5)CC3)c2n1,=,0.1501648857742756,,CHEMBL1919742,CHEMBL1914454,Fraction unbound in human plasma at 10 uM after 16 hrs by equilibrium dialysis,7940015,unknown,human
COc1ccc2ncc(F)c(CC[C@@]3(O)CO[C@@H]4[C@@H](NCc5cc6c(cn5)OCCO6)CO[C@@H]43)c2n1,=,0.5688508165888013,,CHEMBL4769935,CHEMBL4765317,Protein binding in human plasma assessed as unbound fraction at 10 uM incubated for 4 hrs by LC-MS analysis,22967612,unknown,human
COc1ccc2ncc(F)c([C@@H](O)CC[C@@H]3CCN(C4CC(c5cc(F)ccc5F)C4)C[C@@H]3C(=O)O)c2c1,=,0.0972023663893936,,CHEMBL4036610,CHEMBL4033742,Fraction unbound in human plasma,18166406,unknown,human
COc1ccc2ncc(F)c([C@@H](O)CC[C@@H]3CCN(C4CC(c5cc(F)ccc5F)C4)C[C@@H]3C(=O)O)c2n1,=,-0.1066164315160123,,CHEMBL4036610,CHEMBL4033742,Fraction unbound in human plasma,18166407,unknown,human
COc1ccc2ncc(F)c([C@@H](O)CC[C@@H]3CCN(C4CC(c5ccccc5)C4)C[C@@H]3C(=O)O)c2c1,=,0.5069043552740142,,CHEMBL4036610,CHEMBL4033742,Fraction unbound in human plasma,18166405,unknown,human
COc1ccc2nccc([C@@H](O)CC[C@@H]3CCN(C4CC(c5ccccc5)C4)C[C@@H]3C(=O)O)c2c1,=,0.2884535345291861,,CHEMBL4036610,CHEMBL4033742,Fraction unbound in human plasma,18166404,unknown,human
COc1ccc2nnc(=O)n(CCN3CCC(NCc4ccc5c(n4)NC(=O)CO5)CC3)c2c1,=,1.1517177024208214,,CHEMBL1919742,CHEMBL1914454,Fraction unbound in human plasma at 10 uM after 16 hrs by equilibrium dialysis,7939997,unknown,human
COc1cccc(-n2cc3nc(-c4cccnc4C)n(C[C@H]4CCCN(C(C)C)C4)c(=O)c3n2)c1,=,1.3321518650625803,,CHEMBL3227227,CHEMBL3217433,Fraction unbound in human plasma after 18 to 19 hrs by equilibrium dialysis,14551266,unknown,human
COc1cccc(-n2cc3nc(-c4cccnc4C)n(C[C@H]4CCCN(C[C@H]5CCCO5)C4)c(=O)c3n2)c1,=,0.9591955373789416,,CHEMBL3227227,CHEMBL3217433,Fraction unbound in human plasma after 18 to 19 hrs by equilibrium dialysis,14551272,unknown,human
COc1cccc(C(=O)NCC(=O)N[C@@H](C)c2ccccc2)c1,=,0.5760837328427963,,CHEMBL3637285,CHEMBL3632607,Fraction unbound in human plasma at 0.1 to 10 uM after 6 hrs by LC-MS/MS analysis,15773226,unknown,human
COc1cccc(C2(O)CCCCC2CN(C)C)c1,=,1.4522378122914796,,CHEMBL1043580,CHEMBL1156824,Fraction unbound in human plasma,2994650,unknown,human
COc1cccc(C2=NC(C(F)(F)F)(C(F)(F)F)c3c(n(-c4ccc(Cl)cc4)c(=O)[nH]c3=O)N2)c1,=,-1.3557268386483343,,CHEMBL3993861,CHEMBL3992536,Fraction unbound in human plasma at 5 uM after 4 hrs by LC-MS/MS based equilibrium dialysis method,17957078,unknown,human
COc1cccc(CCN2CCN(c3ccccc3-c3cc(C#N)cc(C(=O)NCCCN4CCCC4)c3)CC2)c1,=,0.2487477183652802,,CHEMBL4681719,CHEMBL4680102,Unbound fraction in human plasma by equilibrium dialysis,22454185,unknown,human
COc1cccc(CCN2CCN(c3ccccc3-c3cc(C(=O)NCCCN4CCCC4)ccn3)CC2)c1,=,1.1162197338589677,,CHEMBL4681719,CHEMBL4680102,Unbound fraction in human plasma by equilibrium dialysis,22454188,unknown,human
COc1cccc(CCN2CCN(c3ccccc3-c3cccc(C(=O)NCCCN4CCCC4)c3)CC2)c1,=,0.4069462030645636,,CHEMBL4681719,CHEMBL4680102,Unbound fraction in human plasma by equilibrium dialysis,22454179,unknown,human
COc1cccc(CNC2CCN(c3ccccc3-c3cncc(C(=O)NCCCN4CCCC4)c3)CC2)c1,=,0.5760837328427963,,CHEMBL4681719,CHEMBL4680102,Unbound fraction in human plasma by equilibrium dialysis,22454196,unknown,human
COc1cccc(CNc2nccn(-c3cc(C(=O)NC4CC4)ccc3C)c2=O)c1,=,0.2947766242778414,,CHEMBL4727217,CHEMBL4725297,Protein binding in human plasma assessed as free fraction,22881509,unknown,human
COc1cccc(F)c1CNc1ccc(-c2cnc(C)nc2C)c2nncn12,=,0.5388312109918915,,CHEMBL5163321,CHEMBL5154826,Plasma protein binding in human assessed as unbound fraction at 1 uM measured after 6 hrs LC-MS/MS analysis,24910657,unknown,human
COc1cccc(Nc2c(C(N)=O)cnc3c(C)cc(S(=O)(=O)c4cccc(C(=O)N(C)C)c4)cc23)c1,=,-0.5466961870436686,,CHEMBL3292530,CHEMBL3286180,Fraction unbound in human plasma,14740951,unknown,human
COc1cccc2c1C(=O)c1c(O)c3c(c(O)c1C2=O)C[C@@](O)(C(=O)CO)C[C@@H]3O[C@H]1C[C@H](N)[C@H](O)[C@H](C)O1,=,0.9245142692517684,,CHEMBL1043580,CHEMBL1156824,Fraction unbound in human plasma,2991899,unknown,human
COc1cccc2c3c([nH]c12)CCN(C(=O)[C@@H]1CCCC[C@H]1C(=O)NC1(C#N)CC1)C3,=,0.6736818853795221,,CHEMBL2168924,CHEMBL2163205,Fraction unbound in human serum,12092101,unknown,human
COc1ccccc1-c1nccc(COc2ccccc2C[C@@H](Oc2ncnc3sc(-c4ccc(F)cc4)c(-c4ccc(OCCN5CCN(C)CC5)c(Cl)c4C)c23)C(=O)O)n1,=,-2.256406709371685,,CHEMBL4677160,CHEMBL4673269,Plasma protein binding in human assessed as unbound fraction,22433784,unknown,human
COc1ccccc1C(=O)Nc1cccc(-c2nncn2C(C)C)n1,=,-0.2512281700195782,,CHEMBL4324216,CHEMBL4321844,Unbound fraction in human plasma at 1 uM incubated for 4 hrs by rapid equilibrium dialysis method,18924410,unknown,human
COc1ccccc1C(=O)Nc1cccc(-c2nncn2C)n1,=,0.3132822357298443,,CHEMBL4324216,CHEMBL4321844,Unbound fraction in human plasma at 1 uM incubated for 4 hrs by rapid equilibrium dialysis method,18924413,unknown,human
COc1ccccc1CNc1nccn(-c2cc(C(=O)NC3CC3)ccc2C)c1=O,=,0.4985954221832476,,CHEMBL4727217,CHEMBL4725297,Protein binding in human plasma assessed as free fraction,22881508,unknown,human
COc1ccccc1N1CCN(c2nc3c(c(=O)[nH]2)CCCC3)CC1,=,-0.0172998337847618,,CHEMBL4388130,CHEMBL4387706,Protein binding in human serum assessed as unbound fraction at 1 uM measured after 24 hrs by LC-MS/MS analysis,19185342,unknown,human
COc1ccccc1NS(=O)(=O)c1ccc(NC(=O)c2ccccn2)cc1OC,=,-1.3557268386483343,,CHEMBL1228197,CHEMBL1221266,Fraction unbound in human plasma,3424990,unknown,human
COc1ccccc1OCCCC1CCOCC1,=,0.4338600226164384,,CHEMBL5135938,CHEMBL5131521,Plasma protein binding in human assessed as free fraction at 1 mM by equilibrium dialysis assay,24807260,unknown,human
COc1ccccc1OCCCN1CCOCC1,=,1.2845684724261366,,CHEMBL5135938,CHEMBL5131521,Plasma protein binding in human assessed as free fraction at 1 mM by equilibrium dialysis assay,24807263,unknown,human
COc1ccccc1OCCNCC(O)COc1cccc2[nH]c3ccccc3c12,=,-0.4020844485401025,,CHEMBL1043580,CHEMBL1156824,Fraction unbound in human plasma,2990500,unknown,human
COc1ccccc1OCCOC1CCOCC1,=,1.258373379410744,,CHEMBL5135938,CHEMBL5131521,Plasma protein binding in human assessed as free fraction at 1 mM by equilibrium dialysis assay,24807261,unknown,human
COc1ccccc1OCCON1CCOCC1,=,1.3277441293072505,,CHEMBL5135938,CHEMBL5131521,Plasma protein binding in human assessed as free fraction at 1 mM by equilibrium dialysis assay,24807262,unknown,human
COc1ccccc1Oc1c(NS(=O)(=O)c2ccc(C(C)(C)C)cc2)nc(-c2ncccn2)nc1OCCO,=,-2.5389720889490035,,CHEMBL4702833,CHEMBL4699523,Fraction unbound in human plasma,22763445,unknown,human
COc1ccccc1[C@H](Cn1c(=O)n(C(C)(C)C(=O)O)c(=O)c2c(C)c(-c3ncco3)sc21)OC1CCOCC1,=,-2.7928223250077324,,CHEMBL4702833,CHEMBL4699523,Fraction unbound in human plasma,22763472,unknown,human
COc1cccn2nc(N[C@@H]3[C@@H]4CC[C@H]3CN(c3nc(C)ns3)C4)nc12,=,0.4985954221832476,,CHEMBL4622176,CHEMBL4619803,Fraction unbound in human plasma,20678263,unknown,human
COc1ccnc(-c2nc(N3CC[C@@H](NC(=O)c4[nH]c(C)c(Cl)c4Cl)[C@@H](OC)C3)sc2C(=O)O)n1,=,-0.1066164315160123,,CHEMBL3366713,CHEMBL3352173,Percentage unbound in human plasma,15001770,unknown,human
COc1ccnc(C[S+]([O-])c2nc3cc(OC(F)F)ccc3[nH]2)c1OC,=,1.0780232135954766,,CHEMBL1043580,CHEMBL1156824,Fraction unbound in human plasma,2992009,unknown,human
COc1ccsc1C1CNCCO1,=,1.4177809043586005,,CHEMBL6113086,CHEMBL6109139,Plasma protein binding in human assessed as unbound fraction by LC-MS/MS analysis,29182635,unknown,human
COc1ccsc1CNCC[C@@]1(c2ccccn2)CCOC2(CCCC2)C1,=,0.8032871660118494,,CHEMBL5043383,CHEMBL5042488,Plasma protein binding in human plasma assessed as unbound fraction,24399148,unknown,human
COc1cn([C@@H](C[C@@H]2CCCCO2)C(=O)Nc2ccc(C(=O)O)cc2)c(=O)cc1-c1cc(Cl)ccc1C#N,=,0.0782310957961973,,CHEMBL5367478,CHEMBL5365459,Protein binding in human plasma assessed as unbound fraction incubated for 6 hrs by equilibrium dialysis based LC-MS/MS analysis,25638005,unknown,human
COc1cnc(-n2cnc(C)n2)c2[nH]cc(C(=O)C(=O)N3CCN(C(=O)c4ccccc4)CC3)c12,=,0.7161871092255732,,CHEMBL4010381,CHEMBL4007461,Unbound fraction in human plasma at 5 uM by LC-MS/MS based equilibrium dialysis,18044654,unknown,human
COc1cnc(-n2cnc(C)n2)c2[nH]cc(C(=O)C(=O)N3CCN(C(=O)c4ccccc4)CC3)c12,=,0.5426831762541832,,CHEMBL4721720,CHEMBL4715822,Protein binding in human plasma assessed as unbound fraction at 5 uM by LC-MS/MS analysis,22845409,unknown,human
COc1cnc(C(=O)Nc2ccc(F)c([C@@]3(C)N=C(N)CO[C@@H]3F)c2)cn1,=,1.3076260737879135,,CHEMBL3635183,CHEMBL3632560,Fraction unbound in human plasma at 5 uM after 4.5 hrs by HPLC-MS/MS analysis,15769563,unknown,human
COc1cnc(C(=O)Nc2ccc(F)c([C@]3(C)COCC(N)=N3)c2)cn1,=,1.2729448056607404,,CHEMBL3635183,CHEMBL3632560,Fraction unbound in human plasma at 5 uM after 4.5 hrs by HPLC-MS/MS analysis,15769562,unknown,human
COc1cnc(C(=O)Nc2ccc(F)c([C@]3(C)CS(=O)(=O)C(C)(C)C(N)=N3)c2)cn1,=,1.2259312196939005,,CHEMBL5133262,CHEMBL5131410,Free drug concentration in human plasma,24794210,unknown,human
COc1cnc(C(=O)Nc2ccc(F)c([C@]3(C)Cn4nc(C#N)cc4C(N)=N3)c2)cn1,=,0.9245142692517684,,CHEMBL5041735,CHEMBL5038653,Free drug concentration in human plasma measured after 4.5 hrs by HPLC-MS/MS method,24393659,unknown,human
COc1cnc(C(=O)Nc2ccc(F)c([C@]34CN(c5ncc(F)cn5)C[C@H]3CSC(N)=N4)c2)cn1,=,0.0878062235286654,,CHEMBL5034206,CHEMBL5033995,Unbound fraction in human plasma,24359671,unknown,human
COc1cnc(NC(=O)N[C@@H]2CCCN(c3ccc(-c4ccccc4NS(C)(=O)=O)cc3)C2=O)c(F)c1,=,0.4985954221832476,,CHEMBL5611661,CHEMBL5608253,Protein binding in human plasma assessed as free fraction,26117646,unknown,human
COc1cnc2c(C(=O)NCCO)cn(Cc3ncnc(N(C)C)c3C)c2c1,=,0.9591955373789416,,CHEMBL3292124,CHEMBL3286390,Unbound fraction in human plasma,14720414,unknown,human
COc1cnc2c(C(=O)NCCO)cn(Cc3ncnc(OC)c3C)c2c1,=,0.6736818853795221,,CHEMBL3292124,CHEMBL3286390,Unbound fraction in human plasma,14720413,unknown,human
COc1cnc2ccc(=O)n(C[C@H](N)[C@H]3CC[C@H](NCc4ccc5c(n4)NC(=O)CO5)CC3)c2c1,=,1.4395110817152417,,CHEMBL3361751,CHEMBL3352316,Fraction unbound in human plasma by LC/MS-MS analysis,15071094,unknown,human
COc1cnc2ccn([C@H](C)c3nnc4c(F)cc(-c5cnn(C)c5)cn34)c(=O)c2c1,=,0.9740541267369884,,CHEMBL3788771,CHEMBL3784965,Fraction unbound in human plasma at 5 ug/ml by equilibrium dialysis method,16526390,unknown,human
COc1cnc2ccn([C@H](C)c3nnc4ccc(-c5cnn(C)c5)cn34)c(=O)c2c1,=,0.9351721739391772,,CHEMBL3788771,CHEMBL3784965,Fraction unbound in human plasma at 5 ug/ml by equilibrium dialysis method,16526391,unknown,human
COc1cncc(-c2cccc(-c3cn4ccc(OC)c(C(N)=O)c4n3)c2)c1,=,-0.4020844485401025,,CHEMBL2415783,CHEMBL2413009,Fraction unbound in human plasma after 5 hrs by rapid equilibrium dialysis method,13406824,unknown,human
COc1nc(-c2cc(-c3cnn(C)c3)cnc2N)cc2c1C(=O)N(CC(F)(F)F)CC2,=,0.0585156666555915,,CHEMBL6111934,CHEMBL6109120,Plasma protein binding in human assessed as unbound fraction at 2 uM measured after 4 hrs LC-MS/MS analysis,29179510,unknown,human
COc1nc(-c2nc(Nc3cc(C(F)(F)F)ccc3F)n(C)n2)ccc1-n1cnc(C)c1,=,-0.4020844485401025,,CHEMBL3382694,CHEMBL3351481,Unbound fraction in human plasma,14992464,unknown,human
COc1nc(-c2nc3n(n2)CCC[C@H]3c2ccccc2C(F)(F)F)ccc1-n1cnc(C)c1,=,0.3252513489705502,,CHEMBL2417286,CHEMBL2413065,Fraction unbound in human plasma,13412149,unknown,human
COc1nc(C)nc(Cl)c1NC1=NCCN1,=,1.5279276272687528,,CHEMBL1043580,CHEMBL1156824,Fraction unbound in human plasma,2994949,unknown,human
COc1nc(C)sc1C(=O)N[C@H]1C2CC3CC1C[C@](O)(C3)C2,=,1.2638872812075437,,CHEMBL3130509,CHEMBL3124933,Fraction unbound in human plasma by equilibrium dialysis method,13960366,unknown,human
COc1nc(N(CC(C)(C)F)c2cc(Cl)c(F)cc2F)cnc1C(=O)[C@H]1C[C@@H]1C(=O)O,=,-0.1066164315160123,,CHEMBL4378175,CHEMBL4376816,Fraction unbound in human plasma by equilibrium dialysis based LC-MS analysis,19145309,unknown,human
COc1nc(N(CC(C)(C)F)c2cc(Cl)c(F)cc2F)cnc1C(=O)[C@H]1C[C@@H]1C(=O)O,=,-0.331829054134549,,CHEMBL6158608,CHEMBL6153142,Protein binding in human plasma assessed as free fraction,29287705,unknown,human
COc1nc(Nc2cccc3c2nc(-c2ccc(F)cc2)n3C)ccc1-n1cnc(C)c1,=,-1.7760911650353848,,CHEMBL2186741,CHEMBL2176900,Fraction unbound in human plasma,12147435,unknown,human
COc1nc(Nc2cccc3c2nc(-c2ccc(F)cc2)n3C)ccc1-n1cnc(C)c1,=,-1.7760911650353848,,CHEMBL3382694,CHEMBL3351481,Unbound fraction in human plasma,14992463,unknown,human
COc1ncc(-n2c(C(=O)N3CC(F)C3)cc3cccnc32)cc1Cl,=,0.0483601898030849,,CHEMBL4730658,CHEMBL4725427,Protein binding in human plasma assessed as unbound fraction,22896901,unknown,human
COc1ncc(C(=O)N2CCN(C(=O)/C=C/c3ccc4c(c3)OC(F)(F)O4)CC2)cn1,=,0.7940634392073378,,CHEMBL5378362,CHEMBL5375977,Plasma protein binding in human assessed as unbound fraction,25676017,unknown,human
COc1ncc2ccc(=O)n(CCN3CCC(NCc4cc5c(cn4)OCCO5)CC3)c2n1,=,0.90623301799406,,CHEMBL1919742,CHEMBL1914454,Fraction unbound in human plasma at 10 uM after 16 hrs by equilibrium dialysis,7940001,unknown,human
COc1ncc2ncc(=O)n(CCN3CCC(NCc4cc5c(cn4)OCCO5)CC3)c2n1,=,1.5438870314101638,,CHEMBL1919742,CHEMBL1914454,Fraction unbound in human plasma at 10 uM after 16 hrs by equilibrium dialysis,7940000,unknown,human
COc1ncnc(Cn2cc(C(=O)NCC(F)F)c3ncc(C)cc32)c1C,=,0.0585156666555915,,CHEMBL3292124,CHEMBL3286390,Unbound fraction in human plasma,14720410,unknown,human
COc1ncnc(Cn2cc(C(=O)NCC3CC3)c3ncccc32)c1C,=,0.0585156666555915,,CHEMBL3112298,CHEMBL3108774,Unbound fraction in human plasma,13894116,unknown,human
COc1ncnc(Cn2cc(C(=O)NCCF)c3ncc(C)cc32)c1C,=,0.0585156666555915,,CHEMBL3112298,CHEMBL3108774,Unbound fraction in human plasma,13894115,unknown,human
COc1ncnc(Cn2cc(C(=O)NCCF)c3ncc(C)cc32)c1C,=,0.2276531964338244,,CHEMBL3292124,CHEMBL3286390,Unbound fraction in human plasma,14720408,unknown,human
COc1ncnc(Cn2cc(C(=O)NCCF)c3ncccc32)c1C,=,0.396790726212057,,CHEMBL3112298,CHEMBL3108774,Unbound fraction in human plasma,13894117,unknown,human
COc1ncnc(Cn2cc(C(=O)NCCO)c3ncc(C)cc32)c1C,=,0.8032871660118494,,CHEMBL3112298,CHEMBL3108774,Unbound fraction in human plasma,13894114,unknown,human
COc1ncnc(Cn2cc(C(=O)NCCO)c3ncc(C)cc32)c1C,=,0.8032871660118494,,CHEMBL3292124,CHEMBL3286390,Unbound fraction in human plasma,14720409,unknown,human
COc1ncnc(Cn2cc(C(=O)NCCO)c3ncc(C)cc32)c1C,=,0.8032871660118494,,CHEMBL4364026,CHEMBL4359928,Protein binding in human plasma assessed as free fraction,19082531,unknown,human
COc1ncnc(Cn2cnc3c(C(=O)NCCF)cccc32)c1C,=,0.9916376970957856,,CHEMBL4364026,CHEMBL4359928,Protein binding in human plasma assessed as free fraction,19082532,unknown,human
COc1ncnn1-c1noc2c(F)c3c(cc12)CC1(C(=O)NC(=O)NC1=O)[C@H]1[C@H](C)O[C@H](C)CN31,=,0.5760837328427963,,CHEMBL4730283,CHEMBL4725408,Protein binding in human plasma assessed as unbound fraction at 10 uM measured after 16 hrs by LC-MS/MS based equilibrium dialysis method,22894950,unknown,human
COc1nn(-c2cncc(N(C)C)c2)cc1C(=O)Nc1cccc(-c2nncn2C(C)C)n1,=,1.2159768546692298,,CHEMBL4605634,CHEMBL4602708,Unbound fraction in human plasma,20608925,unknown,human
COc1nn(C)cc1C(=O)N[S@@]1(=O)=NC(=O)c2ccc3c(c2)N(C[C@@H]2CCO[C@H]2[C@@H](OC)/C(F)=C/C[C@H](C)C1)C[C@@]1(CCCc2cc(Cl)ccc21)CO3,=,-2.256406709371685,,CHEMBL5385422,CHEMBL5380869,Fraction unbound in human plasma at 5 uM incubated for 4.5 hrs by rapid equilibrium dialysis,25702864,unknown,human
COc1nn(C)cc1C(=O)N[S@@]1(=O)=NC(=O)c2ccc3c(c2)N(C[C@@H]2CCO[C@H]2[C@@](CN2CCN4CCOC[C@@H]4C2)(OC)/C(F)=C/C[C@H](C)C1)C[C@@]1(CCCc2cc(Cl)ccc21)CO3,=,-1.8600657464243997,,CHEMBL5385422,CHEMBL5380869,Fraction unbound in human plasma at 5 uM incubated for 4.5 hrs by rapid equilibrium dialysis,25702866,unknown,human
COc1nn(C)cc1C(=O)N[S@@]1(=O)=NC(=O)c2ccc3c(c2)N(C[C@@H]2CCO[C@H]2[C@](CN2CCN4CCOC[C@@H]4C2)(OC)/C(F)=C/C[C@H](C)C1)C[C@@]1(CCCc2cc(Cl)ccc21)CO3,=,-1.816326953844029,,CHEMBL5385422,CHEMBL5380869,Fraction unbound in human plasma at 5 uM incubated for 4.5 hrs by rapid equilibrium dialysis,25702867,unknown,human
COc1nn(C)cc1C(=O)N[S@@]1(=O)=NC(=O)c2ccc3c(c2)N(C[C@@H]2CC[C@H]2[C@@H](OC)/C=C/C[C@H](C)C1)C[C@@]1(CCCc2cc(Cl)ccc21)CO3,=,-2.164757490253001,,CHEMBL5385422,CHEMBL5380869,Fraction unbound in human plasma at 5 uM incubated for 4.5 hrs by rapid equilibrium dialysis,25702872,unknown,human
COc1nn2cc(-c3c(CO)n(Cc4ccccc4Cl)c4ccc(OC(F)(F)F)cc34)nc2s1,=,-1.2111151001447686,,CHEMBL4479533,CHEMBL4477245,Unbound protein binding in human plasma at 5 uM after 4 hrs by LC/MS/MS analysis,19476022,unknown,human
COc1nn2cc(-c3ccc(C(F)(F)F)cc3)nc2s1,=,-1.0072963022393624,,CHEMBL3863820,CHEMBL3862030,Fraction unbound in human plasma at 5 uM after 4 hrs by equilibrium dialysis method,16770321,unknown,human
COc1nn2cc(-c3ccc(Cl)cc3)nc2s1,=,-1.0072963022393624,,CHEMBL3863820,CHEMBL3862030,Fraction unbound in human plasma at 5 uM after 4 hrs by equilibrium dialysis method,16770322,unknown,human
COc1nn2cc(-c3ccc(OC(F)(F)F)cc3)nc2s1,=,-1.0072963022393624,,CHEMBL3863820,CHEMBL3862030,Fraction unbound in human plasma at 5 uM after 4 hrs by equilibrium dialysis method,16770323,unknown,human
COc1nnc2ccc(N3CCC(c4ccc(CCN5CCN(C)C(=O)[C@H]5C)cc4)CC3)nn12,=,0.8675463182602577,,CHEMBL4432568,CHEMBL4431353,Unbound fraction in human plasma,19445945,unknown,human
COc1nnc2ccc(N3CCC(c4ccc(N5CC(CN6CCN(C)C(=O)[C@H]6C)C5)cc4)CC3)nn12,=,0.9916376970957856,,CHEMBL4432568,CHEMBL4431353,Unbound fraction in human plasma,19445946,unknown,human
COc1nnc2ccc(N3CCC(c4ccc(OCCN5CCN(C)C(=O)[C@H]5C)cc4)CC3)nn12,=,0.8256321338790893,,CHEMBL4432568,CHEMBL4431353,Unbound fraction in human plasma,19445942,unknown,human
COc1nnc2ccc(N3CCC(c4ccc(OCCN5[C@H](C)CN(C(C)=O)C[C@@H]5C)cc4)CC3)nn12,=,0.7295926771865047,,CHEMBL4432568,CHEMBL4431353,Unbound fraction in human plasma,19445944,unknown,human
COc1nnc2sc(C(=O)NC3CN(c4ncc(C(F)(F)F)cn4)C3)c(N)c2c1C,=,-0.4020844485401025,,CHEMBL4667436,CHEMBL4665653,Fraction unbound in human plasma,22392868,unknown,human
COc1noc2c(F)c3c(cc12)CC1(C(=O)NC(=O)NC1=O)[C@H]1[C@H](C)O[C@H](C)CN31,=,0.3539836836796816,,CHEMBL3389961,CHEMBL3352584,Fraction unbound in human plasma at 10 uM after 16 hrs by LC-MS/MS analysis,15068750,unknown,human
CS(=N)(=O)c1cccc(NC(=O)c2cc(C(F)(F)F)cnc2Oc2ccc(F)cc2Cl)c1,=,0.2487477183652802,,CHEMBL6115344,CHEMBL6114946,Protein binding in human plasma assessed as unbound fraction,29189566,unknown,human
CS(=O)(=O)CCCOc1cccc2c1ccn2-c1ccnc(N[C@H]2CC[C@H](C(=O)N3CCC(O)CC3)CC2)n1,=,0.0585156666555915,,CHEMBL2429159,CHEMBL2424622,Fraction unbound in human plasma,13442467,unknown,human
CS(=O)(=O)CCCn1c(Cn2c(=O)n(CC(F)(F)F)c3ccncc32)cc2cc(Cl)ccc21,=,0.1501648857742756,,CHEMBL4620886,CHEMBL4619758,Protein binding in human plasma assessed as unbound fraction,20672550,unknown,human
CS(=O)(=O)Cc1ccc(-c2ccc(N3CCOc4ncnc(N)c4C3=O)cc2)c(Cl)c1,=,0.7846672963466097,,CHEMBL3222766,CHEMBL3217691,Fraction unbound in human plasma,14536603,unknown,human
CS(=O)(=O)Cc1ccc2ccn(-c3cc(NC4CC4)n4ncc(C#N)c4n3)c2c1,=,-0.4550469679249845,,CHEMBL2065447,CHEMBL2062503,Fraction unbound in human plasma,10975204,unknown,human
CS(=O)(=O)N(CC(=O)NCC1CC1)c1cc(C(F)(F)F)ccc1Cl,=,0.4069462030645636,,CHEMBL2215783,CHEMBL2203047,Fraction unbound in human plasma at 5 uM after 4 hrs by equilibrium dialysis method,12204617,unknown,human
CS(=O)(=O)N(CC(=O)Nc1ccc(F)cn1)c1ccccc1Cl,=,0.3539836836796816,,CHEMBL2215783,CHEMBL2203047,Fraction unbound in human plasma at 5 uM after 4 hrs by equilibrium dialysis method,12204532,unknown,human
CS(=O)(=O)N1CCC(Nc2ncc(C(F)(F)F)c(-c3cnn(-c4ccc(C#N)cc4Cl)c3)n2)CC1,=,-0.6588657658303905,,CHEMBL5529971,CHEMBL5528049,Protein binding in human plasma assessed as free fraction incubated for 2 hrs by LC-MS/MS analysis,25927770,unknown,human
CS(=O)(=O)N1CCC2(CC1)CC(C(=O)N1CCN(C3CCC3)CC1)C2,=,1.363095725586794,,CHEMBL3132254,CHEMBL3124793,Percentage unbound in human plasma,13957309,unknown,human
CS(=O)(=O)NC(=O)/C=C/c1cn(-c2ccc(Cl)cc2)nc1-c1ccncc1,=,-2.8616185630709445,,CHEMBL4844144,CHEMBL4842359,Plasma protein binding in human assessed as unbound fraction at 5 uM by LC-MS/MS analysis,23311454,unknown,human
CS(=O)(=O)NC(=O)C1CC1c1cn(-c2ccc(Cl)cc2)nc1-c1ccncc1,=,-3.065437360976351,,CHEMBL4844144,CHEMBL4842359,Plasma protein binding in human assessed as unbound fraction at 5 uM by LC-MS/MS analysis,23311455,unknown,human
CS(=O)(=O)NC(=O)CCc1cc(-c2ccc(Br)cc2)nn1-c1ccc(Cl)cc1,=,-3.065437360976351,,CHEMBL4844144,CHEMBL4842359,Plasma protein binding in human assessed as unbound fraction at 5 uM by LC-MS/MS analysis,23311458,unknown,human
CS(=O)(=O)NC(=O)CCc1ccccc1,=,0.5310375819000914,,CHEMBL3801196,CHEMBL3797172,Percentage unbound in human plasma at 5 uM after 6 hrs by equilibrium dialysis method,16560844,unknown,human
CS(=O)(=O)NC(=O)CCc1cn(-c2ccc(Br)cc2)nc1-c1ccc(Cl)cc1,=,-3.526037476172045,,CHEMBL4844144,CHEMBL4842359,Plasma protein binding in human assessed as unbound fraction at 5 uM by LC-MS/MS analysis,23311448,unknown,human
CS(=O)(=O)NC(=O)CCc1cn(-c2ccc(Br)cc2)nc1-c1cccnc1,=,-2.669096398029066,,CHEMBL4844144,CHEMBL4842359,Plasma protein binding in human assessed as unbound fraction at 5 uM by LC-MS/MS analysis,23311452,unknown,human
CS(=O)(=O)NC(=O)CCc1cn(-c2ccc(Br)cc2)nc1-c1ccncc1,=,-3.118399880361232,,CHEMBL4844144,CHEMBL4842359,Plasma protein binding in human assessed as unbound fraction at 5 uM by LC-MS/MS analysis,23311451,unknown,human
CS(=O)(=O)NC(=O)CCc1cn(-c2ccc(Br)cc2)nc1C1CCOCC1,=,-2.087269179593452,,CHEMBL4844144,CHEMBL4842359,Plasma protein binding in human assessed as unbound fraction at 5 uM by LC-MS/MS analysis,23311453,unknown,human
CS(=O)(=O)NC(=O)CCc1cn(-c2ccc(C(F)(F)F)nc2)nc1-c1ccc(Cl)cc1,=,-2.421538807543289,,CHEMBL4844144,CHEMBL4842359,Plasma protein binding in human assessed as unbound fraction at 5 uM by LC-MS/MS analysis,23311450,unknown,human
CS(=O)(=O)NC(=O)CCc1cn(-c2ccc(Cl)cc2)nc1-c1ccc(Cl)cc1,=,-2.646751430161825,,CHEMBL4844144,CHEMBL4842359,Plasma protein binding in human assessed as unbound fraction at 5 uM by LC-MS/MS analysis,23311449,unknown,human
CS(=O)(=O)NC(=O)NCc1cc(-c2ccc(Br)cc2)oc1-c1ccncc1,=,-3.24473036760709,,CHEMBL4844144,CHEMBL4842359,Plasma protein binding in human assessed as unbound fraction at 5 uM by LC-MS/MS analysis,23311459,unknown,human
CS(=O)(=O)NC(=O)NCc1ccccc1,=,0.9756782929543744,,CHEMBL3801196,CHEMBL3797172,Percentage unbound in human plasma at 5 uM after 6 hrs by equilibrium dialysis method,16560846,unknown,human
CS(=O)(=O)NC(=O)NCc1cn(-c2ccc(Cl)cc2)nc1-c1ccncc1,=,-2.3561638301819468,,CHEMBL4844144,CHEMBL4842359,Plasma protein binding in human assessed as unbound fraction at 5 uM by LC-MS/MS analysis,23311456,unknown,human
CS(=O)(=O)NC(=O)OCc1cn(-c2ccc(Cl)cc2)nc1-c1ccncc1,=,-2.5131880266619726,,CHEMBL4844144,CHEMBL4842359,Plasma protein binding in human assessed as unbound fraction at 5 uM by LC-MS/MS analysis,23311457,unknown,human
CS(=O)(=O)NCCCc1ccccc1,=,1.0682725245841738,,CHEMBL3801196,CHEMBL3797172,Percentage unbound in human plasma at 5 uM after 6 hrs by equilibrium dialysis method,16560843,unknown,human
CS(=O)(=O)NCCNc1nonc1/C(=N/O)Nc1ccc(F)c(Br)c1,=,-0.3104352294214184,,CHEMBL3999989,CHEMBL3997850,Fraction unbound in human plasma after 2 hrs by equilibrium dialysis method,17990698,unknown,human
CS(=O)(=O)NCc1ccc(-c2ccc(N3CCOc4ncnc(N)c4C3=O)cc2)c(Cl)c1,=,0.5069043552740142,,CHEMBL3222766,CHEMBL3217691,Fraction unbound in human plasma,14536607,unknown,human
CS(=O)(=O)Nc1ccccc1-c1ccc(N2CCC[C@@H](NC(=O)Nc3ccc(C(F)(F)F)cc3)C2=O)cc1,=,-0.7505149849490745,,CHEMBL5611661,CHEMBL5608253,Protein binding in human plasma assessed as free fraction,26117643,unknown,human
CS(=O)(=O)Nc1ccccc1-c1ccc(N2CCC[C@@H](NC(=O)Nc3ccc(Cl)cc3)C2=O)cc1,=,-0.4020844485401025,,CHEMBL5611661,CHEMBL5608253,Protein binding in human plasma assessed as free fraction,26117644,unknown,human
CS(=O)(=O)Nc1ccccc1-c1ccc(N2CCC[C@@H](NC(=O)Nc3ccc(Cl)cc3F)C2=O)cc1,=,-0.1982656506346964,,CHEMBL5611661,CHEMBL5608253,Protein binding in human plasma assessed as free fraction,26117645,unknown,human
CS(=O)(=O)OCCCCOS(C)(=O)=O,=,1.564407391078202,,CHEMBL1043580,CHEMBL1156824,Fraction unbound in human plasma,2978199,unknown,human
CS(=O)(=O)c1cc(Cl)c(NC(=O)N2CCN3C(=O)N([C@H]4C[C@@H]4c4ccccc4)C(=O)[C@@H]3C2)c(Cl)c1,=,-0.929807991579814,,CHEMBL1816323,CHEMBL1811786,Plasma protein binding in human assessed as unbound fraction,6319611,unknown,human
CS(=O)(=O)c1ccc(-c2cnc(NCc3ccco3)n3cnnc23)cc1,=,0.5388312109918915,,CHEMBL4008195,CHEMBL4007397,Protein binding in human plasma assessed as unbound fraction,18034258,unknown,human
CS(=O)(=O)c1ccc(-c2nnc(/C=C/c3nnc(-c4ccc(C#N)cc4)o3)n2-c2ccccc2Cl)nc1,=,-0.2329469187618698,,CHEMBL4345407,CHEMBL4342498,Protein binding in human plasma assessed as unbound fraction at 1 uM measured after 24 hrs by LC-MS/MS analysis,19010715,unknown,human
CS(=O)(=O)c1ccc(-c2nnc(/C=C/c3nnc(-c4ccc(C#N)cc4)o3)n2-c2ccccc2Cl)nc1,=,-0.2329469187618698,,CHEMBL4388130,CHEMBL4387706,Protein binding in human serum assessed as unbound fraction at 1 uM measured after 24 hrs by LC-MS/MS analysis,19185344,unknown,human
CS(=O)(=O)c1ccc(C(=O)Nc2ccc(Cl)c(-c3ccccn3)c2)c(Cl)c1,=,0.3539836836796816,,CHEMBL1044705,CHEMBL1156025,"Fraction unbound in human Calu6 cells xenografted in nude mouse plasma at 75 mg/kg, po bid measured after 4 hrs post fifth dose",3004871,unknown,human
CS(=O)(=O)c1ccc(C(=O)Nc2ccc(Cl)c(-c3ccccn3)c2)c(Cl)c1,=,-0.7505149849490745,,CHEMBL5227510,CHEMBL5226306,Unbound fraction in human plasma,24984928,unknown,human
CS(=O)(=O)c1ccc(C(=O)Nc2ccc(Cl)c(-c3ccccn3)c2)cc1,=,-0.1982656506346964,,CHEMBL1044705,CHEMBL1156025,"Fraction unbound in human Calu6 cells xenografted in nude mouse plasma at 75 mg/kg, po bid measured after 4 hrs post fifth dose",3004872,unknown,human
CS(=O)(=O)c1ccc(Cl)c(C#Cc2cc(Cl)ccc2OCC(=O)O)c1,=,-0.929807991579814,,CHEMBL1920742,CHEMBL1914440,Percentage unbound in human plasma,7923169,unknown,human
CS(=O)(=O)c1ccc(F)c(C#Cc2cc(Cl)ccc2OCC(=O)O)c1,=,-0.6186299770217468,,CHEMBL1920742,CHEMBL1914440,Percentage unbound in human plasma,7923168,unknown,human
CS(=O)(=O)c1ccc(F)cc1C(=O)N1CCC(N(C2CC2)S(=O)(=O)c2cccc(C(F)(F)F)c2)CC1,=,-0.5813774551708419,,CHEMBL2186898,CHEMBL2176883,Fraction unbound in human plasma,12140485,unknown,human
CS(=O)(=O)c1ccc([C@@H](CC2CCCC2)C(=O)Nc2cnc([C@H](O)CO)cn2)cc1Cl,=,0.4069462030645636,,CHEMBL2346001,CHEMBL2331552,Fraction unbound in human plasma,12691557,unknown,human
CS(=O)(=O)c1ccc2c(c1)C(=O)Nc1cccc(n1)-c1nncn1CCCCO2,=,0.8470259585922197,,CHEMBL4324216,CHEMBL4321844,Unbound fraction in human plasma at 1 uM incubated for 4 hrs by rapid equilibrium dialysis method,18924424,unknown,human
CS(=O)(=O)c1ccc2nc(N3CCN(C(=O)[C@@H]4CCCC[C@H]4C(=O)NC4(C#N)CC4)CC3)sc2c1,=,1.1283330671571743,,CHEMBL2073648,CHEMBL2069241,Fraction unbound in human plasma,10992797,unknown,human
CS(=O)(=O)n1cc2c(n1)CN([C@H]1CO[C@H](c3cc(F)ccc3F)[C@@H](N)C1)C2,=,1.3705429581974662,,CHEMBL3239679,CHEMBL3232717,Unbound fraction in human plasma at 1 to 100 uM,14599777,unknown,human
CSCC(O/N=C(\C(=O)N[C@@H]1C(=O)N(OS(=O)(=O)O)C1(C)C)c1csc(N)n1)c1cc(=O)c(O)cn1O,=,-1.323284678931491,,CHEMBL4010997,CHEMBL4007487,Fraction unbound in human plasma at 10 uM after 4 hrs by LC-MS/MS based rapid equilibrium dialysis method,18047149,unknown,human
CSC[C@H](O/N=C(\C(=O)N[C@@H]1C(=O)N(OS(=O)(=O)O)C1(C)C)c1csc(N)n1)c1cc(=O)c(O)cn1O,=,-1.3727684369794593,,CHEMBL4010997,CHEMBL4007487,Fraction unbound in human plasma at 10 uM after 4 hrs by LC-MS/MS based rapid equilibrium dialysis method,18047162,unknown,human
CS[C@H]1CN(c2ncc(C(=O)O)s2)CC[C@H]1NC(=O)c1[nH]c(C)c(Cl)c1Cl,=,-0.5466961870436686,,CHEMBL3366713,CHEMBL3352173,Percentage unbound in human plasma,14997795,unknown,human
CSc1cc2c(cc1NC(=O)c1cc(F)cc3[nH]ncc13)CNC2,=,1.2259312196939005,,CHEMBL5674857,CHEMBL5674856,"Human plasma protein binding is determined by spiking test compound into plasma and dialyzing against buffer until equilibrium. Verapamil as test compound is used as reference. Peak areas of compound in both plasma and buffer are determined using HPLC-MS/MS and plasma protein-bound of compound is calculated. The assay has been performed by Enamine biological services, Bienta Ltd.",26265473,unknown,human
CSc1ccccc1[C@H]1CCCN1C(=O)CNC(=O)N(Cc1ccc(N)c(Cl)c1)Cc1nnn(C)n1,=,-0.4020844485401025,,CHEMBL6108244,CHEMBL6103649,Plasma protein binding in human assessed as free fraction at 10 uM,29167311,unknown,human
CSc1nc(-c2ccc(F)cc2)c(-c2ccnc(NC(C)=O)c2)n1C,=,-0.0928435423790931,,CHEMBL4030475,CHEMBL4028848,Fraction unbound in human plasma at 5 uM by equilibrium dialysis relative to control,18138967,unknown,human
CSc1nc(N2C[C@@H]3[C@H](C2)[C@H]3C(=O)O)ccc1C(=O)NC12CC3CC(CC(C3)C1)C2,=,-0.7026045584107611,,CHEMBL3222552,CHEMBL3217743,Fraction unbound in human plasma by equilibrium dialysis technique,14550937,unknown,human
CSc1ncc(-c2c(CO)n(Cc3ccccc3Cl)c3ccc(OC(F)(F)F)cc23)cn1,=,-1.5595456365537408,,CHEMBL4479533,CHEMBL4477245,Unbound protein binding in human plasma at 5 uM after 4 hrs by LC/MS/MS analysis,19476021,unknown,human
C[C@@H](CN1CCC(n2c(=O)[nH]c3cc(Br)ccc32)CC1)NC(=O)[C@H]1C[C@@H]1c1ccccc1,=,-0.4020844485401025,,CHEMBL1250966,CHEMBL1250519,Fraction unbound in human plasma by equilibrium dialysis,3464554,unknown,human
C[C@@H](CN1CCC2(CC1)C(=O)NC[C@H]2c1ccc(F)cc1)NC(=O)c1cc2ccccc2[nH]1,=,-1.7534100694344763,,CHEMBL4329652,CHEMBL4325916,Fraction unbound in human plasma,18945350,unknown,human
C[C@@H](CN1CCC2(CC1)C(=O)NC[C@H]2c1ccc(F)cc1)NC(=O)c1ccc2ccccc2c1,=,-2.309369228756567,,CHEMBL4329652,CHEMBL4325916,Fraction unbound in human plasma,18945353,unknown,human
C[C@@H](CO)NC(=O)c1c[nH]c2ncc(-c3nn(C)c4cc(Cl)ccc34)nc12,=,-0.8626845637357965,,CHEMBL2350846,CHEMBL2346624,Fraction unbound in human plasma,12717300,unknown,human
C[C@@H](COc1ccn(-c2ccc(F)cc2)c(=O)c1)Oc1ccccc1,=,0.7024142200886537,,CHEMBL4134046,CHEMBL4130451,Fraction unbound in human plasma at 5 uM after 4 hrs by equilibrium dialysis based LC/MS/MS analysis,18319800,unknown,human
C[C@@H](NC(=O)c1ccc(F)cc1)c1ccc2c(n1)CCCN2C(=O)OC1CC1,=,0.3758427365675943,,CHEMBL4689698,CHEMBL4680374,Protein binding in human plasma assessed as unbound fraction,22491098,unknown,human
C[C@@H](NC(=O)c1ccc(F)cc1)c1ccc2c(n1)CCCN2C(=O)c1cccc(Cl)c1,=,-0.2153072489658211,,CHEMBL4689698,CHEMBL4680374,Protein binding in human plasma assessed as unbound fraction,22491097,unknown,human
C[C@@H](NC(=O)c1ccc(F)cc1)c1ccc2c(n1)CCCN2c1ccnc(C(F)(F)F)n1,=,0.0585156666555915,,CHEMBL4689698,CHEMBL4680374,Protein binding in human plasma assessed as unbound fraction,22491099,unknown,human
C[C@@H](Nc1cc(F)cc(Cl)c1)c1cc(C(=O)N(C)C)cc2c(=O)cc(N3CCOCC3)oc12,=,0.1501648857742756,,CHEMBL3411411,CHEMBL3407416,Fraction unbound in human plasma,15197784,unknown,human
C[C@@H](Nc1cc(F)cc(F)c1)c1cc(C(=O)N(C)C)cc2c(=O)cc(N3CCOCC3)oc12,=,0.7295926771865047,,CHEMBL3411411,CHEMBL3407416,Fraction unbound in human plasma,15197782,unknown,human
C[C@@H](Nc1cc(F)cc(F)c1)c1cc(C(=O)N(C)C)cn2c(=O)cc(N3CCOCC3)nc12,=,0.4985954221832476,,CHEMBL3366873,CHEMBL3351561,Fraction unbound in human plasma,15063420,unknown,human
C[C@@H](Nc1cc(F)cc(F)c1F)c1cc(C(=O)N(C)C)cc2c(=O)cc(N3CCOCC3)oc12,=,0.90623301799406,,CHEMBL3411411,CHEMBL3407416,Fraction unbound in human plasma,15197785,unknown,human
C[C@@H](Nc1ccc(F)c(F)c1)c1cc(C(=O)N(C)C)cc2c(=O)cc(N3CCOCC3)oc12,=,0.90623301799406,,CHEMBL3411411,CHEMBL3407416,Fraction unbound in human plasma,15197781,unknown,human
C[C@@H](Nc1cccc(Cl)c1F)c1cc(C(=O)N(C)C)cc2c(=O)cc(N3CCOCC3)oc12,=,0.6107650009699698,,CHEMBL3411411,CHEMBL3407416,Fraction unbound in human plasma,15197783,unknown,human
C[C@@H](Nc1nc2c(cnn2C(C)(C)C)c(=O)n1Cc1ccc(F)cc1)c1ccc(Cl)cc1,=,-1.9079761729627127,,CHEMBL4613173,CHEMBL4610129,Unbound fraction in human plasma,20641317,unknown,human
C[C@@H](O)[C@H](NC(=O)c1ccc(C#Cc2ccc(/C=N/N3CCCC3)cc2)cc1)C(=O)NO,=,-1.7760911650353848,,CHEMBL6129631,CHEMBL6127085,Plasma protein binding in human assessed as unbound fraction at 1 uM incubated for 6 hrs by LC-MS/MS analysis,29236660,unknown,human
C[C@@H](O)[C@H](NC(=O)c1ccc(C#Cc2ccc(CN3CCOCC3)cc2)cc1)C(=O)NO,=,-0.3000703466058872,,CHEMBL6129631,CHEMBL6127085,Plasma protein binding in human assessed as unbound fraction at 1 uM incubated for 6 hrs by LC-MS/MS analysis,29236661,unknown,human
C[C@@H](O)[C@H]1C(=O)N2C(C(=O)O)=C(SCCNC=N)C[C@H]12,=,1.4885918906378484,,CHEMBL1043580,CHEMBL1156824,Fraction unbound in human plasma,2994753,unknown,human
C[C@@H](OC(=O)Nc1c(-c2ccc(N)cn2)nnn1C)c1cc(F)cnc1F.Cl,=,1.3922447026794724,,CHEMBL6104063,CHEMBL6103545,Plasma protein binding in human assessed as unbound fraction incubated for 24 hrs by equilibrium dialysis based Rapidfire-QToF mass spectrometric analysis,29154156,unknown,human
C[C@@H](OC(=O)Nc1c(-c2ccc(NC(=O)C3(C#N)CC3)cn2)nnn1C)c1cc(F)cnc1F,=,1.1740626702880612,,CHEMBL6104063,CHEMBL6103545,Plasma protein binding in human assessed as unbound fraction incubated for 24 hrs by equilibrium dialysis based Rapidfire-QToF mass spectrometric analysis,29154163,unknown,human
C[C@@H](OC(=O)Nc1c(-c2ccc(NC(=O)C3(C(F)F)CC3)cn2)nnn1C)c1cc(F)cnc1F,=,1.2729448056607404,,CHEMBL6104063,CHEMBL6103545,Plasma protein binding in human assessed as unbound fraction incubated for 24 hrs by equilibrium dialysis based Rapidfire-QToF mass spectrometric analysis,29154158,unknown,human
C[C@@H](OC(=O)Nc1c(-c2ccc(NC(=O)C34CC(C#N)(C3)C4)cn2)nnn1C)c1cc(F)cnc1F,=,0.9756782929543744,,CHEMBL6104063,CHEMBL6103545,Plasma protein binding in human assessed as unbound fraction incubated for 24 hrs by equilibrium dialysis based Rapidfire-QToF mass spectrometric analysis,29154162,unknown,human
C[C@@H](OC(=O)Nc1c(-c2ccc(NC(=O)C34CC(F)(C3)C4)cn2)nnn1C)c1cc(F)cnc1F,=,1.0071059639172557,,CHEMBL6104063,CHEMBL6103545,Plasma protein binding in human assessed as unbound fraction incubated for 24 hrs by equilibrium dialysis based Rapidfire-QToF mass spectrometric analysis,29154161,unknown,human
C[C@@H](OC(=O)Nc1c(-c2ccc(NC(=O)C3CC(F)(F)C3)cn2)nnn1C)c1cc(F)cnc1F,=,0.7799025307482025,,CHEMBL6104063,CHEMBL6103545,Plasma protein binding in human assessed as unbound fraction incubated for 24 hrs by equilibrium dialysis based Rapidfire-QToF mass spectrometric analysis,29154160,unknown,human
C[C@@H](OC(=O)Nc1c(-c2ccc(NC(=O)[C@@H]3CC3(F)F)cn2)nnn1C)c1cc(F)cnc1F,=,1.0366838480384906,,CHEMBL6104063,CHEMBL6103545,Plasma protein binding in human assessed as unbound fraction incubated for 24 hrs by equilibrium dialysis based Rapidfire-QToF mass spectrometric analysis,29154159,unknown,human
C[C@@H](OC(=O)Nc1c(-c2ccc(NC(=O)c3ccc(C(F)(F)F)nc3)cn2)nnn1C)c1cc(F)cnc1F,=,0.6107650009699698,,CHEMBL6104063,CHEMBL6103545,Plasma protein binding in human assessed as unbound fraction incubated for 24 hrs by equilibrium dialysis based Rapidfire-QToF mass spectrometric analysis,29154164,unknown,human
C[C@@H](OC(=O)Nc1c(-c2ccc(NC(=O)c3ccnc(C(F)(F)F)c3)cn2)nnn1C)c1cc(F)cnc1F,=,0.5760837328427963,,CHEMBL6104063,CHEMBL6103545,Plasma protein binding in human assessed as unbound fraction incubated for 24 hrs by equilibrium dialysis based Rapidfire-QToF mass spectrometric analysis,29154167,unknown,human
C[C@@H](OC(=O)Nc1c(-c2ccc(NC(=O)c3cnc(C(F)(F)F)nc3)cn2)nnn1C)c1cc(F)cnc1F,=,0.7295926771865047,,CHEMBL6104063,CHEMBL6103545,Plasma protein binding in human assessed as unbound fraction incubated for 24 hrs by equilibrium dialysis based Rapidfire-QToF mass spectrometric analysis,29154166,unknown,human
C[C@@H](OC(=O)Nc1c(-c2ccc(NC(=O)c3cnc(C(F)(F)F)nc3)cn2)nnn1C)c1cc(F)cnc1F,=,0.5760837328427963,,CHEMBL6104105,CHEMBL6103545,Plasma protein binding in human assessed as unbound fraction at 2 uM incubated for 24 hrs by LC-MS analysis,29154253,unknown,human
C[C@@H](OC(=O)Nc1c(-c2ccc(NS(C)(=O)=O)cn2)nnn1C)c1cc(F)ccc1F,=,0.7024142200886537,,CHEMBL6104063,CHEMBL6103545,Plasma protein binding in human assessed as unbound fraction incubated for 24 hrs by equilibrium dialysis based Rapidfire-QToF mass spectrometric analysis,29154144,unknown,human
C[C@@H](OC(=O)Nc1c(-c2ccc(NS(C)(=O)=O)cn2)nnn1C)c1cc(F)cnc1Cl,=,0.7024142200886537,,CHEMBL6104063,CHEMBL6103545,Plasma protein binding in human assessed as unbound fraction incubated for 24 hrs by equilibrium dialysis based Rapidfire-QToF mass spectrometric analysis,29154153,unknown,human
C[C@@H](OC(=O)Nc1c(-c2ccc(NS(C)(=O)=O)cn2)nnn1C)c1cc(F)cnc1F,=,0.9756782929543744,,CHEMBL6104063,CHEMBL6103545,Plasma protein binding in human assessed as unbound fraction incubated for 24 hrs by equilibrium dialysis based Rapidfire-QToF mass spectrometric analysis,29154155,unknown,human
C[C@@H](OC(=O)Nc1c(-c2ccc(NS(C)(=O)=O)cn2)nnn1C)c1cccc(F)c1,=,0.8675463182602577,,CHEMBL6104063,CHEMBL6103545,Plasma protein binding in human assessed as unbound fraction incubated for 24 hrs by equilibrium dialysis based Rapidfire-QToF mass spectrometric analysis,29154142,unknown,human
C[C@@H](OC(=O)Nc1c(-c2ccc(NS(C)(=O)=O)cn2)nnn1C)c1ccccc1,=,0.90623301799406,,CHEMBL6104063,CHEMBL6103545,Plasma protein binding in human assessed as unbound fraction incubated for 24 hrs by equilibrium dialysis based Rapidfire-QToF mass spectrometric analysis,29154140,unknown,human
C[C@@H](OC(=O)Nc1c(-c2ccc(NS(C)(=O)=O)cn2)nnn1C)c1cccnc1Cl,=,0.8872617474008635,,CHEMBL6104063,CHEMBL6103545,Plasma protein binding in human assessed as unbound fraction incubated for 24 hrs by equilibrium dialysis based Rapidfire-QToF mass spectrometric analysis,29154149,unknown,human
C[C@@H](OC(=O)Nc1c(-c2ccc(NS(C)(=O)=O)cn2)nnn1C)c1cccnc1F,=,0.9591955373789416,,CHEMBL6104063,CHEMBL6103545,Plasma protein binding in human assessed as unbound fraction incubated for 24 hrs by equilibrium dialysis based Rapidfire-QToF mass spectrometric analysis,29154151,unknown,human
C[C@@H](Oc1ccccc1)c1cc(C(=O)N(C)CCO)cn2c(=O)cc(N3CCOCC3)nc12,=,0.8872617474008635,,CHEMBL3368187,CHEMBL3352617,Fraction unbound in human plasma after 18 hrs at 37 degC after 18 hrs,14998959,unknown,human
C[C@@H](c1cc(Cl)cc(Cl)c1)N1CCC(COc2cc(F)c(C(=O)NS(C)(=O)=O)cc2C2CC2)CC1,=,-1.5697011134062475,,CHEMBL5055706,CHEMBL5055616,Plasma protein binding in human assessed as unbound fraction at 5 uM after 6 hrs by LC-MS/MS analysis based equilibrium dialysis method,24510280,unknown,human
C[C@@H](c1ccc2ccc(O[C@H]3CC[C@@H](C(F)(F)F)CC3)c(C(F)(F)F)c2c1)N1C2CCC1CC(C(=O)O)C2,=,-0.9593858757010488,,CHEMBL4827678,CHEMBL4825722,Protein binding in human plasma assessed as unbound fraction at 2 uM by rapid equilibrium dialysis method,23234285,unknown,human
C[C@@H](c1ccc2ccc(O[C@H]3CC[C@@H](C)CC3)c(C(F)(F)F)c2c1)N1C2CCC1CC(C(=O)O)C2,=,-1.6125081559386227,,CHEMBL4827678,CHEMBL4825722,Protein binding in human plasma assessed as unbound fraction at 2 uM by rapid equilibrium dialysis method,23234284,unknown,human
C[C@@H]1C(=O)N(C)CCN1CCOc1ccc(C2CCN(c3ccc4nnc(N(C)C)n4n3)CC2)cc1,=,0.6432071606868136,,CHEMBL4432568,CHEMBL4431353,Unbound fraction in human plasma,19445943,unknown,human
C[C@@H]1CCCOc2ccccc2C(=O)Nc2cccc(n2)-c2nncn21,=,-0.0412414541546705,,CHEMBL4324216,CHEMBL4321844,Unbound fraction in human plasma at 1 uM incubated for 4 hrs by rapid equilibrium dialysis method,18924415,unknown,human
C[C@@H]1CCC[C@H](N2CCC(c3c(F)ccc(Cl)c3F)=CC2=O)c2cc(ccn2)-c2c(cnn2C)NC1=O,=,-0.929807991579814,,CHEMBL5040332,CHEMBL5038606,Fraction unbound in human plasma,24387434,unknown,human
C[C@@H]1CCC[C@H](n2cnc(-c3cc(Cl)ccc3-n3cc(Cl)nn3)cc2=O)c2cc(ccn2)-c2c(cnn2C(F)F)NC1=O,=,0.3252513489705502,,CHEMBL5040332,CHEMBL5038606,Fraction unbound in human plasma,24387435,unknown,human
C[C@@H]1CCN(C(=O)CC#N)C[C@@H]1N(C)c1ncnc2[nH]ccc12,=,0.8470259585922197,,CHEMBL1641295,CHEMBL1629452,Fraction unbound in human plasma by equilibrium dialysis method,5109126,unknown,human
C[C@@H]1CCN(C(=O)CC#N)C[C@@H]1N(C)c1ncnc2[nH]ccc12,=,1.363095725586794,,CHEMBL5663343,CHEMBL5661978,Unbound plasma concentration in human plasma at 0.5 to 8 uM,26239412,unknown,human
C[C@@H]1CCO[C@H]2Cn3cc(C(=O)NCc4ccc(F)cc4F)c(=O)c(O)c3C(=O)N12,=,-0.929807991579814,,CHEMBL5247098,CHEMBL5244275,Unbound fraction in human plasma,25050289,unknown,human
C[C@@H]1CCO[C@H]2Cn3cc(C(=O)NCc4ccc(F)cc4F)c(=O)c([O-])c3C(=O)N12.[Na+],=,-0.929807991579814,,CHEMBL2404490,CHEMBL2401737,Fraction unbound in human plasma,13374210,unknown,human
C[C@@H]1CCOc2cc(F)c(-c3cnn(CCN(C)C)c3)cc2C(=O)Nc2cccc(n2)-c2nncn2C1,=,-0.5466961870436686,,CHEMBL4324216,CHEMBL4321844,Unbound fraction in human plasma at 1 uM incubated for 4 hrs by rapid equilibrium dialysis method,18924428,unknown,human
C[C@@H]1CCOc2cc(F)ccc2C(=O)Nc2cccc(n2)-c2nncn2C1,=,-1.3557268386483343,,CHEMBL4324216,CHEMBL4321844,Unbound fraction in human plasma at 1 uM incubated for 4 hrs by rapid equilibrium dialysis method,18924421,unknown,human
C[C@@H]1CC[C@@H](Oc2cc(C#N)ccn2)CN1C(=O)c1ccccc1-c1ncccn1,=,-0.2329469187618698,,CHEMBL3429637,CHEMBL3425449,Unbound fraction in human plasma at 1 uM,15247637,unknown,human
C[C@@H]1CC[C@@H](Oc2ccnc3c(F)cccc23)CN1C(=O)c1ccccc1-n1nccn1,=,-0.1982656506346964,,CHEMBL3395405,CHEMBL3393034,Fraction unbound in human plasma,15149325,unknown,human
C[C@@H]1CCc2ncc(F)cc2[C@H]2CCCN2c2ccn3ncc(c3n2)C(=O)N1,=,1.022112421788494,,CHEMBL5035195,CHEMBL5034019,Protein binding in human plasma assessed as unbound fraction by LC-MS/MS based equilibrium dialysis method,24364101,unknown,human
C[C@@H]1CCn2cnnc2-c2cccc(n2)NC(=O)c2ccccc2OC1,=,-0.6588657658303905,,CHEMBL4324216,CHEMBL4321844,Unbound fraction in human plasma at 1 uM incubated for 4 hrs by rapid equilibrium dialysis method,18924416,unknown,human
C[C@@H]1CN(C(=O)[C@@H]2CN(C(C)(C)C)C[C@H]2c2ccc(F)cc2F)C[C@H](C)[C@@]1(O)c1ccc(F)cc1.Cl,=,0.2276531964338244,,CHEMBL1116914,CHEMBL1156187,Fraction unbound in human plasma,3248149,unknown,human
C[C@@H]1CN(C(=O)[C@@H]2CN(C(C)(C)C)C[C@H]2c2ccc(F)cc2F)C[C@H](C)[C@@]1(O)c1ccccc1.Cl,=,0.5388312109918915,,CHEMBL1116914,CHEMBL1156187,Fraction unbound in human plasma,3248148,unknown,human
C[C@@H]1CN(Cc2cc3nc(C(N)=O)cc(-c4ccc(F)cc4)c3s2)C[C@H](C)O1,=,-0.7505149849490745,,CHEMBL4310455,CHEMBL4308859,Fraction unbound in human plasma after 4 hrs by equilibrium dialysis method,18873784,unknown,human
C[C@@H]1CN(Cc2ccc(-c3cccc(Oc4ncc(F)cc4C(=O)N[C@H]4CC[C@@H](NC(=O)c5cc6ccccn6n5)CC4)c3)cc2)C[C@H](C)N1,=,0.0055531472707097,,CHEMBL3292530,CHEMBL3286180,Fraction unbound in human plasma,14740989,unknown,human
C[C@@H]1CN(Cc2ccc3c(-c4cnn(C)c4)cc(C(N)=O)nc3c2)C[C@H](C(F)(F)F)O1,=,-0.2899148697533803,,CHEMBL5365210,CHEMBL5360658,Fraction unbound in human plasma,25629060,unknown,human
C[C@@H]1CN([C@@H](C)CO)C(=O)c2cccc(NC(=O)c3ccncc3)c2O[C@@H]1CN(C)Cc1ccc(Oc2ccccc2)cc1,=,0.0585156666555915,,CHEMBL3111883,CHEMBL3108709,Fraction unbound in human plasma,13891112,unknown,human
C[C@@H]1CN([C@H](C)CO)C(=O)c2cccc(NC(=O)c3ccncc3)c2O[C@@H]1CN(C)Cc1ccc(Oc2ccccc2)cc1,=,0.0585156666555915,,CHEMBL3111883,CHEMBL3108709,Fraction unbound in human plasma,13891110,unknown,human
C[C@@H]1CN(c2c(F)c(N)c3c(=O)c(C(=O)O)cn(C4CC4)c3c2F)C[C@H](C)N1,=,1.2638872812075437,,CHEMBL1043580,CHEMBL1156824,Fraction unbound in human plasma,2993231,unknown,human
C[C@@H]1CN(c2cc(F)c3c(c2)N(C)C(=O)C32CCN(c3nc4c(c(=O)[nH]3)CCCN4C)CC2)C[C@H](C)O1,=,-1.3557268386483343,,CHEMBL4345407,CHEMBL4342498,Protein binding in human plasma assessed as unbound fraction at 1 uM measured after 24 hrs by LC-MS/MS analysis,19010714,unknown,human
C[C@@H]1CN(c2ccc(-c3n[nH]c4cnc(N5[C@H](C)CN(C(=O)N6CCCC6)C[C@@H]5C)nc34)cn2)CCN1,=,-0.0172998337847618,,CHEMBL5125840,CHEMBL5120943,Protein binding in human plasma assessed as free fraction measured after 2 hrs by LC-MS/MS analysis,24769627,unknown,human
C[C@@H]1CN(c2ccc3c(n2)NC(=O)CO3)[C@H](c2ccccc2)CO1,=,0.6107650009699698,,CHEMBL4028169,CHEMBL4024791,Fraction unbound in human plasma,18126720,unknown,human
C[C@@H]1CN(c2nc(C(F)(F)F)no2)CCN1c1ncc(OCc2ccc(CS(C)(=O)=O)cc2F)cn1,=,-1.0072963022393624,,CHEMBL3384636,CHEMBL3351317,Unbound fraction in human plasma,15073585,unknown,human
C[C@@H]1CN(c2nc(C(F)(F)F)no2)CCN1c1ncc(OCc2ccncc2C#N)cn1,=,-0.7505149849490745,,CHEMBL3225865,CHEMBL3217702,Fraction unbound in human plasma,14526635,unknown,human
C[C@@H]1CN(c2nnc(C(F)(F)F)o2)CCN1c1ncc(OCc2ccncc2C#N)cn1,=,-0.0412414541546705,,CHEMBL3225865,CHEMBL3217702,Fraction unbound in human plasma,14526637,unknown,human
C[C@@H]1CN(c2noc(C(F)(F)F)n2)CCN1c1ncc(OCc2ccncc2C#N)cn1,=,-0.929807991579814,,CHEMBL3225865,CHEMBL3217702,Fraction unbound in human plasma,14526633,unknown,human
C[C@@H]1CN(c2sc(C(F)(F)F)nc2-c2nc3ccccc3[nH]2)CCN1C(=O)Cn1cccn1,=,0.0782310957961973,,CHEMBL5130052,CHEMBL5126609,Unbound fraction in human plasma by equilibrium based LC-MS/MS analysis,24783127,unknown,human
C[C@@H]1CN(c2sc(C(F)(F)F)nc2-c2nc3ccccc3[nH]2)CCN1C(=O)Cn1cnc2c1CCN(C)C2,=,0.6107650009699698,,CHEMBL5130052,CHEMBL5126609,Unbound fraction in human plasma by equilibrium based LC-MS/MS analysis,24783130,unknown,human
C[C@@H]1CN(c2sc(C(F)(F)F)nc2-c2nc3ccccc3[nH]2)CCN1C(=O)Cn1cnc2cccnc21,=,-0.331829054134549,,CHEMBL5130052,CHEMBL5126609,Unbound fraction in human plasma by equilibrium based LC-MS/MS analysis,24783126,unknown,human
C[C@@H]1CN2c3c(cc4c(-n5cc(C#N)cn5)noc4c3F)CC3(C(=O)NC(=O)NC3=O)[C@H]2[C@H](C)O1,=,-0.0057434855928168,,CHEMBL4730283,CHEMBL4725408,Protein binding in human plasma assessed as unbound fraction at 10 uM measured after 16 hrs by LC-MS/MS based equilibrium dialysis method,22894939,unknown,human
C[C@@H]1CN2c3c(cc4c(-n5ccnc5)noc4c3F)CC3(C(=O)NC(=O)NC3=O)[C@H]2[C@H](C)O1,=,-0.1817828950592638,,CHEMBL4730283,CHEMBL4725408,Protein binding in human plasma assessed as unbound fraction at 10 uM measured after 16 hrs by LC-MS/MS based equilibrium dialysis method,22894933,unknown,human
C[C@@H]1CN2c3c(cc4c(-n5ccnn5)noc4c3F)CC3(C(=O)NC(=O)NC3=O)[C@H]2[C@H](C)O1,=,0.0972023663893936,,CHEMBL4730283,CHEMBL4725408,Protein binding in human plasma assessed as unbound fraction at 10 uM measured after 16 hrs by LC-MS/MS based equilibrium dialysis method,22894935,unknown,human
C[C@@H]1CN2c3c(cc4c(-n5cncn5)noc4c3Cl)CC3(C(=O)NC(=O)NC3=O)[C@H]2[C@H](C)O1,=,0.255586994029879,,CHEMBL4730283,CHEMBL4725408,Protein binding in human plasma assessed as unbound fraction at 10 uM measured after 16 hrs by LC-MS/MS based equilibrium dialysis method,22894942,unknown,human
C[C@@H]1CN2c3c(cc4c(-n5cncn5)noc4c3F)CC3(C(=O)NC(=O)NC3=O)[C@H]2[C@H](C)O1,=,0.5388312109918915,,CHEMBL4730283,CHEMBL4725408,Protein binding in human plasma assessed as unbound fraction at 10 uM measured after 16 hrs by LC-MS/MS based equilibrium dialysis method,22894937,unknown,human
C[C@@H]1CN2c3c(cc4c(-n5cnnc5)noc4c3F)CC3(C(=O)NC(=O)NC3=O)[C@H]2[C@H](C)O1,=,1.022112421788494,,CHEMBL4730283,CHEMBL4725408,Protein binding in human plasma assessed as unbound fraction at 10 uM measured after 16 hrs by LC-MS/MS based equilibrium dialysis method,22894938,unknown,human
C[C@@H]1CN2c3c(cc4c(-n5nccn5)noc4c3F)CC3(C(=O)NC(=O)NC3=O)[C@H]2[C@H](C)O1,=,-0.1817828950592638,,CHEMBL4730283,CHEMBL4725408,Protein binding in human plasma assessed as unbound fraction at 10 uM measured after 16 hrs by LC-MS/MS based equilibrium dialysis method,22894936,unknown,human
C[C@@H]1CN2c3c(cc4c(-n5ncnc5C#N)noc4c3F)CC3(C(=O)NC(=O)NC3=O)[C@H]2[C@H](C)O1,=,0.2689925619908105,,CHEMBL4730283,CHEMBL4725408,Protein binding in human plasma assessed as unbound fraction at 10 uM measured after 16 hrs by LC-MS/MS based equilibrium dialysis method,22894946,unknown,human
C[C@@H]1CN2c3c(cc4c(-n5ncnc5CN(C)C)noc4c3F)CC3(C(=O)NC(=O)NC3=O)[C@H]2[C@H](C)O1,=,0.7024142200886537,,CHEMBL4730283,CHEMBL4725408,Protein binding in human plasma assessed as unbound fraction at 10 uM measured after 16 hrs by LC-MS/MS based equilibrium dialysis method,22894949,unknown,human
C[C@@H]1CN2c3c(cc4c(-n5ncnc5CO)noc4c3F)CC3(C(=O)NC(=O)NC3=O)[C@H]2[C@H](C)O1,=,0.6736818853795221,,CHEMBL4730283,CHEMBL4725408,Protein binding in human plasma assessed as unbound fraction at 10 uM measured after 16 hrs by LC-MS/MS based equilibrium dialysis method,22894947,unknown,human
C[C@@H]1CN2c3c(cc4c(-n5ncnc5N(C)C)noc4c3F)CC3(C(=O)NC(=O)NC3=O)[C@H]2[C@H](C)O1,=,0.5388312109918915,,CHEMBL4730283,CHEMBL4725408,Protein binding in human plasma assessed as unbound fraction at 10 uM measured after 16 hrs by LC-MS/MS based equilibrium dialysis method,22894952,unknown,human
C[C@@H]1CN2c3c(cc4c(-n5ncnc5N)noc4c3F)CC3(C(=O)NC(=O)NC3=O)[C@H]2[C@H](C)O1,=,0.4548566296028772,,CHEMBL4730283,CHEMBL4725408,Protein binding in human plasma assessed as unbound fraction at 10 uM measured after 16 hrs by LC-MS/MS based equilibrium dialysis method,22894954,unknown,human
C[C@@H]1CN2c3c(cc4c(-n5ncnc5N5CCOCC5)noc4c3F)CC3(C(=O)NC(=O)NC3=O)[C@H]2[C@H](C)O1,=,0.6736818853795221,,CHEMBL4730283,CHEMBL4725408,Protein binding in human plasma assessed as unbound fraction at 10 uM measured after 16 hrs by LC-MS/MS based equilibrium dialysis method,22894953,unknown,human
C[C@@H]1CN2c3c(cc4c(-n5ncnc5NCC(=O)N5CC[C@@H](N(C)C)C5)noc4c3F)CC3(C(=O)NC(=O)NC3=O)[C@H]2[C@H](C)O1,=,0.8872617474008635,,CHEMBL4730283,CHEMBL4725408,Protein binding in human plasma assessed as unbound fraction at 10 uM measured after 16 hrs by LC-MS/MS based equilibrium dialysis method,22894966,unknown,human
C[C@@H]1CN2c3c(cc4c(-n5ncnc5NCC(=O)N5CC[C@H](N(C)C)C5)noc4c3F)CC3(C(=O)NC(=O)NC3=O)[C@H]2[C@H](C)O1,=,0.8872617474008635,,CHEMBL4730283,CHEMBL4725408,Protein binding in human plasma assessed as unbound fraction at 10 uM measured after 16 hrs by LC-MS/MS based equilibrium dialysis method,22894965,unknown,human
C[C@@H]1CN2c3c(cc4c(-n5ncnc5NCCN(C)C)noc4c3F)CC3(C(=O)NC(=O)NC3=O)[C@H]2[C@H](C)O1,=,1.2452674115423037,,CHEMBL4730283,CHEMBL4725408,Protein binding in human plasma assessed as unbound fraction at 10 uM measured after 16 hrs by LC-MS/MS based equilibrium dialysis method,22894959,unknown,human
C[C@@H]1CN2c3c(cc4c(-n5ncnc5NCCN5CCOCC5)noc4c3F)CC3(C(=O)NC(=O)NC3=O)[C@H]2[C@H](C)O1,=,0.4548566296028772,,CHEMBL4730283,CHEMBL4725408,Protein binding in human plasma assessed as unbound fraction at 10 uM measured after 16 hrs by LC-MS/MS based equilibrium dialysis method,22894960,unknown,human
C[C@@H]1CN2c3c(cc4c(-n5ncnc5NCCO)noc4c3F)CC3(C(=O)NC(=O)NC3=O)[C@H]2[C@H](C)O1,=,0.5760837328427963,,CHEMBL4730283,CHEMBL4725408,Protein binding in human plasma assessed as unbound fraction at 10 uM measured after 16 hrs by LC-MS/MS based equilibrium dialysis method,22894957,unknown,human
C[C@@H]1CN2c3c(cc4c(-n5ncnc5NC[C@@H](C)O)noc4c3F)CC3(C(=O)NC(=O)NC3=O)[C@H]2[C@H](C)O1,=,0.5388312109918915,,CHEMBL4730283,CHEMBL4725408,Protein binding in human plasma assessed as unbound fraction at 10 uM measured after 16 hrs by LC-MS/MS based equilibrium dialysis method,22894963,unknown,human
C[C@@H]1CN2c3c(cc4c(-n5ncnc5[C@@H](C)O)noc4c3F)CC3(C(=O)NC(=O)NC3=O)[C@H]2[C@H](C)O1,=,0.8256321338790893,,CHEMBL4730283,CHEMBL4725408,Protein binding in human plasma assessed as unbound fraction at 10 uM measured after 16 hrs by LC-MS/MS based equilibrium dialysis method,22894962,unknown,human
C[C@@H]1CN2c3c(cc4c(-n5ncnc5[C@H](C)O)noc4c3F)CC3(C(=O)NC(=O)NC3=O)[C@H]2[C@H](C)O1,=,0.7799025307482025,,CHEMBL4730283,CHEMBL4725408,Protein binding in human plasma assessed as unbound fraction at 10 uM measured after 16 hrs by LC-MS/MS based equilibrium dialysis method,22894961,unknown,human
C[C@@H]1CN2c3c(cc4c(C(F)F)noc4c3F)CC3(C(=O)NC(=O)NC3=O)[C@H]2[C@H](C)O1,=,-0.2329469187618698,,CHEMBL3389961,CHEMBL3352584,Fraction unbound in human plasma at 10 uM after 16 hrs by LC-MS/MS analysis,15068652,unknown,human
C[C@@H]1CN2c3c(cc4c(N)noc4c3F)CC3(C(=O)NC(=O)NC3=O)[C@H]2[C@H](C)O1,=,0.5388312109918915,,CHEMBL3389961,CHEMBL3352584,Fraction unbound in human plasma at 10 uM after 16 hrs by LC-MS/MS analysis,15068739,unknown,human
C[C@@H]1CN2c3c(cc4c(N5C(=O)OC[C@@H]5C)noc4c3F)CC3(C(=O)NC(=O)NC3=O)[C@H]2[C@H](C)O1,=,0.7024142200886537,,CHEMBL4730283,CHEMBL4725408,Protein binding in human plasma assessed as unbound fraction at 10 uM measured after 16 hrs by LC-MS/MS based equilibrium dialysis method,22894941,unknown,human
C[C@@H]1COCCN1c1cc(-c2ccnn2C)c2ccnc(-c3ccn[nH]3)c2n1,=,-0.1982656506346964,,CHEMBL4612741,CHEMBL4610117,Protein binding in human plasma assessed as unbound fraction at 3 uM measured after 7 hrs by LC-MS/MS analysis,20639591,unknown,human
C[C@@H]1COCCN1c1cc(C2(S(C)(=O)=O)CC2)nc(-c2cccc3[nH]ccc23)n1,=,0.3650320186833951,,CHEMBL4269684,CHEMBL4266018,Fraction unbound in human 10% plasma,18779276,unknown,human
C[C@@H]1COCCN1c1cc(C2(S(C)(=O)=O)CC2)nc(-c2cncc3[nH]ccc23)n1,=,0.8872617474008635,,CHEMBL4269684,CHEMBL4266018,Fraction unbound in human 10% plasma,18779274,unknown,human
C[C@@H]1COCCN1c1cc(C2([S@](C)(=N)=O)CC2)nc(-c2cc[nH]c3nccc2-3)n1,=,0.8872617474008635,,CHEMBL4269684,CHEMBL4266018,Fraction unbound in human 10% plasma,18779275,unknown,human
C[C@@H]1COCCN1c1cc(N=[S@@](C)(=O)C2CC2)nc(-c2ccnc(N)c2)n1,=,1.163014335284348,,CHEMBL6089030,CHEMBL6087433,Protein binding in human plasma assessed as free fraction at 5 uM incubated for 5 hrs by equilibrium dialysis method,29112787,unknown,human
C[C@@H]1C[C@H]2[C@@H]3CCC4=CC(=O)C=C[C@]4(C)[C@@]3(F)[C@@H](O)C[C@]2(C)[C@@]1(O)C(=O)CO,=,0.9916376970957856,,CHEMBL1043580,CHEMBL1156824,Fraction unbound in human plasma,2991959,unknown,human
C[C@@H]1Cc2c([nH]c3ccccc23)[C@@H](c2c(F)cc(/C=C/C(=O)O)cc2F)N1CC(C)(C)F,=,-1.4276606286264133,,CHEMBL3624766,CHEMBL3621041,Fraction unbound in human 10% plasma by equilibrium dialysis,15740583,unknown,human
C[C@@H]1Cc2c([nH]c3ccccc23)[C@@H](c2c(F)cc(/C=C/C(=O)O)cc2F)N1CC(C)(C)F,=,-1.4276606286264133,,CHEMBL4308793,CHEMBL4304838,Fraction unbound in human plasma by equilibrium dialysis method,18861483,unknown,human
C[C@@H]1Cc2c([nH]c3ccccc23)[C@@H](c2c(F)cc(OCCN3CC(CF)C3)cc2F)N1CC(C)(C)F,=,-1.489290242148187,,CHEMBL4308793,CHEMBL4304838,Fraction unbound in human plasma by equilibrium dialysis method,18861487,unknown,human
C[C@@H]1Cc2c([nH]c3ccccc23)[C@@H](c2c(F)cc(OCCN3CC(CF)C3)cc2F)N1CC(C)(C)F,=,-1.489290242148187,,CHEMBL5381572,CHEMBL5380788,Protein binding in human plasma assessed as unbound fraction by equilibrium dialysis assay,25688080,unknown,human
C[C@@H]1Cc2c([nH]c3ccccc23)[C@@H](c2c(F)cc(OCCN3CC(CF)C3)cc2F)N1CC1(F)COC1,=,-0.1817828950592638,,CHEMBL5381572,CHEMBL5380788,Protein binding in human plasma assessed as unbound fraction by equilibrium dialysis assay,25688081,unknown,human
C[C@@H]1Cc2c([nH]c3ccccc23)[C@@H](c2c(F)cc(OCCNCCCF)cc2F)N1CC(F)(F)CO,=,-0.1658234909178525,,CHEMBL5381572,CHEMBL5380788,Protein binding in human plasma assessed as unbound fraction by equilibrium dialysis assay,25688109,unknown,human
C[C@@H]1Cc2c([nH]c3ccccc23)[C@@H](c2c(F)cc(OCCNCCCF)cc2F)N1CC1(F)COC1,=,-0.0663806427073687,,CHEMBL5381572,CHEMBL5380788,Protein binding in human plasma assessed as unbound fraction by equilibrium dialysis assay,25688082,unknown,human
C[C@@H]1Cc2c([nH]c3ccccc23)[C@@H](c2c(F)ccc(OCCNCCCF)c2F)N1CC(F)(F)CO,=,-0.0663806427073687,,CHEMBL5381572,CHEMBL5380788,Protein binding in human plasma assessed as unbound fraction by equilibrium dialysis assay,25688108,unknown,human
C[C@@H]1Cc2c([nH]c3ccccc23)[C@@H](c2c(F)ccc(OCCNCCCF)c2F)N1C[C@H](C)C(=O)O,=,1.0780232135954766,,CHEMBL5381572,CHEMBL5380788,Protein binding in human plasma assessed as unbound fraction by equilibrium dialysis assay,25688113,unknown,human
C[C@@H]1Cc2c([nH]c3ccccc23)[C@@H](c2cc(F)cc(OCCNCCCF)c2)N1CC(F)(F)F,=,-1.4678964174350568,,CHEMBL5381572,CHEMBL5380788,Protein binding in human plasma assessed as unbound fraction by equilibrium dialysis assay,25688098,unknown,human
C[C@@H]1Cc2c([nH]c3ccccc23)[C@@H](c2cc(OCCNCCCF)ccc2F)N1CC(F)(F)F,=,-0.4020844485401025,,CHEMBL5381572,CHEMBL5380788,Protein binding in human plasma assessed as unbound fraction by equilibrium dialysis assay,25688097,unknown,human
C[C@@H]1Cc2c([nH]c3ccccc23)[C@@H](c2ccc(Cl)cc2)N1C[C@H](C)C(=O)O,=,-0.5466961870436686,,CHEMBL3624766,CHEMBL3621041,Fraction unbound in human 10% plasma by equilibrium dialysis,15740580,unknown,human
C[C@@H]1Cc2c([nH]c3ccccc23)[C@@H](c2ccc(F)c(OCCNCCCF)c2)N1CC(F)(F)F,=,-0.9989873691485958,,CHEMBL5381572,CHEMBL5380788,Protein binding in human plasma assessed as unbound fraction by equilibrium dialysis assay,25688099,unknown,human
C[C@@H]1Cc2c([nH]c3ccccc23)[C@@H](c2ccc(OCCNCCCF)cc2)N1CC1(F)COC1,=,0.0274122001586224,,CHEMBL5381572,CHEMBL5380788,Protein binding in human plasma assessed as unbound fraction by equilibrium dialysis assay,25688083,unknown,human
C[C@@H]1Cc2c([nH]c3ccccc23)[C@@H](c2cccc(N(C)CCNCCCF)c2)N1CC1(F)COC1,=,-0.2701994406127747,,CHEMBL5381572,CHEMBL5380788,Protein binding in human plasma assessed as unbound fraction by equilibrium dialysis assay,25688088,unknown,human
C[C@@H]1Cc2c([nH]c3ccccc23)[C@@H](c2cccc(NCCNCCCF)c2)N1CC1(F)COC1,=,-0.0794379744181615,,CHEMBL5381572,CHEMBL5380788,Protein binding in human plasma assessed as unbound fraction by equilibrium dialysis assay,25688087,unknown,human
C[C@@H]1Cc2c([nH]c3ccccc23)[C@@H](c2cccc(OCCCN3CC(CF)C3)c2)N1CC1(F)COC1,=,0.0585156666555915,,CHEMBL5381572,CHEMBL5380788,Protein binding in human plasma assessed as unbound fraction by equilibrium dialysis assay,25688086,unknown,human
C[C@@H]1Cc2c([nH]c3ccccc23)[C@@H](c2cccc(OCCCNCCCF)c2)N1CC1(F)COC1,=,0.0483601898030849,,CHEMBL5381572,CHEMBL5380788,Protein binding in human plasma assessed as unbound fraction by equilibrium dialysis assay,25688085,unknown,human
C[C@@H]1Cc2c([nH]c3ccccc23)[C@@H](c2cccc(OCCNCCCF)c2)N1CC(F)(F)F,=,-0.6588657658303905,,CHEMBL5381572,CHEMBL5380788,Protein binding in human plasma assessed as unbound fraction by equilibrium dialysis assay,25688096,unknown,human
C[C@@H]1Cc2c([nH]c3ccccc23)[C@@H](c2cccc(OCCNCCCF)c2)N1CC1(F)COC1,=,0.1904006745829195,,CHEMBL5381572,CHEMBL5380788,Protein binding in human plasma assessed as unbound fraction by equilibrium dialysis assay,25688084,unknown,human
C[C@@H]1Cc2c([nH]c3ccccc23)[C@@H](c2cccc(OCCNCCCF)c2F)N1CC(F)(F)F,=,-0.83815877246113,,CHEMBL5381572,CHEMBL5380788,Protein binding in human plasma assessed as unbound fraction by equilibrium dialysis assay,25688100,unknown,human
C[C@@H]1Cc2c([nH]c3ccccc23)[C@@](C)(c2c(F)cc(/C=C/C(=O)O)cc2F)N1CC(C)(C)F,=,-1.390408106775508,,CHEMBL4308793,CHEMBL4304838,Fraction unbound in human plasma by equilibrium dialysis method,18861484,unknown,human
C[C@@H]1Cc2c([nH]c3ccccc23)[C@@](C)(c2c(F)cc(OCCN3CC(CF)C3)cc2F)N1CC(C)(C)F,=,-2.256406709371685,,CHEMBL4308793,CHEMBL4304838,Fraction unbound in human plasma by equilibrium dialysis method,18861488,unknown,human
C[C@@H]1Cc2c(c(F)cc3[nH]ncc23)[C@@H](c2ccc(NC3CN(CCCF)C3)cn2)N1CC(F)(F)F,=,0.7295926771865047,,CHEMBL4731984,CHEMBL4725497,Fraction unbound in human plasma by equilibrium dialysis method,22902475,unknown,human
C[C@@H]1Cc2c(cc(F)c3[nH]ncc23)[C@@H](c2ccc(NC3CN(CCCF)C3)cn2)N1CC(F)(F)F,=,0.5760837328427963,,CHEMBL4731984,CHEMBL4725497,Fraction unbound in human plasma by equilibrium dialysis method,22902474,unknown,human
C[C@@H]1Cc2c(ccc3[nH]ccc23)[C@@H](c2ccc(NC3CN(CCCF)C3)cn2)N1CC(F)(F)F,=,0.2487477183652802,,CHEMBL4676151,CHEMBL4673245,Fraction unbound in human plasma by equilibrium dialysis method,22429989,unknown,human
C[C@@H]1Cc2c(ccc3[nH]nc(F)c23)[C@@H](c2ccc(NC3CN(CCCF)C3)c(F)n2)N1CC(F)(F)F,=,0.213081770183828,,CHEMBL4731984,CHEMBL4725497,Fraction unbound in human plasma by equilibrium dialysis method,22902477,unknown,human
C[C@@H]1Cc2c(ccc3[nH]nc(F)c23)[C@@H](c2ncc(NC3CN(CCCF)C3)cc2F)N1CC(F)(F)F,=,0.0972023663893936,,CHEMBL4731984,CHEMBL4725497,Fraction unbound in human plasma by equilibrium dialysis method,22902478,unknown,human
C[C@@H]1Cc2c(ccc3[nH]ncc23)[C@@H](c2c(F)cc(/C=C/C(=O)O)cc2F)N1CC(C)(C)F,=,-1.0243379005704871,,CHEMBL4370323,CHEMBL4368914,Fraction unbound in 10% human plasma by equilibrium dialysis,19110414,unknown,human
C[C@@H]1Cc2c(ccc3[nH]ncc23)[C@@H](c2c(F)cc(/C=C/C(=O)O)cc2F)N1CC(C)(F)F,=,-0.7026045584107611,,CHEMBL4370323,CHEMBL4368914,Fraction unbound in 10% human plasma by equilibrium dialysis,19110415,unknown,human
C[C@@H]1Cc2c(ccc3[nH]ncc23)[C@@H](c2c(F)cc(OCCN3CC(CF)C3)cc2F)N1CC(C)(C)F,=,-0.8626845637357965,,CHEMBL4676151,CHEMBL4673245,Fraction unbound in human plasma by equilibrium dialysis method,22430017,unknown,human
C[C@@H]1Cc2c(ccc3[nH]ncc23)[C@@H](c2ccc(/C=C/C(=O)O)cc2)N1CC(C)(C)F,=,-0.820519102665081,,CHEMBL4370323,CHEMBL4368914,Fraction unbound in 10% human plasma by equilibrium dialysis,19110412,unknown,human
C[C@@H]1Cc2c(ccc3[nH]ncc23)[C@@H](c2ccc(N(C)C3CN(CCCF)C3)cn2)N1CC(F)(F)F,=,0.6107650009699698,,CHEMBL4676151,CHEMBL4673245,Fraction unbound in human plasma by equilibrium dialysis method,22429987,unknown,human
C[C@@H]1Cc2c(ccc3[nH]ncc23)[C@@H](c2ccc(N(C)[C@H]3CCN(CCCF)C3)cn2)N1CC(F)(F)F,=,0.1243808234872447,,CHEMBL4676151,CHEMBL4673245,Fraction unbound in human plasma by equilibrium dialysis method,22429985,unknown,human
C[C@@H]1Cc2c(ccc3[nH]ncc23)[C@@H](c2ccc(NC3CN(CCCF)C3)c(F)n2)N1CC(F)(F)F,=,0.6432071606868136,,CHEMBL4731984,CHEMBL4725497,Fraction unbound in human plasma by equilibrium dialysis method,22902472,unknown,human
C[C@@H]1Cc2c(ccc3[nH]ncc23)[C@@H](c2ccc(NC3CN(CCCF)C3)cn2)N1CC(C)(C)F,=,0.4069462030645636,,CHEMBL4676151,CHEMBL4673245,Fraction unbound in human plasma by equilibrium dialysis method,22430003,unknown,human
C[C@@H]1Cc2c(ccc3[nH]ncc23)[C@@H](c2ccc(NC3CN(CCCF)C3)cn2)N1CC(C)(F)F,=,0.8470259585922197,,CHEMBL4676151,CHEMBL4673245,Fraction unbound in human plasma by equilibrium dialysis method,22430001,unknown,human
C[C@@H]1Cc2c(ccc3[nH]ncc23)[C@@H](c2ccc(NC3CN(CCCF)C3)cn2)N1CC(F)(F)CO,=,1.3400682335047578,,CHEMBL4676151,CHEMBL4673245,Fraction unbound in human plasma by equilibrium dialysis method,22429999,unknown,human
C[C@@H]1Cc2c(ccc3[nH]ncc23)[C@@H](c2ccc(NC3CN(CCCF)C3)cn2)N1CC(F)(F)F,=,0.8256321338790893,,CHEMBL4676151,CHEMBL4673245,Fraction unbound in human plasma by equilibrium dialysis method,22429995,unknown,human
C[C@@H]1Cc2c(ccc3[nH]ncc23)[C@@H](c2ccc(NC3CN(CCCF)C3)cn2)N1CC(F)(F)F,=,0.8256321338790893,,CHEMBL4731984,CHEMBL4725497,Fraction unbound in human plasma by equilibrium dialysis method,22902471,unknown,human
C[C@@H]1Cc2c(ccc3[nH]ncc23)[C@@H](c2ccc(NC3CN(CCCF)C3)cn2)N1CC(F)F,=,1.1038072758825077,,CHEMBL4676151,CHEMBL4673245,Fraction unbound in human plasma by equilibrium dialysis method,22429997,unknown,human
C[C@@H]1Cc2c(ccc3[nH]ncc23)[C@@H](c2ccc(NC3CN(CCCF)C3)cn2)N1CC(F)F,=,1.1038072758825077,,CHEMBL4731984,CHEMBL4725497,Fraction unbound in human plasma by equilibrium dialysis method,22902479,unknown,human
C[C@@H]1Cc2c(ccc3[nH]ncc23)[C@@H](c2ccc(NC3CN(CCCF)C3)cn2)N1CC1(F)CC1,=,0.8872617474008635,,CHEMBL4676151,CHEMBL4673245,Fraction unbound in human plasma by equilibrium dialysis method,22430005,unknown,human
C[C@@H]1Cc2c(ccc3[nH]ncc23)[C@@H](c2ccc(NCCNCCCF)cn2)N1CC(F)(F)F,=,0.6432071606868136,,CHEMBL4676151,CHEMBL4673245,Fraction unbound in human plasma by equilibrium dialysis method,22429988,unknown,human
C[C@@H]1Cc2c(ccc3[nH]ncc23)[C@@H](c2ccc(N[C@H]3CCN(CCCF)C3)cn2)N1CC(F)(F)F,=,0.7024142200886537,,CHEMBL4676151,CHEMBL4673245,Fraction unbound in human plasma by equilibrium dialysis method,22429986,unknown,human
C[C@@H]1Cc2c(ccc3[nH]ncc23)[C@@H](c2ccc(OCCN3CC(CF)C3)cn2)N1CC(F)(F)F,=,0.8032871660118494,,CHEMBL4676151,CHEMBL4673245,Fraction unbound in human plasma by equilibrium dialysis method,22429993,unknown,human
C[C@@H]1Cc2c(ccc3[nH]ncc23)[C@@H](c2ccc(OCCN3CC(CF)C3)cn2)N1CC(F)F,=,1.205821377816723,,CHEMBL4676151,CHEMBL4673245,Fraction unbound in human plasma by equilibrium dialysis method,22429994,unknown,human
C[C@@H]1Cc2c(ccc3[nH]ncc23)[C@@H](c2ccc(OCCN3CC(CF)C3)cn2)N1CC1(F)CC1,=,1.022112421788494,,CHEMBL4676151,CHEMBL4673245,Fraction unbound in human plasma by equilibrium dialysis method,22430010,unknown,human
C[C@@H]1Cc2c(ccc3[nH]ncc23)[C@@H](c2ccc(O[C@H]3CCN(CCCF)C3)cn2)N1CC(F)(F)F,=,0.6107650009699698,,CHEMBL4676151,CHEMBL4673245,Fraction unbound in human plasma by equilibrium dialysis method,22429984,unknown,human
C[C@@H]1Cc2c(ccc3[nH]ncc23)[C@@H](c2ncc(NC3CN(CCCF)C3)cc2F)N1CC(F)(F)F,=,0.6432071606868136,,CHEMBL4731984,CHEMBL4725497,Fraction unbound in human plasma by equilibrium dialysis method,22902473,unknown,human
C[C@@H]1Cc2c(ccc3[nH]ncc23)[C@@](C)(c2c(F)cc(/C=C/C(=O)O)cc2F)N1CC(C)(C)F,=,-1.3078164121100209,,CHEMBL4370323,CHEMBL4368914,Fraction unbound in 10% human plasma by equilibrium dialysis,19110421,unknown,human
C[C@@H]1Cc2c(ccc3[nH]ncc23)[C@@](C)(c2c(F)cc(/C=C/C(=O)O)cc2F)N1CC(C)(F)F,=,-1.4086893580332165,,CHEMBL4370323,CHEMBL4368914,Fraction unbound in 10% human plasma by equilibrium dialysis,19110422,unknown,human
C[C@@H]1Cc2c(ccc3[nH]ncc23)[C@@](C)(c2ccc(NC3CN(CCCF)C3)cn2)N1CC(F)F,=,0.4069462030645636,,CHEMBL4676151,CHEMBL4673245,Fraction unbound in human plasma by equilibrium dialysis method,22429992,unknown,human
C[C@@H]1Cc2cc(O)ccc2[C@@H](c2c(F)cc(/C=C/C(=O)O)cc2F)N1CC(C)(C)F,=,-0.331829054134549,,CHEMBL3776156,CHEMBL3774369,Percentage unbound in human plasma by equilibrium dialysis method,16505140,unknown,human
C[C@@H]1Cc2cc(O)ccc2[C@@H](c2ccc(/C=C/C(=O)O)cc2)N1c1ccc(OC(F)(F)F)cc1,=,-0.8034775043339566,,CHEMBL3776156,CHEMBL3774369,Percentage unbound in human plasma by equilibrium dialysis method,16505139,unknown,human
C[C@@H]1Cn2c(nnc2C(F)(F)F)CN1C(=O)c1cccc(Cc2n[nH]c(=O)c3ccccc23)c1,=,0.7295926771865047,,CHEMBL3743819,CHEMBL3739394,Fraction unbound in human plasma,16407353,unknown,human
C[C@@H]1NC(=O)[C@@H](N(C)C(=O)[C@H](CCN)NC(=O)c2ccc(-c3ccc(C(C)(C)C)cc3)nc2N)c2ccc(OCCN)c(c2)-c2cc(ccc2OCCN)C[C@@H](C(=O)NCC#N)NC1=O,=,0.1746906770489424,,CHEMBL5375621,CHEMBL5370681,Unbound fraction in human plasma at 5 uM measured after 24 hrs by LC-MS/MS analysis,25668457,unknown,human
C[C@@H]1NC(=O)[C@@H](N(C)C(=O)[C@H](CCN)NC(=O)c2ccc(-c3ccc(Cl)cc3)cc2)c2ccc(OCCN)c(c2)-c2cc(ccc2OCCN)C[C@@H](C(=O)NCC#N)NC1=O,=,0.7553767394735358,,CHEMBL5375621,CHEMBL5370681,Unbound fraction in human plasma at 5 uM measured after 24 hrs by LC-MS/MS analysis,25668447,unknown,human
C[C@@H]1O[C@@H]1P(=O)(O)O,=,1.564407391078202,,CHEMBL1043580,CHEMBL1156824,Fraction unbound in human plasma,2978202,unknown,human
C[C@@H]1[C@@H]2CN(c3nc(Nc4cnn(C)c4)ncc3F)C[C@]12NC(=O)[C@@H]1CC1(F)F,=,-1.4678964174350568,,CHEMBL4620436,CHEMBL4619733,Protein binding in human plasma assessed as free fraction at 2 uM relative to control,20669629,unknown,human
C[C@@H]1[C@@H]2CN(c3nc(Nc4cnn(C)c4)ncc3F)C[C@]12NC(=O)[C@@H]1CC1(F)F,=,0.8470259585922197,,CHEMBL4620461,CHEMBL4619733,Fraction unbound in human plasma,20669690,unknown,human
C[C@@H]1[C@@H]2CN(c3nc(Nc4cnn(C)c4)ncc3F)C[C@]12NC(=O)[C@@H]1C[C@H]1C#N,=,-1.3727684369794593,,CHEMBL4620436,CHEMBL4619733,Protein binding in human plasma assessed as free fraction at 2 uM relative to control,20669627,unknown,human
C[C@@H]1[C@@H]2CN(c3nc(Nc4cnn(C)c4)ncc3F)C[C@]12NC(=O)[C@H]1CC1(F)F,=,-1.7041573750573065,,CHEMBL4620436,CHEMBL4619733,Protein binding in human plasma assessed as free fraction at 2 uM relative to control,20669630,unknown,human
C[C@@H]1[C@@H]2CN(c3nc(Nc4cnn(C)c4)ncc3F)C[C@]12NC(=O)[C@H]1C[C@@H]1C#N,=,-1.278238527988786,,CHEMBL4620436,CHEMBL4619733,Protein binding in human plasma assessed as free fraction at 2 uM relative to control,20669628,unknown,human
C[C@@H]1[C@@H]2CN(c3nc(Nc4cnn(CCO)c4)ncc3F)C[C@]12NC(=O)C1CC1,=,-1.339244083072902,,CHEMBL4620436,CHEMBL4619733,Protein binding in human plasma assessed as free fraction at 2 uM relative to control,20669623,unknown,human
C[C@@H]1[C@@H]2CN(c3nc(Nc4cnn(CCO)c4)ncc3F)C[C@]12NC(=O)[C@H]1C[C@@H]1C#N,=,-1.2503047303927313,,CHEMBL4620436,CHEMBL4619733,Protein binding in human plasma assessed as free fraction at 2 uM relative to control,20669626,unknown,human
C[C@@H]1[C@H](Nc2ncnc3[nH]ccc23)CCCN1C(=O)CNc1cc(Cl)cc(Cl)c1,=,-1.73883864318448,,CHEMBL5240420,CHEMBL5236642,Plasma protein binding in human assessed as unbound fraction at 2 uM by rapid equilibrium dialysis,25025496,unknown,human
C[C@@H]1[C@H](O)[C@@H](C)/C=C/C=C/C=C/C=C/C=C/C=C/C=C/[C@H](O[C@@H]2O[C@H](C)[C@@H](O)[C@H](N)[C@@H]2O)C[C@@H]2O[C@](O)(C[C@@H](O)C[C@@H](O)[C@H](O)CC[C@@H](O)C[C@@H](O)CC(=O)O[C@H]1C)C[C@H](O)[C@H]2C(=O)O,=,-0.0536539121311303,,CHEMBL1043580,CHEMBL1156824,Fraction unbound in human plasma,2990525,unknown,human
C[C@@](CCc1cc(-c2ccccc2)no1)(C(=O)NO)S(C)(=O)=O,=,-0.6186299770217468,,CHEMBL2166997,CHEMBL2163274,Fraction unbound in human plasma,12082120,unknown,human
C[C@@](CCc1cc(-c2ccccc2)on1)(C(=O)NO)S(C)(=O)=O,=,-0.5142540273268247,,CHEMBL2166997,CHEMBL2163274,Fraction unbound in human plasma,12082121,unknown,human
C[C@@](CCc1ccc(-c2ccccc2)cc1)(C(=O)NO)S(C)(=O)=O,=,-0.4020844485401025,,CHEMBL1960305,CHEMBL1955743,Fraction unbound in human plasma,8058474,unknown,human
C[C@@](CCc1ccc(-c2ccccc2)cc1)(C(=O)NO)S(C)(=O)=O,=,-0.331829054134549,,CHEMBL2025132,CHEMBL2021790,Fraction unbound in human plasma relative to untreated control,10876796,unknown,human
C[C@@](CCn1cc(-c2ccccc2)cn1)(C(=O)NO)S(C)(=O)=O,=,0.0379953069875534,,CHEMBL2166997,CHEMBL2163274,Fraction unbound in human plasma,12082119,unknown,human
C[C@@](CCn1ccc(-c2ccc(-n3nccn3)cc2)cc1=O)(C(=O)NO)S(C)(=O)=O,=,0.8675463182602577,,CHEMBL2025132,CHEMBL2021790,Fraction unbound in human plasma relative to untreated control,10876799,unknown,human
C[C@@](CCn1ccc(-c2ccccc2)cc1=O)(C(=O)NO)S(C)(=O)=O,=,0.5760837328427963,,CHEMBL2025132,CHEMBL2021790,Fraction unbound in human plasma relative to untreated control,10876797,unknown,human
C[C@@](N)(CCc1ccc(-c2nc3ccc(C4(c5ccccc5)CC4)nc3s2)c(F)c1)C(=O)O,=,-0.0928435423790931,,CHEMBL1954700,CHEMBL1949573,Fraction unbound in human plasma,8031324,unknown,human
C[C@@]1(N)C[C@@H](C(=O)N2CCC(c3ncnn3-c3ccc(F)c(Cl)c3)CC2)[C@H](c2ccc(F)cc2F)C1,=,0.7799025307482025,,CHEMBL2034222,CHEMBL2029344,Percentage unbound in 10% human plasma,10885899,unknown,human
C[C@@]1(N)C[C@H](C(=O)N2CCC(c3ccnn3-c3ccc(F)c(Cl)c3)CC2)[C@@H](c2ccc(F)cc2F)C1,=,0.1904006745829195,,CHEMBL2034222,CHEMBL2029344,Percentage unbound in 10% human plasma,10885891,unknown,human
C[C@@]1(NCCc2ccccc2)COCCCCOC[C@@H](C(=O)O)NC(=O)[C@@H]2CCCN2C(=O)CNC1=O.Cl,=,1.564407391078202,,CHEMBL3863238,CHEMBL3862006,Unbound fraction in human plasma,16766276,unknown,human
C[C@@]1(c2cc(F)cc(F)c2)CNC2(CCCC2)C(=O)N1CC(=O)Nc1ccc2c(c1)C[C@@]1(C2)C(=O)Nc2ncccc21,=,0.4362367599376376,,CHEMBL2040010,CHEMBL2034981,Fraction unbound in human plasma,10912583,unknown,human
C[C@@]1(c2cc(F)cc(F)c2)CNC2(CCCC2)C(=O)N1CC(=O)Nc1cnc2c(c1)C[C@@]1(C2)C(=O)Nc2ncccc21,=,1.0366838480384906,,CHEMBL2040010,CHEMBL2034981,Fraction unbound in human plasma,10912582,unknown,human
C[C@@]1(c2cc(NC(=O)c3ccc(C#N)cn3)ccc2F)C=CSC(N)=N1,=,-2.164757490253001,,CHEMBL4811883,CHEMBL4811232,Protein binding in human serum assessed as unbound fraction incubated for 24 hrs by LC/MS/MS analysis,23157571,unknown,human
C[C@@]1(c2cc(NC(=O)c3ccc(C#N)cn3)ccc2F)Cn2c(C#N)cnc2C(N)=N1,=,0.7553767394735358,,CHEMBL5041735,CHEMBL5038653,Free drug concentration in human plasma measured after 4.5 hrs by HPLC-MS/MS method,24393658,unknown,human
C[C@@]1(c2cc(NC(=O)c3ccc(Cl)cn3)ccc2F)COCC(N)=N1,=,1.022112421788494,,CHEMBL3635183,CHEMBL3632560,Fraction unbound in human plasma at 5 uM after 4.5 hrs by HPLC-MS/MS analysis,15769561,unknown,human
C[C@@]1(c2ccc(F)cc2F)C[C@@H](c2cncnc2)SC(N)=N1,=,1.064617645634545,,CHEMBL4429999,CHEMBL4428078,Fraction unbound in human plasma,19434208,unknown,human
C[C@@]1(c2cccc(NC(=O)c3ccc(Cl)cn3)c2)COCC(N)=N1,=,1.1401613542288764,,CHEMBL3635183,CHEMBL3632560,Fraction unbound in human plasma at 5 uM after 4.5 hrs by HPLC-MS/MS analysis,15769560,unknown,human
C[C@@]1(c2nc(C(=O)NCc3ccc(F)cc3)c(O)c(=O)[nH]2)CCCN1,=,0.7799025307482025,,CHEMBL1060103,CHEMBL1154041,Fraction unbound in human plasma at pH7.4 after 1 hr by ultrafiltration method,2725831,unknown,human
C[C@H](/C=C/[C@H](C)C(C)(C)O)[C@H]1CC[C@H]2/C(=C/C=C3C[C@@H](O)C[C@H](O)C3)CCC[C@]12C,=,-1.6717152153404626,,CHEMBL1043580,CHEMBL1156824,Fraction unbound in human plasma,2990450,unknown,human
C[C@H](C(=O)NCc1ccccc1)N1C(=O)CCC1=O,=,0.8428194151577548,,CHEMBL5119119,CHEMBL5113514,Plasma protein binding in human assessed as unbound fraction relative to control,24745493,unknown,human
C[C@H](C(=O)Nc1cccc2c(-c3nc(Nc4cccc(S(C)(=O)=O)c4F)ncc3F)c[nH]c12)N1CCN(C)CC1,=,0.1501648857742756,,CHEMBL5369329,CHEMBL5365521,Plasma protein binding in human assessed as free fraction,25646292,unknown,human
C[C@H](C(=O)Nc1nnc(N[C@@H]2CCN(c3cccnn3)C2)s1)c1ccccc1,=,0.5540650739821279,,CHEMBL4360341,CHEMBL4359817,Protein binding in human plasma assessed as unbound fraction by LC-MS-based equilibrium dialysis analysis,19065971,unknown,human
C[C@H](C(=O)O)[C@@H](NC(=O)c1ncnc2[nH]ccc12)c1ccc(Br)cc1,=,-0.2701994406127747,,CHEMBL5442324,CHEMBL5442321,"To determine the human plasma protein binding, the plasma is diluted to 50 % with pH 7.4 phosphate buffer and warmed to 37 C before adding test compounds achieving 5 uM concentration. The dialysis buffer is added to one side of the chamber of the RED device, and the incubation is initiated by the addition of 300 uL of the test compound protein solution to the opposing chamber. The samples are incubated for 4 hours. Equal volumes from the buffer and the plasma chambers are transferred into separate wells. 50 uL of 50 % blank plasma are added to the buffer samples, and 50 uL of buffer are added to the 50 % plasma samples to ensure matrix matching of samples from both the free and bound fractions. Acetonitrile containing internal standard are added to precipitate the protein. The supernatants are analyzed by LC-MS/MS and the results are calculated. The assay has been performed by Concept Life Sciences Ltd.",25749861,unknown,human
C[C@H](CF)CN1[C@H](c2c(F)cc(/C=C/C(=O)O)cc2F)c2ccc(O)cc2CC1(C)C,=,-1.5595456365537408,,CHEMBL3776156,CHEMBL3774369,Percentage unbound in human plasma by equilibrium dialysis method,16505135,unknown,human
C[C@H](CF)CN1[C@H](c2c(F)cc(/C=C/C(=O)O)cc2F)c2ccc(O)cc2C[C@H]1C,=,-0.8034775043339566,,CHEMBL3776156,CHEMBL3774369,Percentage unbound in human plasma by equilibrium dialysis method,16505141,unknown,human
C[C@H](CF)CN1[C@H](c2ccc(/C=C/C(=O)O)cc2)c2ccc(O)cc2CC1(C)C,=,-0.7505149849490745,,CHEMBL3776156,CHEMBL3774369,Percentage unbound in human plasma by equilibrium dialysis method,16505136,unknown,human
C[C@H](CF)CN1[C@H](c2ccc(/C=C/C(=O)O)cc2)c2ccc(O)cc2C[C@H]1C,=,-0.2701994406127747,,CHEMBL3776156,CHEMBL3774369,Percentage unbound in human plasma by equilibrium dialysis method,16505142,unknown,human
C[C@H](CO)CN1[C@H](c2ccc(/C=C/C(=O)O)cc2)c2[nH]c3ccccc3c2C[C@H]1C,=,0.016601482274423,,CHEMBL3624766,CHEMBL3621041,Fraction unbound in human 10% plasma by equilibrium dialysis,15740581,unknown,human
C[C@H](CO)Nc1cc(C(=O)NS(C)(=O)=O)nc(SCc2ccccc2)n1,=,0.2276531964338244,,CHEMBL3404719,CHEMBL3400046,Fraction unbound in human plasma by equilibrium dialysis method,15166043,unknown,human
C[C@H](CO)Nc1cc(C(=O)O)nc(SCc2ccccc2)n1,=,-0.7505149849490745,,CHEMBL3404719,CHEMBL3400046,Fraction unbound in human plasma by equilibrium dialysis method,15166042,unknown,human
C[C@H](CO)Nc1cc(NS(=O)(=O)N(C)C)nc(SCc2ccccc2)n1,=,-0.4278685108271337,,CHEMBL3404719,CHEMBL3400046,Fraction unbound in human plasma by equilibrium dialysis method,15166050,unknown,human
C[C@H](CO)Nc1cc(NS(=O)(=O)N2CCC2)nc(SCc2cccc(F)c2F)n1,=,-0.7505149849490745,,CHEMBL3404719,CHEMBL3400046,Fraction unbound in human plasma by equilibrium dialysis method,15166054,unknown,human
C[C@H](CO)Nc1cc(NS(=O)(=O)N2CCCC2)nc(SCc2cccc(F)c2F)n1,=,-1.0072963022393624,,CHEMBL3404719,CHEMBL3400046,Fraction unbound in human plasma by equilibrium dialysis method,15166056,unknown,human
C[C@H](CO)Nc1cc(NS(=O)(=O)N2CCCCC2)nc(SCc2cccc(F)c2F)n1,=,-0.5813774551708419,,CHEMBL3404719,CHEMBL3400046,Fraction unbound in human plasma by equilibrium dialysis method,15166057,unknown,human
C[C@H](CO)Nc1cc(NS(=O)(=O)N2CCNCC2)nc(SCc2cccc(Cl)c2F)n1,=,-0.0928435423790931,,CHEMBL3404719,CHEMBL3400046,Fraction unbound in human plasma by equilibrium dialysis method,15166053,unknown,human
C[C@H](CO)Nc1cc(NS(=O)(=O)N2CCOCC2)nc(SCc2cccc(Cl)c2F)n1,=,-0.5466961870436686,,CHEMBL3404719,CHEMBL3400046,Fraction unbound in human plasma by equilibrium dialysis method,15166059,unknown,human
C[C@H](CO)Nc1cc(NS(=O)(=O)N2CCOCC2)nc(SCc2cccc(F)c2F)n1,=,-0.1982656506346964,,CHEMBL3404719,CHEMBL3400046,Fraction unbound in human plasma by equilibrium dialysis method,15166058,unknown,human
C[C@H](CO)Nc1cc(NS(=O)(=O)c2cn(C)cn2)nc(SCc2cccc(Cl)c2F)n1,=,-0.4278685108271337,,CHEMBL3404719,CHEMBL3400046,Fraction unbound in human plasma by equilibrium dialysis method,15166052,unknown,human
C[C@H](CO)Nc1cc(NS(=O)(=O)c2cn(C)cn2)nc(SCc2cccc(F)c2F)n1,=,-0.3775586572654357,,CHEMBL3404719,CHEMBL3400046,Fraction unbound in human plasma by equilibrium dialysis method,15166051,unknown,human
C[C@H](CO)Nc1cc(NS(C)(=O)=O)nc(SCc2ccccc2)n1,=,-0.4278685108271337,,CHEMBL3404719,CHEMBL3400046,Fraction unbound in human plasma by equilibrium dialysis method,15166044,unknown,human
C[C@H](CO)Nc1nc(SCc2cccc(Cl)c2F)nc2[nH]c(=O)sc12,=,-2.0201457517494346,,CHEMBL949063,CHEMBL1141618,Protein binding as % unbound in human plasma,2103760,unknown,human
C[C@H](CO)Nc1nc(SCc2cccc(F)c2F)nc2[nH]c(=O)c(C#N)cc12,=,-0.4837793026341161,,CHEMBL949063,CHEMBL1141618,Protein binding as % unbound in human plasma,2103701,unknown,human
C[C@H](CO)Nc1nc(SCc2cccc(F)c2F)nc2[nH]c(=O)cnc12,=,-0.6588657658303905,,CHEMBL949063,CHEMBL1141618,Protein binding as % unbound in human plasma,2103702,unknown,human
C[C@H](CO)Nc1nc(SCc2cccc(F)c2F)nc2[nH]c(=O)sc12,=,-1.3727684369794593,,CHEMBL949063,CHEMBL1141618,Protein binding as % unbound in human plasma,2103700,unknown,human
C[C@H](CO)Nc1nc(SCc2cccc(F)c2F)nc2[nH]c(=O)sc12,=,-1.3557268386483343,,CHEMBL3404719,CHEMBL3400046,Fraction unbound in human plasma by equilibrium dialysis method,15166041,unknown,human
C[C@H](CO)Nc1nc(SCc2cccc(F)c2F)nc2[nH]c(N)nc12,=,-0.331829054134549,,CHEMBL949063,CHEMBL1141618,Protein binding as % unbound in human plasma,2103705,unknown,human
C[C@H](CO)Nc1nc(SCc2cccc(F)c2F)nc2nc(N)cnc12,=,0.0782310957961973,,CHEMBL949063,CHEMBL1141618,Protein binding as % unbound in human plasma,2103704,unknown,human
C[C@H](CO)Nc1nc(SCc2cccc(F)c2F)nc2nc(N)sc12,=,-0.2701994406127747,,CHEMBL949063,CHEMBL1141618,Protein binding as % unbound in human plasma,2103672,unknown,human
C[C@H](CO)Nc1nc(SCc2cccc(F)c2F)nc2nc(N)sc12,=,-0.2701994406127747,,CHEMBL3404719,CHEMBL3400046,Fraction unbound in human plasma by equilibrium dialysis method,15166040,unknown,human
C[C@H](CO)Nc1nc(SCc2cccc(F)c2F)nc2nc(NS(C)(=O)=O)sc12,=,-0.7026045584107611,,CHEMBL949063,CHEMBL1141618,Protein binding as % unbound in human plasma,2103703,unknown,human
C[C@H](CO)Nc1nc(SCc2ccccc2)nc2[nH]c(=O)sc12,=,-1.4086893580332165,,CHEMBL949063,CHEMBL1141618,Protein binding as % unbound in human plasma,2103757,unknown,human
C[C@H](CO)Nc1nc(SCc2ccccc2)nc2nc(N)sc12,=,0.1064260931939052,,CHEMBL949063,CHEMBL1141618,Protein binding as % unbound in human plasma,2103758,unknown,human
C[C@H](CO)Nc1nc(SCc2ccccc2F)nc2[nH]c(=O)sc12,=,-1.6717152153404626,,CHEMBL949063,CHEMBL1141618,Protein binding as % unbound in human plasma,2103759,unknown,human
C[C@H](CO)Nc1nc(SCc2ccco2)nc2[nH]c(=O)sc12,=,-0.4550469679249845,,CHEMBL949063,CHEMBL1141618,Protein binding as % unbound in human plasma,2103755,unknown,human
C[C@H](CO)Nc1nc(SCc2ccco2)nc2nc(N)sc12,=,0.4985954221832476,,CHEMBL949063,CHEMBL1141618,Protein binding as % unbound in human plasma,2103756,unknown,human
C[C@H](CS(C)(=O)=O)Nc1n[nH]c2nc(Oc3ccc(F)cc3F)ncc12,=,0.7215923119178357,,CHEMBL1781133,CHEMBL1777778,Fraction unbound in human plasma,6208251,unknown,human
C[C@H](CS)C(=O)N1CCC[C@H]1C(=O)O,=,1.4062089063789185,,CHEMBL1043580,CHEMBL1156824,Fraction unbound in human plasma,2993442,unknown,human
C[C@H](F)Cn1ccc2nc(Nc3cnn(C4CC5(C4)CN(C)C5)c3)nc(NC3(C)CC3)c2c1=O,=,0.6736818853795221,,CHEMBL5122784,CHEMBL5120828,Fraction unbound in human plasma,24756910,unknown,human
C[C@H](NC(=O)C(F)(F)F)[C@H](Oc1ccc2c(cnn2-c2ccc(F)cc2)c1)c1ccccc1,=,-3.065437360976351,,CHEMBL3868168,CHEMBL3867467,Fraction unbound in human plasma at 10 uM,16797702,unknown,human
C[C@H](NC(=O)CNC(=O)c1cccc(Cl)c1)c1ccccc1,=,0.4069462030645636,,CHEMBL3637285,CHEMBL3632607,Fraction unbound in human plasma at 0.1 to 10 uM after 6 hrs by LC-MS/MS analysis,15773225,unknown,human
C[C@H](NC(=O)CO)[C@H](Oc1ccc2c(cnn2-c2ccc(F)cc2)c1)c1ccc(S(C)(=O)=O)cc1,=,-0.0536539121311303,,CHEMBL3868168,CHEMBL3867467,Fraction unbound in human plasma at 10 uM,16797703,unknown,human
C[C@H](NC(=O)c1c(N)nn2cccnc12)c1cc2cccc(C#Cc3cnn(C)c3)c2c(=O)n1-c1ccccc1,=,-0.7026045584107611,,CHEMBL3855751,CHEMBL3853350,Fraction unbound in human plasma at 1 uM after 5 hrs by rapid equilibrium dialysis based LC-MS/MS analysis,16672482,unknown,human
C[C@H](NC(=O)c1c(Nc2cccc(C(F)(F)F)c2)c2ccccc2n1C)c1ccc(C(=O)O)cc1,=,1.4708645366237147,,CHEMBL5321042,CHEMBL5316375,Plasma protein binding in human assessed as parent compound remaining at 1 uM incubated for 6 hrs by LC-MS/MS analysis,25458912,unknown,human
C[C@H](NC(=O)c1c[nH]c2ncc(C3CC3)nc12)C(C)(C)C#N,=,0.1980753123125893,,CHEMBL2329051,CHEMBL2321829,Fraction unbound in human plasma by equilibrium dialysis method,12647800,unknown,human
C[C@H](NC(=O)c1c[nH]c2ncc(C3CC3)nc12)C(C)(C)O,=,0.481553823852123,,CHEMBL2329051,CHEMBL2321829,Fraction unbound in human plasma by equilibrium dialysis method,12647801,unknown,human
C[C@H](NC(=O)c1cn(-c2c(F)cc(F)cc2F)c2nc(N3C[C@@H](O)[C@H](O)C3)c(F)cc2c1=O)C(F)(F)C(F)(F)F,=,-0.1817828950592638,,CHEMBL6085926,CHEMBL6083268,Fraction unbound in human plasma,29102246,unknown,human
C[C@H](NS(=O)(=O)C1CC1)[C@H](Oc1ccc2c(cnn2-c2ccc(F)cc2)c1)c1ccc(S(C)(=O)=O)cc1,=,-0.5142540273268247,,CHEMBL3868168,CHEMBL3867467,Fraction unbound in human plasma at 10 uM,16797701,unknown,human
C[C@H](NS(=O)(=O)c1ccc(-c2sc(C(=O)NCC(C)(C)O)nc2C(=O)N2CCC(F)CC2)c(Cl)c1Cl)C(F)(F)F,=,0.3811621407775327,,CHEMBL4620732,CHEMBL4619752,Protein binding in human plasma assessed as free fraction by equilibrium dialysis,20671638,unknown,human
C[C@H](N[C@@H](CCc1ccccc1)C(=O)O)C(=O)N1CCC[C@H]1C(=O)O,=,1.3241088293633465,,CHEMBL1043580,CHEMBL1156824,Fraction unbound in human plasma,2993313,unknown,human
C[C@H](N[C@@H](CCc1ccccc1)C(=O)O)C(=O)N1Cc2ccccc2C[C@H]1C(=O)O,=,0.9916376970957856,,CHEMBL1043580,CHEMBL1156824,Fraction unbound in human plasma,2991961,unknown,human
C[C@H](N[S@@]1(=O)=NC(=O)c2ccccc21)c1ccccc1,=,0.348367100030422,,CHEMBL4036848,CHEMBL4033761,Fraction unbound in human plasma,18167947,unknown,human
C[C@H](N[S@]1(=O)=NC(=O)c2ccccc21)c1ccccc1,=,-0.5813774551708419,,CHEMBL4036848,CHEMBL4033761,Fraction unbound in human plasma,18167946,unknown,human
C[C@H](Nc1c(C(N)=O)nnc2ccc(-c3ccc(OCCCN(C)C)nc3)cc12)C1CCOCC1,=,0.5388312109918915,,CHEMBL4200484,CHEMBL4196159,Protein binding in human plasma assessed as unbound fraction by equilibrium dialysis method,18556335,unknown,human
C[C@H](Nc1ccc2c(c1)OCCn1cc(N3C(=O)OC[C@H]3C(F)F)nc1-2)C(N)=O,=,1.2983247670763156,,CHEMBL5153883,CHEMBL5150064,Plasma protein binding in human assessed as unbound fraction at 5 uM incubated for 4 hrs by equllibrium dialysis method,24873989,unknown,human
C[C@H](Nc1ccc2ncn(-c3cc(C4CC4)[nH]n3)c2n1)c1ncc(F)cn1,=,0.6432071606868136,,CHEMBL2154696,CHEMBL2150905,Fraction unbound in human plasma,12051541,unknown,human
C[C@H](Nc1ncnc(N)c1C#N)c1nc2ccc(F)cc2n1-c1cc(F)cc(F)c1,=,0.4985954221832476,,CHEMBL4716081,CHEMBL4715688,Plasma protein in human assessed as unbound fraction at 5 uM by LC-MS analysis based ultracentrifugation assay,22819586,unknown,human
C[C@H](Nc1ncnc(N)c1C#N)c1nc2ccc(F)cc2n1-c1ccc(F)cc1,=,0.4548566296028772,,CHEMBL4716081,CHEMBL4715688,Plasma protein in human assessed as unbound fraction at 5 uM by LC-MS analysis based ultracentrifugation assay,22819587,unknown,human
C[C@H](Nc1ncnc(N)c1C#N)c1nc2ccc(F)cc2n1-c1cccc(F)c1,=,0.4985954221832476,,CHEMBL4716081,CHEMBL4715688,Plasma protein in human assessed as unbound fraction at 5 uM by LC-MS analysis based ultracentrifugation assay,22819588,unknown,human
C[C@H](Nc1ncnc(N)c1C#N)c1nc2ccc(F)cc2n1-c1cccc(S(C)(=O)=O)c1,=,1.1038072758825077,,CHEMBL4716081,CHEMBL4715688,Plasma protein in human assessed as unbound fraction at 5 uM by LC-MS analysis based ultracentrifugation assay,22819589,unknown,human
C[C@H](Nc1ncnc(N)c1C#N)c1nc2ccc(F)cc2n1-c1ccccc1,=,0.2276531964338244,,CHEMBL4716081,CHEMBL4715688,Plasma protein in human assessed as unbound fraction at 5 uM by LC-MS analysis based ultracentrifugation assay,22819585,unknown,human
C[C@H](Nc1ncnc(N)c1C#N)c1nc2ccc(F)cc2n1-c1ccccn1,=,0.90623301799406,,CHEMBL4716081,CHEMBL4715688,Plasma protein in human assessed as unbound fraction at 5 uM by LC-MS analysis based ultracentrifugation assay,22819584,unknown,human
C[C@H](Nc1ncnc(N)c1C#N)c1nc2ccc(F)cc2n1-c1cccnc1,=,1.0508447564976258,,CHEMBL4716081,CHEMBL4715688,Plasma protein in human assessed as unbound fraction at 5 uM by LC-MS analysis based ultracentrifugation assay,22819583,unknown,human
C[C@H](Nc1ncnc(N)c1C#N)c1nc2ccc(F)cc2n1-c1cncc(F)c1,=,0.9591955373789416,,CHEMBL4716081,CHEMBL4715688,Plasma protein in human assessed as unbound fraction at 5 uM by LC-MS analysis based ultracentrifugation assay,22819582,unknown,human
C[C@H](Nc1ncnc2[nH]cnc12)c1cc(Cl)c2cccnc2c1-c1cccc(F)c1,=,-0.5813774551708419,,CHEMBL4410901,CHEMBL4406913,Fractional unbound in human plasma,19290413,unknown,human
C[C@H](Nc1ncnc2[nH]cnc12)c1cc(Cl)c2ccnnc2c1-c1cccc(F)c1,=,0.1417163002289445,,CHEMBL4410901,CHEMBL4406913,Fractional unbound in human plasma,19290414,unknown,human
C[C@H](Nc1ncnc2[nH]cnc12)c1cc2ccc(F)cc2nc1-c1ccccn1,=,0.6432071606868136,,CHEMBL4428728,CHEMBL4428047,Fraction unbound in human plasma at 5 uM by LC/MS assay based ultracentrifugation method,19429958,unknown,human
C[C@H](O)C(=O)N1CCC(n2c(=O)n(C)c3cnc4ccc(-c5cccc6[nH]ncc56)nc4c32)CC1,=,0.4119480254968721,,CHEMBL2346304,CHEMBL2331555,Fraction unbound in human plasma,12682373,unknown,human
C[C@H](O)CNc1ncnn1-c1noc2c(F)c3c(cc12)CC1(C(=O)NC(=O)NC1=O)[C@H]1[C@H](C)O[C@H](C)CN31,=,0.4985954221832476,,CHEMBL4730283,CHEMBL4725408,Protein binding in human plasma assessed as unbound fraction at 10 uM measured after 16 hrs by LC-MS/MS based equilibrium dialysis method,22894964,unknown,human
C[C@H](Oc1cc2cc(F)cc(F)c2nc1N)c1cc(C(=O)O)ccc1-n1cccn1,=,-0.2512281700195782,,CHEMBL4775407,CHEMBL4765473,Unbound fraction in human plasma,22992081,unknown,human
C[C@H](Oc1cc2cc(F)ccc2nc1N)c1[nH]c(=O)ccc1-n1cccn1,=,0.649451700703772,,CHEMBL4775407,CHEMBL4765473,Unbound fraction in human plasma,22992082,unknown,human
C[C@H](c1cc(C(=O)N(C)C)cc2c(=O)cc(N3CCOCC3)oc12)N(C)c1cc(F)cc(F)c1,=,0.4985954221832476,,CHEMBL3411411,CHEMBL3407416,Fraction unbound in human plasma,15197787,unknown,human
C[C@H](c1cc(C(=O)N(C)CCO)cc2c(=O)cc(N3CCOCC3)oc12)N(C)c1cc(F)cc(F)c1,=,0.6736818853795221,,CHEMBL3411411,CHEMBL3407416,Fraction unbound in human plasma,15197788,unknown,human
C[C@H](c1cc(C(=O)N2CCC(O)CC2)cc2c(=O)cc(N3CCOCC3)oc12)N(C)c1cc(F)cc(F)c1,=,0.6736818853795221,,CHEMBL3411411,CHEMBL3407416,Fraction unbound in human plasma,15197789,unknown,human
C[C@H](c1ccc(F)cc1)N(Cc1cccc(C(=O)O)c1)C(=O)c1cnc2ccccc2c1,=,-0.6588657658303905,,CHEMBL3579578,CHEMBL3576831,Fraction unbound in human plasma,15608198,unknown,human
C[C@H](c1ccc(F)cc1)N1C(=O)O[C@](Cc2ccccc2)(c2nc3c(C(F)(F)F)cccc3[nH]2)C1=O,=,-1.5595456365537408,,CHEMBL3579310,CHEMBL3576820,Fraction unbound in 10% human plasma,15602373,unknown,human
C[C@H](c1ccc(F)cc1)N1C(=O)O[C@](Cc2ccccc2)(c2nc3c(NS(C)(=O)=O)cccc3[nH]2)C1=O,=,0.133123287443151,,CHEMBL3579310,CHEMBL3576820,Fraction unbound in 10% human plasma,15602374,unknown,human
C[C@H](c1ccc(F)cc1)N1C(=O)O[C@](Cc2ccccc2)(c2nc3cc(-c4cc[nH]n4)ccc3[nH]2)C1=O,=,-0.0536539121311303,,CHEMBL3579310,CHEMBL3576820,Fraction unbound in 10% human plasma,15602370,unknown,human
C[C@H](c1ccc(F)cc1)N1C(=O)O[C@](Cc2ccccc2)(c2nc3cc(-c4cccnc4)ccc3[nH]2)C1=O,=,-1.5595456365537408,,CHEMBL3579310,CHEMBL3576820,Fraction unbound in 10% human plasma,15602372,unknown,human
C[C@H](c1ccc(F)cc1)N1C(=O)O[C@](Cc2ccccc2)(c2nc3cc(C(F)(F)F)ccc3[nH]2)C1=O,=,-1.5595456365537408,,CHEMBL3579310,CHEMBL3576820,Fraction unbound in 10% human plasma,15602368,unknown,human
C[C@H](c1ccc(F)cc1)N1C(=O)O[C@](Cc2ccccc2)(c2nc3cc(Cl)ccc3[nH]2)C1=O,=,-1.5595456365537408,,CHEMBL3579310,CHEMBL3576820,Fraction unbound in 10% human plasma,15602367,unknown,human
C[C@H](c1ccc(F)cc1)N1C(=O)O[C@](Cc2ccccc2)(c2nc3cc(N4CCOCC4)ccc3[nH]2)C1=O,=,0.3704664392551143,,CHEMBL3579310,CHEMBL3576820,Fraction unbound in 10% human plasma,15602371,unknown,human
C[C@H](c1ccc(F)cc1)N1C(=O)O[C@](Cc2ccccc2)(c2nc3cc(NS(C)(=O)=O)ccc3[nH]2)C1=O,=,-0.135348766225144,,CHEMBL3579310,CHEMBL3576820,Fraction unbound in 10% human plasma,15602369,unknown,human
C[C@H](c1nc2c(cnn2C2CCOCC2)c(=O)[nH]1)N1CC(Oc2ccccc2)C1,=,0.8256321338790893,,CHEMBL2184728,CHEMBL2176956,Fraction unbound in human plasma,12152153,unknown,human
C[C@H](c1nnc2c(F)cc(-c3cnn(C)c3)cn12)n1ccc2ncccc2c1=O,=,1.1933576234468342,,CHEMBL3788771,CHEMBL3784965,Fraction unbound in human plasma at 5 ug/ml by equilibrium dialysis method,16526389,unknown,human
C[C@H]1CCCN(Cc2cc3c(C(F)(F)F)cn(-c4cccc([C@]5(c6nncn6C)C[C@@H](C)C5)c4)c(=O)c3[nH]2)C1,=,-0.0807625575481564,,CHEMBL6179800,CHEMBL6177960,Protein binding in human plasma assessed as unbound fraction at 5 uM incubated for 5 hrs by equilibrium dialysis based LC-MS analysis,29297164,unknown,human
C[C@H]1CCCN(Cc2cc3c(c(C(F)(F)F)c2)CN(c2cccc([C@]4(c5nncn5C)C[C@@H](C)C4)c2)C3=O)C1,=,0.080160768058269,,CHEMBL6179800,CHEMBL6177960,Protein binding in human plasma assessed as unbound fraction at 5 uM incubated for 5 hrs by equilibrium dialysis based LC-MS analysis,29297163,unknown,human
C[C@H]1CCCN1C(=O)c1nc(C(=O)NCC(C)(C)O)sc1-c1ccc(C(O)(C(F)(F)F)C(F)(F)F)c(Cl)c1Cl,=,-0.8626845637357965,,CHEMBL6139539,CHEMBL6134884,Plasma protein binding in human assessed as unbound fraction,29262543,unknown,human
C[C@H]1CCCOc2cc(F)ccc2C(=O)Nc2cccc(n2)-c2nncn21,=,-0.0928435423790931,,CHEMBL4324216,CHEMBL4321844,Unbound fraction in human plasma at 1 uM incubated for 4 hrs by rapid equilibrium dialysis method,18924420,unknown,human
C[C@H]1CCCOc2ccccc2C(=O)Nc2cccc(n2)-c2nncn21,=,-0.3104352294214184,,CHEMBL4324216,CHEMBL4321844,Unbound fraction in human plasma at 1 uM incubated for 4 hrs by rapid equilibrium dialysis method,18924414,unknown,human
C[C@H]1CCCn2cnnc2-c2cccc(n2)NC(=O)c2ccccc2O1,=,-0.1817828950592638,,CHEMBL4324216,CHEMBL4321844,Unbound fraction in human plasma at 1 uM incubated for 4 hrs by rapid equilibrium dialysis method,18924417,unknown,human
C[C@H]1CCN1c1nc(-c2cnn(CC(=O)N3CCNCC3)c2)cc(C(F)(F)F)n1,=,0.6107650009699698,,CHEMBL5377206,CHEMBL5375962,Unbound fraction in human plasma at 1 uM,25673739,unknown,human
C[C@H]1CCN1c1nc(N2CC[C@H](CCC(=O)O)C2)c2c(n1)C(F)(F)CC2,=,0.348367100030422,,CHEMBL5370039,CHEMBL5365534,Fraction unbound in human plasma,25648293,unknown,human
C[C@H]1CCN1c1nc(N2C[C@@H]3[C@@H](CC(=O)O)[C@@H]3C2)cc(C(F)(F)F)n1,=,0.2947766242778414,,CHEMBL4676068,CHEMBL4673244,Fraction unbound in human plasma,22429780,unknown,human
C[C@H]1CCN1c1nc(N2C[C@@H]3[C@@H](CC(=O)O)[C@@H]3C2)cc(C(F)(F)F)n1,=,-0.5142540273268247,,CHEMBL5370039,CHEMBL5365534,Fraction unbound in human plasma,25648292,unknown,human
C[C@H]1CC[C@H](c2ccc3scnc3c2)N(C(=O)C(=O)Nc2cnc(N)c3cn[nH]c23)C1,=,0.7553767394735358,,CHEMBL6107575,CHEMBL6103635,Protein binding in human plasma assessed as unbound fraction,29164909,unknown,human
C[C@H]1CN(S(=O)(=O)c2ccc3c(c2)CCO3)C[C@@H]1C(=O)Nc1ccc2scnc2c1,=,-0.1982656506346964,,CHEMBL5237946,CHEMBL5236576,Unbound fraction in human plasma,25014673,unknown,human
C[C@H]1CN([C@@H](C)CO)C(=O)c2cccc(NC(=O)c3ccncc3)c2O[C@H]1CN(C)Cc1ccc(Oc2ccccc2)cc1,=,0.0585156666555915,,CHEMBL3111883,CHEMBL3108709,Fraction unbound in human plasma,13891111,unknown,human
C[C@H]1CN(c2cc(=O)c3cc(C(=O)N(C)C)cc([C@@H](C)Nc4cc(F)cc(F)c4)c3o2)CCO1,=,0.5760837328427963,,CHEMBL3411411,CHEMBL3407416,Fraction unbound in human plasma,15197786,unknown,human
C[C@H]1CNC(=O)c2cnn3ccc(nc23)N[C@H](C)c2cc(F)ccc2O1,=,0.0585156666555915,,CHEMBL5035195,CHEMBL5034019,Protein binding in human plasma assessed as unbound fraction by LC-MS/MS based equilibrium dialysis method,24364102,unknown,human
C[C@H]1COCCN1c1cc(C2(S(=O)(=O)C3CC3)CC2)nc(-c2ccc(NC(=S)NCCO)cc2)n1,=,1.1162197338589677,,CHEMBL3413529,CHEMBL3407414,Fraction unbound in human plasma by equilibrium dialysis technique,15197148,unknown,human
C[C@H]1CO[C@@H]2Cn3cc(C(=O)NCc4ccc(F)cc4F)c(=O)c(O)c3C(=O)N12,=,-1.2111151001447686,,CHEMBL2404490,CHEMBL2401737,Fraction unbound in human plasma,13375619,unknown,human
C[C@H]1COc2c(N3CCN(C)CC3)c(F)cc3c(=O)c(C(=O)O)cn1c23.C[C@H]1COc2c(N3CCN(C)CC3)c(F)cc3c(=O)c(C(=O)O)cn1c23.O,=,0.9756782929543744,,CHEMBL1063305,CHEMBL1152453,"Fraction unbound in human serum at 100 mg, po",2680133,unknown,human
C[C@H]1COc2c(N3CCN(C)CC3)c(F)cc3c(=O)c(C(=O)O)cn1c23.C[C@H]1COc2c(N3CCN(C)CC3)c(F)cc3c(=O)c(C(=O)O)cn1c23.O,=,1.419795652574636,,CHEMBL1043580,CHEMBL1156824,Fraction unbound in human plasma,2993472,unknown,human
C[C@H]1COc2c(N3CCN(C)CC3)c(F)cc3c(=O)c(C(=O)O)cn1c23.Cl,=,1.4420823354389731,,CHEMBL3528936,CHEMBL3526069,Fraction unbound in human plasma by ultracentrifugation method,15459937,unknown,human
C[C@H]1C[C@H](C(=O)O)CC[C@H]1C(=O)N1CC[C@@]2(S(=O)(=O)c3ccc(F)cc3)c3ccc(C(F)(C(F)(F)F)C(F)(F)F)cc3CC[C@@H]12,=,-0.6588657658303905,,CHEMBL4618975,CHEMBL4616702,Fraction unbound in human plasma,20664189,unknown,human
C[C@H]1C[C@H](C(=O)O)CC[C@H]1C(=O)N1CC[C@@]2(S(=O)(=O)c3ccccc3)c3cc(F)c(C(F)(C(F)(F)F)C(F)(F)F)cc3CC[C@@H]12,=,-0.6588657658303905,,CHEMBL4701596,CHEMBL4699477,Fraction unbound in human plasma,22759043,unknown,human
C[C@H]1Cc2ccccc2N1C(=O)Cc1nc(N2CCOCC2)cc(=O)[nH]1,=,1.1038072758825077,,CHEMBL3119522,CHEMBL3112424,"Fraction unbound in SCID mouse plasma xenografted with PTEN-deficient human PC3 cells at 100 mg/kg, po",13913433,unknown,human
C[C@H]1Cn2c(nnc2C(C)(F)F)CN1C(=O)c1cccc(C(F)(F)c2n[nH]c(=O)c3ccccc23)c1,=,0.348367100030422,,CHEMBL3743819,CHEMBL3739394,Fraction unbound in human plasma,16407293,unknown,human
C[C@H]1Cn2c(nnc2C(F)(F)F)CN1C(=O)c1cccc(Cc2n[nH]c(=O)c3ccccc23)c1,=,0.7295926771865047,,CHEMBL3743819,CHEMBL3739394,Fraction unbound in human plasma,16407347,unknown,human
C[C@H]1NC(=O)c2cc(-c3cccc4c(=O)n(C)c(NC(C)(C)C)nc34)[nH]c21,=,0.2884535345291861,,CHEMBL4478486,CHEMBL4477213,Fraction unbound in human plasma at 5 uM by rapid equilibrium dialysis,19470432,unknown,human
C[C@H]1NC(=O)c2cc(-c3cccc4c(=O)n(C5(C)CC5)c(NC5(C)CC5)nc34)[nH]c21,=,-0.0663806427073687,,CHEMBL4370168,CHEMBL4368910,Fraction unbound in human plasma at 5 uM by rapid equilibrium dialysis method,19109829,unknown,human
C[C@H]1O[C@@H](O[C@H]2[C@@H](O)C[C@H](O[C@H]3[C@@H](O)C[C@H](O[C@H]4CC[C@@]5(C)[C@H](CC[C@@H]6[C@@H]5C[C@@H](O)[C@]5(C)[C@@H](C7=CC(=O)OC7)CC[C@]65O)C4)O[C@@H]3C)O[C@@H]2C)C[C@H](O)[C@@H]1O,=,1.3851143844474625,,CHEMBL1043580,CHEMBL1156824,Fraction unbound in human plasma,2993420,unknown,human
C[C@H]1O[C@@H](O[C@H]2[C@@H](O)C[C@H](O[C@H]3[C@@H](O)C[C@H](O[C@H]4CC[C@@]5(C)[C@H](CC[C@@H]6[C@@H]5C[C@@H](O)[C@]5(C)[C@@H](C7=CC(=O)OC7)CC[C@]65O)C4)O[C@@H]3C)O[C@@H]2C)C[C@H](O)[C@@H]1O,=,0.7553767394735358,,CHEMBL5227510,CHEMBL5226306,Unbound fraction in human plasma,24984925,unknown,human
C[C@H]1O[C@@H](n2cc(F)c(=O)[nH]c2=O)[C@H](O)[C@@H]1O,=,1.3159350068786804,,CHEMBL1043580,CHEMBL1156824,Fraction unbound in human plasma,2993299,unknown,human
C[C@H]1O[C@@H](n2cnc3c(N)nc(OCC4CC45CC5)nc32)[C@H](O)[C@@H]1O,=,0.8675463182602577,,CHEMBL1811199,CHEMBL1806435,Plasma protein binding in human assessed as fraction unbound by by equilibrium dialysis method,6287894,unknown,human
C[C@H]1O[C@@H](n2cnc3c(N)nc(OCC4CC45CC5)nc32)[C@H](O)[C@H]1Cl,=,-0.0536539121311303,,CHEMBL1811199,CHEMBL1806435,Plasma protein binding in human assessed as fraction unbound by by equilibrium dialysis method,6287898,unknown,human
C[C@H]1O[C@@H](n2cnc3c(N)nc(O[C@H]4CC[C@H](C(F)(F)F)CC4)nc32)[C@H](O)[C@@H]1O,=,0.7553767394735358,,CHEMBL1936896,CHEMBL1933055,Fraction unbound in human plasma,7984841,unknown,human
C[C@H]1O[C@@H](n2cnc3c(N)nc(O[C@H]4CC[C@H](C)CC4)nc32)[C@H](O)[C@@H]1O,=,0.90623301799406,,CHEMBL1811199,CHEMBL1806435,Plasma protein binding in human assessed as fraction unbound by by equilibrium dialysis method,6287893,unknown,human
C[C@H]1SC(N)=N[C@](C)(c2cc(NC(=O)c3cnc(OCF)cn3)ccc2F)[C@H]1F,=,0.3132822357298443,,CHEMBL4322990,CHEMBL4321815,Fraction unbound in human plasma after 24 hrs by equilibrium dialysis based LC-MS/MS analysis,18920017,unknown,human
C[C@H]1[C@H](NC(=O)/C(=N\OC(C)(C)C(=O)O)c2csc(N)n2)C(=O)N1C(=O)NS(=O)(=O)N1CCN(C(=O)c2cc(=O)c(O)c[nH]2)CC1,=,0.8872617474008635,,CHEMBL3412999,CHEMBL3407427,Percentage unbound in human plasma at 10 uM after 16 hrs by LC-MS/MS analysis,15200365,unknown,human
C[C@H]1[C@H](NC(=O)/C(=N\OC(C)(C)C(=O)O)c2csc(N)n2)C(=O)N1C(=O)NS(=O)(=O)N1CCN(C(=O)c2cc(=O)c(O)c[nH]2)N(C)C1=O,=,0.5760837328427963,,CHEMBL3412999,CHEMBL3407427,Percentage unbound in human plasma at 10 uM after 16 hrs by LC-MS/MS analysis,15200363,unknown,human
C[C@H]1[C@H](NC(=O)/C(=N\OC(C)(C)C(=O)O)c2csc(N)n2)C(=O)N1C(=O)NS(=O)(=O)N1CC[C@H](NC(=O)c2cc(=O)c(O)c[nH]2)C1,=,1.0071059639172557,,CHEMBL3412999,CHEMBL3407427,Percentage unbound in human plasma at 10 uM after 16 hrs by LC-MS/MS analysis,15200366,unknown,human
C[C@H]1[C@H](NC(=O)/C(=N\OC(C)(C)C(=O)O)c2csc(N)n2)C(=O)N1C(=O)NS(=O)(=O)N1C[C@@H](N(C)C(=O)NCc2cc(=O)c(O)cn2O)CC1=O,=,0.90623301799406,,CHEMBL3412999,CHEMBL3407427,Percentage unbound in human plasma at 10 uM after 16 hrs by LC-MS/MS analysis,15201579,unknown,human
C[C@H]1[C@H](NC(=O)/C(=N\OC(C)(C)C(=O)O)c2csc(N)n2)C(=O)N1C(=O)NS(=O)(=O)N1C[C@@H](NC(=O)CNC(=O)c2cc(=O)c(O)c[nH]2)CC1=O,=,1.0780232135954766,,CHEMBL3412999,CHEMBL3407427,Percentage unbound in human plasma at 10 uM after 16 hrs by LC-MS/MS analysis,15200373,unknown,human
C[C@H]1[C@H](NC(=O)/C(=N\OC(C)(C)C(=O)O)c2csc(N)n2)C(=O)N1C(=O)NS(=O)(=O)N1C[C@@H](NC(=O)CNC(=O)c2cc(=O)c(O)cn2O)CC1=O,=,1.163014335284348,,CHEMBL3412999,CHEMBL3407427,Percentage unbound in human plasma at 10 uM after 16 hrs by LC-MS/MS analysis,15201577,unknown,human
C[C@H]1[C@H](NC(=O)/C(=N\OC(C)(C)C(=O)O)c2csc(N)n2)C(=O)N1C(=O)NS(=O)(=O)N1C[C@@H](NC(=O)N(C)Cc2cc(=O)c(O)cn2O)CC1=O,=,0.8872617474008635,,CHEMBL3412999,CHEMBL3407427,Percentage unbound in human plasma at 10 uM after 16 hrs by LC-MS/MS analysis,15201580,unknown,human
C[C@H]1[C@H](NC(=O)/C(=N\OC(C)(C)C(=O)O)c2csc(N)n2)C(=O)N1C(=O)NS(=O)(=O)N1C[C@@H](NC(=O)NCc2cc(=O)c(O)c[nH]2)CC1=O,=,0.8872617474008635,,CHEMBL3412999,CHEMBL3407427,Percentage unbound in human plasma at 10 uM after 16 hrs by LC-MS/MS analysis,15200371,unknown,human
C[C@H]1[C@H](NC(=O)/C(=N\OC(C)(C)C(=O)O)c2csc(N)n2)C(=O)N1C(=O)NS(=O)(=O)N1C[C@@H](NC(=O)NCc2cc(=O)c(O)cn2O)CC1=O,=,0.8872617474008635,,CHEMBL3412999,CHEMBL3407427,Percentage unbound in human plasma at 10 uM after 16 hrs by LC-MS/MS analysis,15201576,unknown,human
C[C@H]1[C@H](NC(=O)/C(=N\OC(C)(C)C(=O)O)c2csc(N)n2)C(=O)N1C(=O)NS(=O)(=O)N1C[C@@H](NC(=O)[C@@H]2CCCN2C(=O)c2cc(=O)c(O)c[nH]2)CC1=O,=,0.9245142692517684,,CHEMBL3412999,CHEMBL3407427,Percentage unbound in human plasma at 10 uM after 16 hrs by LC-MS/MS analysis,15200377,unknown,human
C[C@H]1[C@H](NC(=O)/C(=N\OC(C)(C)C(=O)O)c2csc(N)n2)C(=O)N1C(=O)NS(=O)(=O)N1C[C@@H](NC(=O)[C@H](CC(=O)O)NC(=O)c2cc(=O)c(O)c[nH]2)CC1=O,=,0.5760837328427963,,CHEMBL3412999,CHEMBL3407427,Percentage unbound in human plasma at 10 uM after 16 hrs by LC-MS/MS analysis,15200374,unknown,human
C[C@H]1[C@H](NC(=O)/C(=N\OC(C)(C)C(=O)O)c2csc(N)n2)C(=O)N1C(=O)NS(=O)(=O)N1C[C@@H](NC(=O)[C@H](CC(=O)O)NC(=O)c2cc(=O)c(O)cn2O)CC1=O,=,1.1401613542288764,,CHEMBL3412999,CHEMBL3407427,Percentage unbound in human plasma at 10 uM after 16 hrs by LC-MS/MS analysis,15201578,unknown,human
C[C@H]1[C@H](NC(=O)/C(=N\OC(C)(C)C(=O)O)c2csc(N)n2)C(=O)N1C(=O)NS(=O)(=O)N1C[C@@H](NC(=O)[C@H](CCS(C)(=O)=O)NC(=O)c2cc(=O)c(O)c[nH]2)CC1=O,=,0.7799025307482025,,CHEMBL3412999,CHEMBL3407427,Percentage unbound in human plasma at 10 uM after 16 hrs by LC-MS/MS analysis,15200376,unknown,human
C[C@H]1[C@H](NC(=O)/C(=N\OC(C)(C)C(=O)O)c2csc(N)n2)C(=O)N1C(=O)NS(=O)(=O)N1C[C@@H](NC(=O)[C@H](CN)NC(=O)c2cc(=O)c(O)c[nH]2)CC1=O,=,0.7024142200886537,,CHEMBL3412999,CHEMBL3407427,Percentage unbound in human plasma at 10 uM after 16 hrs by LC-MS/MS analysis,15200375,unknown,human
C[C@H]1[C@H](NC(=O)/C(=N\OC(C)(C)C(=O)O)c2csc(N)n2)C(=O)N1C(=O)NS(=O)(=O)N1C[C@@H](NC(=O)c2cc(=O)c(O)c[nH]2)CC1=O,=,0.8470259585922197,,CHEMBL3412999,CHEMBL3407427,Percentage unbound in human plasma at 10 uM after 16 hrs by LC-MS/MS analysis,15200362,unknown,human
C[C@H]1[C@H](NC(=O)/C(=N\OC(C)(C)C(=O)O)c2csc(N)n2)C(=O)N1C(=O)NS(=O)(=O)N1C[C@@H](NC(=O)c2cc(=O)c(O)cn2O)CC1=O,=,0.2947766242778414,,CHEMBL3412999,CHEMBL3407427,Percentage unbound in human plasma at 10 uM after 16 hrs by LC-MS/MS analysis,15201575,unknown,human
C[C@H]1[C@H](NC(=O)/C(=N\OC(C)(C)C(=O)O)c2csc(N)n2)C(=O)N1C(=O)NS(=O)(=O)N1C[C@@H](NCc2cc(=O)c(O)c[nH]2)CC1=O,=,1.1038072758825077,,CHEMBL3412999,CHEMBL3407427,Percentage unbound in human plasma at 10 uM after 16 hrs by LC-MS/MS analysis,15200370,unknown,human
C[C@H]1[C@H](NC(=O)/C(=N\OC(C)(C)C(=O)O)c2csc(N)n2)C(=O)N1C(=O)NS(=O)(=O)N1C[C@@H](n2cc(-c3cc(=O)c(O)c[nH]3)nn2)CC1=O,=,0.9756782929543744,,CHEMBL3412999,CHEMBL3407427,Percentage unbound in human plasma at 10 uM after 16 hrs by LC-MS/MS analysis,15200372,unknown,human
C[C@H]1[C@H](NC(=O)/C(=N\OC(C)(C)C(=O)O)c2csc(N)n2)C(=O)N1C(=O)NS(=O)(=O)N1C[C@H](NC(=O)c2cc(=O)c(O)c[nH]2)CC1=O,=,0.8675463182602577,,CHEMBL3412999,CHEMBL3407427,Percentage unbound in human plasma at 10 uM after 16 hrs by LC-MS/MS analysis,15200369,unknown,human
C[C@H]1[C@H](NC(=O)/C(=N\OC(C)(C)C(=O)O)c2csc(N)n2)C(=O)N1C(=O)NS(=O)(=O)N1N=C(c2cc(=O)cc(O)[nH]2)NCC1=O,=,0.6432071606868136,,CHEMBL3412999,CHEMBL3407427,Percentage unbound in human plasma at 10 uM after 16 hrs by LC-MS/MS analysis,15200364,unknown,human
C[C@H]1[C@H](NC(=O)/C(=N\OC(C)(C)C(=O)O)c2csc(N)n2)C(=O)N1C(=O)NS(=O)(=O)NCc1cc(=O)c(O)c[nH]1,=,1.3159350068786804,,CHEMBL3412999,CHEMBL3407427,Percentage unbound in human plasma at 10 uM after 16 hrs by LC-MS/MS analysis,15200367,unknown,human
C[C@H]1[C@H](NC(=O)/C(=N\OC(C)(C)C(=O)O)c2csc(N)n2)C(=O)N1C(=O)NS(=O)(=O)Nc1cc(=O)c(O)c[nH]1,=,0.8256321338790893,,CHEMBL3412999,CHEMBL3407427,Percentage unbound in human plasma at 10 uM after 16 hrs by LC-MS/MS analysis,15200368,unknown,human
C[C@H]1[C@H](NC(=O)/C(=N\OC(C)(C)C(=O)O)c2csc(N)n2)C(=O)N1C(=O)NS(=O)(=O)n1nc(-c2cc(=O)c(O)c[nH]2)n(CC2(CS(C)(=O)=O)CC2)c1=O,=,0.3539836836796816,,CHEMBL3584212,CHEMBL3580646,Unbound fraction in human plasma after 16 hrs by LC-MS/MS analysis,15615649,unknown,human
C[C@H]1[C@H](NC(=O)/C(=N\OC(C)(C)C(=O)O)c2csc(N)n2)C(=O)N1C(=O)NS(=O)(=O)n1nc(-c2cc(=O)c(O)c[nH]2)n(CCC2(S(C)(=O)=O)CC2)c1=O,=,-0.0536539121311303,,CHEMBL3584212,CHEMBL3580646,Unbound fraction in human plasma after 16 hrs by LC-MS/MS analysis,15615650,unknown,human
C[C@H]1[C@H](NC(=O)/C(=N\OC(C)(C)C(=O)O)c2csc(N)n2)C(=O)N1C(=O)NS(=O)(=O)n1nc(-c2cc(=O)c(O)c[nH]2)n(CCCCS(C)(=O)=O)c1=O,=,0.2276531964338244,,CHEMBL3584212,CHEMBL3580646,Unbound fraction in human plasma after 16 hrs by LC-MS/MS analysis,15615653,unknown,human
C[C@H]1[C@H](NC(=O)/C(=N\OC(C)(C)C(=O)O)c2csc(N)n2)C(=O)N1C(=O)NS(=O)(=O)n1nc(-c2cc(=O)c(O)c[nH]2)n(CCCNS(C)(=O)=O)c1=O,=,0.2947766242778414,,CHEMBL3584212,CHEMBL3580646,Unbound fraction in human plasma after 16 hrs by LC-MS/MS analysis,15615647,unknown,human
C[C@H]1[C@H](NC(=O)/C(=N\OC(C)(C)C(=O)O)c2csc(N)n2)C(=O)N1C(=O)NS(=O)(=O)n1nc(-c2cc(=O)c(O)c[nH]2)n(CCCS(=O)(=O)c2ccccc2)c1=O,=,-0.1982656506346964,,CHEMBL3584212,CHEMBL3580646,Unbound fraction in human plasma after 16 hrs by LC-MS/MS analysis,15615652,unknown,human
C[C@H]1[C@H](NC(=O)/C(=N\OC(C)(C)C(=O)O)c2csc(N)n2)C(=O)N1C(=O)NS(=O)(=O)n1nc(-c2cc(=O)c(O)c[nH]2)n(CCCS(C)(=O)=O)c1=O,=,0.3539836836796816,,CHEMBL3584212,CHEMBL3580646,Unbound fraction in human plasma after 16 hrs by LC-MS/MS analysis,15615654,unknown,human
C[C@H]1[C@H](NC(=O)/C(=N\OC(C)(C)C(=O)O)c2csc(N)n2)C(=O)N1C(=O)NS(=O)(=O)n1nc(-c2cc(=O)c(O)c[nH]2)n(CCNS(C)(=O)=O)c1=O,=,0.2947766242778414,,CHEMBL3584212,CHEMBL3580646,Unbound fraction in human plasma after 16 hrs by LC-MS/MS analysis,15615648,unknown,human
C[C@H]1[C@H](NC(=O)/C(=N\OC(C)(C)C(=O)O)c2csc(N)n2)C(=O)N1C(=O)NS(=O)(=O)n1nc(-c2cc(=O)c(O)c[nH]2)n(CCS(C)(=O)=O)c1=O,=,0.1501648857742756,,CHEMBL3584212,CHEMBL3580646,Unbound fraction in human plasma after 16 hrs by LC-MS/MS analysis,15615655,unknown,human
C[C@H]1[C@H](NC(=O)/C(=N\OC(C)(C)C(=O)O)c2csc(N)n2)C(=O)N1C(=O)NS(=O)(=O)n1nc(-c2cc(=O)c(O)c[nH]2)n(C[C@@H](O)CO)c1=O,=,-0.0536539121311303,,CHEMBL3412999,CHEMBL3407427,Percentage unbound in human plasma at 10 uM after 16 hrs by LC-MS/MS analysis,15200361,unknown,human
C[C@H]1[C@H](NC(=O)/C(=N\OC(C)(C)C(=O)O)c2csc(N)n2)C(=O)N1C(=O)NS(=O)(=O)n1nc(-c2cc(=O)c(O)c[nH]2)n(C[C@@H](O)CO)c1=O,=,-0.0536539121311303,,CHEMBL3584212,CHEMBL3580646,Unbound fraction in human plasma after 16 hrs by LC-MS/MS analysis,15615656,unknown,human
C[C@H]1[C@H](NC(=O)/C(=N\OC(C)(C)C(=O)O)c2csc(N)n2)C(=O)N1C(=O)NS(=O)(=O)n1nc(-c2cc(=O)c(O)c[nH]2)n(C[C@@H](O)CS(C)(=O)=O)c1=O,=,-0.0536539121311303,,CHEMBL3584212,CHEMBL3580646,Unbound fraction in human plasma after 16 hrs by LC-MS/MS analysis,15615651,unknown,human
C[C@H]1[C@H](NC(=O)/C(=N\OC(C)(C)C(=O)O)c2csc(N)n2)C(=O)N1C(=O)NS(=O)(=O)n1nc(-c2cc(=O)c(O)cn2O)n(CCCS(C)(=O)=O)c1=O,=,0.4985954221832476,,CHEMBL3584212,CHEMBL3580646,Unbound fraction in human plasma after 16 hrs by LC-MS/MS analysis,15615644,unknown,human
C[C@H]1[C@H](NC(=O)/C(=N\OC(C)(C)C(=O)O)c2csc(N)n2)C(=O)N1C(=O)NS(=O)(=O)n1nc(-c2cc(=O)c(O)cn2O)n(CCS(C)(=O)=O)c1=O,=,0.7553767394735358,,CHEMBL3584212,CHEMBL3580646,Unbound fraction in human plasma after 16 hrs by LC-MS/MS analysis,15615645,unknown,human
C[C@H]1[C@H](NC(=O)/C(=N\OC(C)(C)C(=O)O)c2csc(N)n2)C(=O)N1S(=O)(=O)O,=,1.1038072758825077,,CHEMBL1043580,CHEMBL1156824,Fraction unbound in human plasma,2992046,unknown,human
C[C@H]1[C@H](NC(=O)/C(=N\OC(C)(C)C(=O)O)c2csc(N)n2)C(=O)N1S(=O)(=O)O,=,1.3241088293633465,,CHEMBL3412999,CHEMBL3407427,Percentage unbound in human plasma at 10 uM after 16 hrs by LC-MS/MS analysis,15200359,unknown,human
C[C@H]1[C@H](NC(=O)/C(=N\OC(C)(C)C(=O)O)c2csc(N)n2)C(=O)N1S(=O)(=O)O,=,1.3241088293633465,,CHEMBL3584212,CHEMBL3580646,Unbound fraction in human plasma after 16 hrs by LC-MS/MS analysis,15615659,unknown,human
C[C@H]1[C@H](NC(=O)/C(=N\OC(C)(C)C(=O)O)c2nc(N)sc2Cl)C(=O)N1C(=O)NS(=O)(=O)n1nc(-c2cc(=O)c(O)c[nH]2)n(CCCS(C)(=O)=O)c1=O,=,0.1501648857742756,,CHEMBL3584212,CHEMBL3580646,Unbound fraction in human plasma after 16 hrs by LC-MS/MS analysis,15615642,unknown,human
C[C@H]1[C@H](NC(=O)/C(=N\OC(C)(C)C(=O)O)c2nsc(N)n2)C(=O)N1C(=O)NS(=O)(=O)n1nc(-c2cc(=O)c(O)c[nH]2)n(CCCS(C)(=O)=O)c1=O,=,0.90623301799406,,CHEMBL3584212,CHEMBL3580646,Unbound fraction in human plasma after 16 hrs by LC-MS/MS analysis,15615643,unknown,human
C[C@H]1[C@H](NC(=O)/C(=N\OCC(=O)O)c2csc(N)n2)C(=O)N1C(=O)NS(=O)(=O)N1C[C@@H](NC(=O)NCc2cc(=O)c(O)cn2O)CC1=O,=,0.8872617474008635,,CHEMBL3412999,CHEMBL3407427,Percentage unbound in human plasma at 10 uM after 16 hrs by LC-MS/MS analysis,15201581,unknown,human
C[C@H]1c2cccc(O)c2C(=O)C2=C(O)[C@]3(O)C(=O)C(C(N)=O)=C(O)[C@@H](N(C)C)[C@@H]3[C@@H](O)[C@@H]21.O,=,0.4985954221832476,,CHEMBL1043580,CHEMBL1156824,Fraction unbound in human plasma,2990667,unknown,human
C[C@](N)(Cc1ccc(O)c(O)c1)C(=O)O,=,1.482712536984188,,CHEMBL1043580,CHEMBL1156824,Fraction unbound in human plasma,2994733,unknown,human
C[C@](O)(CO)CNc1cc(Nc2cccc(-c3ccc(C(F)(F)F)cc3F)c2)nn2c(C(N)=O)cnc12,=,-0.7505149849490745,,CHEMBL4251855,CHEMBL4251544,Fraction unbound in human plasma at 10 uM after 6.5 hrs by equilibrium dialysis method,18684744,unknown,human
C[C@](O)(c1ccc(C(=O)N(C2CC2)C2CCN(CC3(C(N)=O)CC3)CC2)cc1)C(F)(F)F,=,1.1954564950011917,,CHEMBL1015281,CHEMBL1153293,Fraction unbound in human plasma,2271514,unknown,human
C[C@](O)(c1ccc(C(=O)N(C2CC2)[C@H]2CC[C@H](CC3(C(N)=O)CC3)CC2)cc1)C(F)(F)F,=,0.4985954221832476,,CHEMBL1015281,CHEMBL1153293,Fraction unbound in human plasma,2271516,unknown,human
C[C@](O)(c1ccc(C(=O)N(C2CC2)[C@H]2CC[C@](O)(C3CC3)CC2)cc1)C(F)(F)F,=,0.4985954221832476,,CHEMBL1019458,CHEMBL1152882,Fraction unbound in human serum by ultracentrifugation assay,2286257,unknown,human
C[C@]1(C#N)CCC[C@H]1Nc1c(C(N)=O)cnn2cccc12,=,0.90623301799406,,CHEMBL3377602,CHEMBL3352641,Fraction unbound in human serum,14985931,unknown,human
C[C@]1(CS(=O)(=O)N2CCC(Oc3ccc(OC(F)(F)C(F)F)cc3)CC2)NC(=O)NC1=O,=,0.0585156666555915,,CHEMBL2410660,CHEMBL2407043,Fraction unbound in human plasma,13385626,unknown,human
C[C@]1(CS(=O)(=O)N2CCN(c3ncc(OCc4ccc(C(F)(F)F)o4)cn3)CC2)NC(=O)NC1=O,=,0.1501648857742756,,CHEMBL2410660,CHEMBL2407043,Fraction unbound in human plasma,13385625,unknown,human
C[C@]1(F)CCC[C@H]1Nc1c(C(N)=O)cnn2cccc12,=,0.4548566296028772,,CHEMBL3377602,CHEMBL3352641,Fraction unbound in human serum,14985932,unknown,human
C[C@]1(N)C[C@H](C(=O)N2CCC(c3ccnn3-c3ccc(F)c(Cl)c3)CC2)[C@@H](c2ccc(F)cc2F)C1,=,0.4069462030645636,,CHEMBL2034222,CHEMBL2029344,Percentage unbound in 10% human plasma,10885890,unknown,human
C[C@]1(O)CCN(c2c(C#N)c(C(F)(F)F)nc3cc[nH]c23)C1,=,-0.1658234909178525,,CHEMBL4019538,CHEMBL4017511,Fraction unbound in human plasma at 10 uM measured at 2 to 24 hrs by equilibrium dialysis method,18089330,unknown,human
C[C@]1(O)CCN(c2nc(N3C[C@H](O)[C@@H](O)C3)cc(C(F)(F)F)c2C#N)C1,=,0.5388312109918915,,CHEMBL4019538,CHEMBL4017511,Fraction unbound in human plasma at 10 uM measured at 2 to 24 hrs by equilibrium dialysis method,18089329,unknown,human
C[C@]1(O)C[C@@H](c2nc(-c3ccc4ccc(-c5ccccc5)nc4c3)c3c(N)nccn32)C1,=,1.5475391004567651,,CHEMBL5664482,CHEMBL5661980,Drug concentration in human plasma,26240583,unknown,human
C[C@]1(O)C[C@](c2cc(C(F)(F)F)ccn2)([C@H](O)c2ccccn2)C1,=,1.5058282880440603,,CHEMBL3829800,CHEMBL3826935,Fraction unbound in human plasma,16654830,unknown,human
C[C@]1(c2cc(NC(=O)c3ccc(C#N)cn3)ccc2F)N=C(N)CO[C@@H]1F,=,1.1162197338589677,,CHEMBL3635183,CHEMBL3632560,Fraction unbound in human plasma at 5 uM after 4.5 hrs by HPLC-MS/MS analysis,15769566,unknown,human
C[C@]1(c2cc(NC(=O)c3ccc(C#N)cn3)ccc2F)N=C(N)CO[C@H]1C(F)(F)F,=,1.0508447564976258,,CHEMBL4137028,CHEMBL4130624,Fraction unbound in human plasma at 5 uM after 4.5 hrs by HPLC-MS/MS method based rapid equilibrium dialysis,18335585,unknown,human
C[C@]1(c2cc(NC(=O)c3ccc(Cl)cn3)ccc2F)N=C(N)CO[C@@H]1F,=,0.7024142200886537,,CHEMBL3635183,CHEMBL3632560,Fraction unbound in human plasma at 5 uM after 4.5 hrs by HPLC-MS/MS analysis,15769564,unknown,human
C[C@]1(c2ccc(OC(F)(F)F)cc2)C[C@](O)(c2ccccn2)CO1,=,-0.1982656506346964,,CHEMBL3829800,CHEMBL3826935,Fraction unbound in human plasma,16654829,unknown,human
C[C@]12C=CC(=O)C=C1CC[C@@H]1[C@@H]2C(=O)C[C@@]2(C)[C@H]1CC[C@]2(O)C(=O)CO,=,0.90623301799406,,CHEMBL1043580,CHEMBL1156824,Fraction unbound in human plasma,2991891,unknown,human
C[C@]12C=CC(=O)C=C1CC[C@@H]1[C@@H]2[C@@H](O)C[C@@]2(C)[C@H]1CC[C@]2(O)C(=O)CO,=,0.8675463182602577,,CHEMBL1043580,CHEMBL1156824,Fraction unbound in human plasma,2991870,unknown,human
C[C@]12CCCN1CC1=NNC(=O)c3cc(F)cc4[nH]c2c1c34,=,-0.0172998337847618,,CHEMBL4678500,CHEMBL4673340,Unbound fraction in human plasma,22440875,unknown,human
C[N+]12CCC(c3ccc(-c4cc(C(=O)O)cc5cc(-c6ccc(C(F)(F)F)cc6)ccc45)cc3)(CC1)CC2,=,-0.6890787466968409,,CHEMBL4622324,CHEMBL4619807,Unbound fraction in human plasma,20678949,unknown,human
Cc1[nH]c(=O)c(C#N)cc1-c1ccncc1,=,-0.1207773399751477,,CHEMBL1043580,CHEMBL1156824,Fraction unbound in human plasma,2990519,unknown,human
Cc1[nH]c(C(=O)/N=c2\sc3cc(C(=O)O)ccc3n2CC(=O)c2ccc(S(C)(=O)=O)cc2)c(Cl)c1Cl,=,-2.087269179593452,,CHEMBL5318799,CHEMBL5316317,Plasma protein binding in human assessed as free fraction measured after 4 hrs by LC-MS/MS analysis,25451267,unknown,human
Cc1[nH]c(C(=O)/N=c2\sc3cc(C(=O)O)ccc3n2CC(=O)c2ccccc2)c(Cl)c1Cl,=,-3.065437360976351,,CHEMBL5318799,CHEMBL5316317,Plasma protein binding in human assessed as free fraction measured after 4 hrs by LC-MS/MS analysis,25451268,unknown,human
Cc1[nH]c(C(=O)/N=c2\sc3cc(C(=O)O)ccc3n2Cc2ccc(S(C)(=O)=O)cc2)c(Cl)c1Cl,=,-2.717006824567379,,CHEMBL5318799,CHEMBL5316317,Plasma protein binding in human assessed as free fraction measured after 4 hrs by LC-MS/MS analysis,25451266,unknown,human
Cc1[nH]c(C(=O)N(C)c2nc3c(O)cc(C(=O)O)cc3s2)c(Cl)c1Cl,=,-0.730799555808469,,CHEMBL5318799,CHEMBL5316317,Plasma protein binding in human assessed as free fraction measured after 4 hrs by LC-MS/MS analysis,25451264,unknown,human
Cc1[nH]c(C(=O)N(C)c2nc3ccc(C(=O)O)cc3s2)c(Cl)c1Cl,=,-1.2928099542387823,,CHEMBL5318799,CHEMBL5316317,Plasma protein binding in human assessed as free fraction measured after 4 hrs by LC-MS/MS analysis,25451269,unknown,human
Cc1[nH]c(C(=O)N[C@@H]2CCN(c3ncc(C(=O)O)s3)CC23OCC(C)(C)CO3)c(Cl)c1Cl,=,-0.4020844485401025,,CHEMBL3366713,CHEMBL3352173,Percentage unbound in human plasma,14997803,unknown,human
Cc1[nH]c(C(=O)N[C@@H]2CCN(c3ncc(C(=O)O)s3)CC23OCC2(CC2)CO3)c(Cl)c1Cl,=,-0.6588657658303905,,CHEMBL3366713,CHEMBL3352173,Percentage unbound in human plasma,14997804,unknown,human
Cc1[nH]c(C(=O)N[C@@H]2CCN(c3ncc(C(=O)O)s3)CC23OCCCO3)c(Cl)c1Cl,=,-0.1982656506346964,,CHEMBL3366713,CHEMBL3352173,Percentage unbound in human plasma,14997800,unknown,human
Cc1[nH]c(C(=O)N[C@@H]2CCN(c3ncc(C(=O)O)s3)CC23OCCO3)c(Cl)c1Cl,=,0.2623344645609978,,CHEMBL3366713,CHEMBL3352173,Percentage unbound in human plasma,14997799,unknown,human
Cc1[nH]c(C(=O)N[C@@H]2CCN(c3ncc(C(=O)O)s3)C[C@@H]2C)c(Cl)c1Cl,=,-0.331829054134549,,CHEMBL3366713,CHEMBL3352173,Percentage unbound in human plasma,14997791,unknown,human
Cc1[nH]c(C(=O)N[C@@H]2CCN(c3ncc(C(=O)O)s3)C[C@@H]2Cl)c(Cl)c1Cl,=,-0.8626845637357965,,CHEMBL3366713,CHEMBL3352173,Percentage unbound in human plasma,14997794,unknown,human
Cc1[nH]c(C(=O)N[C@@H]2CCN(c3ncc(C(=O)O)s3)C[C@@H]2N=[N+]=[N-])c(Cl)c1Cl,=,-0.0794379744181615,,CHEMBL3366713,CHEMBL3352173,Percentage unbound in human plasma,14997797,unknown,human
Cc1[nH]c(C(=O)N[C@@H]2CCN(c3ncc(C(=O)O)s3)C[C@@H]2S(C)(=O)=O)c(Cl)c1Cl,=,0.5388312109918915,,CHEMBL3366713,CHEMBL3352173,Percentage unbound in human plasma,14997796,unknown,human
Cc1[nH]c(C(=O)Nc2nc3c(OC(C)CN(C)C)cc(C(=O)O)cc3s2)c(Cl)c1Cl,=,-0.2153072489658211,,CHEMBL5610227,CHEMBL5608207,Protein binding in human plasma assessed as free fraction at 10 uM incubated for 4 hrs by rapid equilibrium dialysis based LC-MS/MS method,26112224,unknown,human
Cc1[nH]c(C(=O)Nc2nc3c(OC(C)c4ccc(CN5CCOCC5)cc4)cc(C(=O)O)cc3s2)cc1C#N,=,-0.4837793026341161,,CHEMBL5318799,CHEMBL5316317,Plasma protein binding in human assessed as free fraction measured after 4 hrs by LC-MS/MS analysis,25451252,unknown,human
Cc1[nH]c(C(=O)Nc2nc3c(OC(C)c4ccc(CN5CCOCC5)cc4)cc(C(=O)O)cc3s2)cc1F,=,-1.119465881026085,,CHEMBL5318799,CHEMBL5316317,Plasma protein binding in human assessed as free fraction measured after 4 hrs by LC-MS/MS analysis,25451251,unknown,human
Cc1[nH]c(C(=O)Nc2nc3c(OC(C)c4ccc(CN5CCOCC5=O)cc4)cc(C(=O)O)cc3s2)c(Cl)c1Cl,=,-1.6717152153404626,,CHEMBL5318799,CHEMBL5316317,Plasma protein binding in human assessed as free fraction measured after 4 hrs by LC-MS/MS analysis,25451290,unknown,human
Cc1[nH]c(C(=O)Nc2nc3c(OC(C)c4ccc(CN5CC[S+]([O-])CC5)cc4)cc(C(=O)O)cc3s2)c(Cl)c1Cl,=,-1.8600657464243997,,CHEMBL5318799,CHEMBL5316317,Plasma protein binding in human assessed as free fraction measured after 4 hrs by LC-MS/MS analysis,25451292,unknown,human
Cc1[nH]c(C(=O)Nc2nc3c(OC(C)c4ccc(S(C)(=O)=O)cc4)cc(C(=O)O)cc3s2)c(Cl)c1Cl,=,-3.065437360976351,,CHEMBL5318799,CHEMBL5316317,Plasma protein binding in human assessed as free fraction measured after 4 hrs by LC-MS/MS analysis,25451287,unknown,human
Cc1[nH]c(C(=O)Nc2nc3c(OC(C)c4ccccc4)cc(C(=O)O)cc3s2)c(Cl)c1Cl,=,-2.8291764033541007,,CHEMBL5318799,CHEMBL5316317,Plasma protein binding in human assessed as free fraction measured after 4 hrs by LC-MS/MS analysis,25451270,unknown,human
Cc1[nH]c(C(=O)Nc2nc3c(OC(C)c4ccccc4)cc(C(=O)O)cc3s2)cc1F,=,-1.7760911650353848,,CHEMBL5318799,CHEMBL5316317,Plasma protein binding in human assessed as free fraction measured after 4 hrs by LC-MS/MS analysis,25451280,unknown,human
Cc1[nH]c(C(=O)Nc2nc3c(OC(CN)c4ccccc4)cc(C(=O)O)cc3s2)c(Cl)c1Cl,=,-1.390408106775508,,CHEMBL5318799,CHEMBL5316317,Plasma protein binding in human assessed as free fraction measured after 4 hrs by LC-MS/MS analysis,25451293,unknown,human
Cc1[nH]c(C(=O)Nc2nc3c(OC(CN4CCOCC4)C(F)(F)F)cc(C(=O)O)cc3s2)c(Cl)c1Cl,=,-1.7760911650353848,,CHEMBL5318799,CHEMBL5316317,Plasma protein binding in human assessed as free fraction measured after 4 hrs by LC-MS/MS analysis,25451283,unknown,human
Cc1[nH]c(C(=O)Nc2nc3c(OC(CN4CCOCC4)C4CC4)cc(C(=O)O)cc3s2)c(Cl)c1Cl,=,-1.3557268386483343,,CHEMBL5318799,CHEMBL5316317,Plasma protein binding in human assessed as free fraction measured after 4 hrs by LC-MS/MS analysis,25451284,unknown,human
Cc1[nH]c(C(=O)Nc2nc3c(OC(CN4CCOCC4)c4ccccc4)cc(C(=O)O)cc3s2)cc1F,=,-0.5466961870436686,,CHEMBL5318799,CHEMBL5316317,Plasma protein binding in human assessed as free fraction measured after 4 hrs by LC-MS/MS analysis,25451286,unknown,human
Cc1[nH]c(C(=O)Nc2nc3c(OC(CNC(=O)OC(C)(C)C)c4ccccc4)cc(C(=O)O)cc3s2)c(Cl)c1Cl,=,-0.5111220607652883,,CHEMBL5318799,CHEMBL5316317,Plasma protein binding in human assessed as free fraction measured after 4 hrs by LC-MS/MS analysis,25451275,unknown,human
Cc1[nH]c(C(=O)Nc2nc3c(OCc4cc[n+](C)cc4)cc(C(=O)O)cc3s2)c(Cl)c1Cl,=,-1.5595456365537408,,CHEMBL5318799,CHEMBL5316317,Plasma protein binding in human assessed as free fraction measured after 4 hrs by LC-MS/MS analysis,25451257,unknown,human
Cc1[nH]c(C(=O)Nc2nc3c(OCc4ccc[n+](C)c4)cc(C(=O)O)cc3s2)c(Cl)c1Cl,=,-1.9079761729627127,,CHEMBL5318799,CHEMBL5316317,Plasma protein binding in human assessed as free fraction measured after 4 hrs by LC-MS/MS analysis,25451258,unknown,human
Cc1[nH]c(C(=O)Nc2nc3c(OCc4cccnc4)cc(C(=O)O)cc3s2)c(Cl)c1Cl,=,-3.065437360976351,,CHEMBL5318799,CHEMBL5316317,Plasma protein binding in human assessed as free fraction measured after 4 hrs by LC-MS/MS analysis,25451255,unknown,human
Cc1[nH]c(C(=O)Nc2nc3c(OCc4ccncc4)cc(C(=O)O)cc3s2)c(Cl)c1Cl,=,-0.9670605134307186,,CHEMBL5318799,CHEMBL5316317,Plasma protein binding in human assessed as free fraction measured after 4 hrs by LC-MS/MS analysis,25451254,unknown,human
Cc1[nH]c(C(=O)Nc2nc3c(OCc4ncccn4)cc(C(=O)O)cc3s2)c(Cl)c1Cl,=,-3.065437360976351,,CHEMBL5318799,CHEMBL5316317,Plasma protein binding in human assessed as free fraction measured after 4 hrs by LC-MS/MS analysis,25451256,unknown,human
Cc1[nH]c(C(=O)Nc2nc3c(O[C@@H](C)c4ccccc4)cc(C(=O)O)cc3s2)cc1F,=,-1.585329698840772,,CHEMBL5318799,CHEMBL5316317,Plasma protein binding in human assessed as free fraction measured after 4 hrs by LC-MS/MS analysis,25451282,unknown,human
Cc1[nH]c(C(=O)Nc2nc3c(O[C@H](C)c4ccccc4)cc(C(=O)O)cc3s2)cc1F,=,-1.6412404906477542,,CHEMBL5318799,CHEMBL5316317,Plasma protein binding in human assessed as free fraction measured after 4 hrs by LC-MS/MS analysis,25451281,unknown,human
Cc1[nH]c2c(-c3ccccc3)c(-c3ccccc3)nn2c(=O)c1-c1ccc2ncccc2c1,=,-2.5131880266619726,,CHEMBL4835553,CHEMBL4834423,Protein binding in human plasma assessed as unbound fraction,23272716,unknown,human
Cc1[nH]c2c(N3CCCCC3)c(-c3ccccc3)nn2c(=O)c1-c1ccc(O)cc1,=,-1.9609386923475949,,CHEMBL4835553,CHEMBL4834423,Protein binding in human plasma assessed as unbound fraction,23272715,unknown,human
Cc1[nH]c2c(c(=O)c1-c1ccc(Cl)cc1)CC(F)(F)CC2,=,0.4985954221832476,,CHEMBL6124809,CHEMBL6121013,Plasma protein binding in human assessed as free fraction incubated for 6 hrs by LC-MS/MS analysis,29218828,unknown,human
Cc1[nH]c2c(c(=O)c1-c1ccc(F)cc1)CC(F)(F)CC2,=,0.9591955373789416,,CHEMBL6124809,CHEMBL6121013,Plasma protein binding in human assessed as free fraction incubated for 6 hrs by LC-MS/MS analysis,29218827,unknown,human
Cc1[nH]c2c(c(=O)c1-c1ccc(OC(F)(F)F)cc1)CCCC2,=,0.6107650009699698,,CHEMBL6124809,CHEMBL6121013,Plasma protein binding in human assessed as free fraction incubated for 6 hrs by LC-MS/MS analysis,29218824,unknown,human
Cc1[nH]c2c(c(=O)c1-c1ccc(Oc3ccc(OC(F)(F)F)cc3)cc1)CC(F)(F)CC2,=,-1.3727684369794593,,CHEMBL6124809,CHEMBL6121013,Plasma protein binding in human assessed as free fraction incubated for 6 hrs by LC-MS/MS analysis,29218829,unknown,human
Cc1[nH]c2c(c(=O)c1-c1ccc(Oc3ccc(OC(F)(F)F)cc3)cc1)CCCC2,=,-1.7760911650353848,,CHEMBL6124809,CHEMBL6121013,Plasma protein binding in human assessed as free fraction incubated for 6 hrs by LC-MS/MS analysis,29218825,unknown,human
Cc1[nH]c2c(c(=O)c1-c1ccc(Oc3ccc(OC(F)(F)F)cc3)cc1)COCC2,=,-0.9670605134307186,,CHEMBL6124809,CHEMBL6121013,Plasma protein binding in human assessed as free fraction incubated for 6 hrs by LC-MS/MS analysis,29218826,unknown,human
Cc1[nH]c2cc([C@@H]3CCCCN3C(=O)c3c(Cl)cccc3NS(C)(=O)=O)nn2c(=O)c1C,=,0.0878062235286654,,CHEMBL3413803,CHEMBL3407466,Percentage unbound in human plasma at 2 uM by equilibrium dialysis,15196747,unknown,human
Cc1[nH]c2cc([C@@H]3CCCCN3C(=O)c3cc(-c4ccccc4)ccc3NS(C)(=O)=O)nn2c(=O)c1C,=,-1.0072963022393624,,CHEMBL3413803,CHEMBL3407466,Percentage unbound in human plasma at 2 uM by equilibrium dialysis,15196746,unknown,human
Cc1[nH]c2cc([C@@H]3CCCCN3C(=O)c3cc(Br)ccc3NS(C)(=O)=O)nn2c(=O)c1C,=,-0.0057434855928168,,CHEMBL3413803,CHEMBL3407466,Percentage unbound in human plasma at 2 uM by equilibrium dialysis,15196745,unknown,human
Cc1[nH]c2cc([C@@H]3CCCCN3C(=O)c3cc(C(F)(F)F)ccc3NS(C)(=O)=O)nn2c(=O)c1C,=,-0.2153072489658211,,CHEMBL3413803,CHEMBL3407466,Percentage unbound in human plasma at 2 uM by equilibrium dialysis,15196744,unknown,human
Cc1[nH]c2cc([C@@H]3CCCCN3C(=O)c3cc(Cl)ccc3NS(C)(=O)=O)nn2c(=O)c1C,=,0.2418141048929597,,CHEMBL3413803,CHEMBL3407466,Percentage unbound in human plasma at 2 uM by equilibrium dialysis,15196742,unknown,human
Cc1[nH]c2cc([C@@H]3CCCCN3C(=O)c3cc(F)ccc3NS(C)(=O)=O)nn2c(=O)c1C,=,0.3811621407775327,,CHEMBL3413803,CHEMBL3407466,Percentage unbound in human plasma at 2 uM by equilibrium dialysis,15196741,unknown,human
Cc1[nH]c2cc([C@@H]3CCCCN3C(=O)c3cccc(F)c3NS(C)(=O)=O)nn2c(=O)c1C,=,0.1417163002289445,,CHEMBL3413803,CHEMBL3407466,Percentage unbound in human plasma at 2 uM by equilibrium dialysis,15196740,unknown,human
Cc1[nH]c2cc([C@@H]3CCCCN3C(=O)c3ccccc3NS(C)(=O)=O)nn2c(=O)c1C,=,0.1904006745829195,,CHEMBL3413803,CHEMBL3407466,Percentage unbound in human plasma at 2 uM by equilibrium dialysis,15196737,unknown,human
Cc1[nH]c2ccccc2c(=O)c1-c1ccc(Oc2ccc(OC(F)(F)F)cc2)cc1,=,-1.9609386923475949,,CHEMBL6124809,CHEMBL6121013,Plasma protein binding in human assessed as free fraction incubated for 6 hrs by LC-MS/MS analysis,29218830,unknown,human
Cc1[nH]ncc1-c1cc(C(F)(F)F)ccc1Oc1ccc(S(=O)(=O)Nc2ncns2)cc1C#N,=,-1.7041573750573065,,CHEMBL4040142,CHEMBL4038312,Fraction unbound in human plasma,18183143,unknown,human
Cc1c(-c2c(-c3ccc(F)o3)sc3ncnc(O[C@H](Cc4ccccc4OCc4ccnn4CC(F)(F)F)C(=O)O)c23)ccc(OCCN2CCN(C)CC2)c1Cl,=,-2.087269179593452,,CHEMBL5385422,CHEMBL5380869,Fraction unbound in human plasma at 5 uM incubated for 4.5 hrs by rapid equilibrium dialysis,25702870,unknown,human
Cc1c(-c2ccc(-c3ccccc3F)cc2)nc2ccc(F)cc2c1C(=O)O,=,-1.223841830721007,,CHEMBL4703072,CHEMBL4699538,Plasma protein binding in human assessed as unbound fraction,22765022,unknown,human
Cc1c(-c2ccc(O)cc2)c(=O)n2nc(-c3ccccc3)c(N3CCCCC3)c2n1C,=,-0.5334670286325283,,CHEMBL4835553,CHEMBL4834423,Protein binding in human plasma assessed as unbound fraction,23272717,unknown,human
Cc1c(-c2ccc3ncccc3c2)c(=O)n2nc(-c3ccccc3)c(-c3ccccc3)c2n1C,=,-0.8034775043339566,,CHEMBL4835553,CHEMBL4834423,Protein binding in human plasma assessed as unbound fraction,23272718,unknown,human
Cc1c(-c2ccccc2)nc2ccc(Br)cc2c1C(=O)Nc1ccc(C(=O)O)cc1F,=,-0.5142540273268247,,CHEMBL4671514,CHEMBL4665834,Protein binding in pooled human plasma assessed as unbound fraction incubated for 6 hrs by LC-MS/MS analysis based equilibrium dialysis method,22411248,unknown,human
Cc1c(C(F)F)nnc2sc(C(=O)NC3CN(c4ncc(C(F)(F)F)cn4)C3)c(N)c12,=,-0.4020844485401025,,CHEMBL4667436,CHEMBL4665653,Fraction unbound in human plasma,22392867,unknown,human
Cc1c(CF)nnc2sc(C(=O)NC3CN(c4ncc(C(F)(F)F)cn4)C3)c(N)c12,=,-0.0291281208564636,,CHEMBL4667436,CHEMBL4665653,Fraction unbound in human plasma,22392866,unknown,human
Cc1c(Cc2ccc(=O)n(Cc3ccc(F)cc3F)n2)c2cc(F)ccc2n1CC(=O)O,=,-0.4020844485401025,,CHEMBL2212197,CHEMBL2203126,Fraction unbound in human plasma,12186467,unknown,human
Cc1c(Cl)cc(C(C)Nc2ncnc3[nH]cnc23)c(-c2cccc(F)c2)c1C#N,=,-0.9748541425225188,,CHEMBL4410901,CHEMBL4406913,Fractional unbound in human plasma,19290415,unknown,human
Cc1c(Cl)cccc1NC(=O)CN1CCC(OCc2ccc(F)c(F)c2)CC1,=,-1.3557268386483343,,CHEMBL5145671,CHEMBL5143585,Protein binding in human plasma assessed as unbound fraction,24841845,unknown,human
Cc1c(Cl)cccc1NC(=O)CN1CCC(OCc2ccc(F)c(F)c2)CC1,=,-1.3557268386483343,,CHEMBL5250281,CHEMBL5247621,Plasma protein binding in human assessed as unbound fraction,25060598,unknown,human
Cc1c(Cl)cnc2sc3c(N4CC(C#N)C4)ncnc3c12,=,-0.4020844485401025,,CHEMBL5582323,CHEMBL5579875,Plasma protein binding in human assessed as unbound fraction at 5 uM incubated for 6 hrs by LC-MS/MS analysis,26030242,unknown,human
Cc1c(Cl)cnc2sc3c(N4CC5(COC5)C4)ncnc3c12,=,-0.8626845637357965,,CHEMBL5582323,CHEMBL5579875,Plasma protein binding in human assessed as unbound fraction at 5 uM incubated for 6 hrs by LC-MS/MS analysis,26030244,unknown,human
Cc1c(Cl)cnc2sc3c(NC4CC(c5ccncc5)C4)ncnc3c12,=,-0.7505149849490745,,CHEMBL5582323,CHEMBL5579875,Plasma protein binding in human assessed as unbound fraction at 5 uM incubated for 6 hrs by LC-MS/MS analysis,26030241,unknown,human
Cc1c(Cl)cnc2sc3c(NC4CC4)ncnc3c12,=,-0.7505149849490745,,CHEMBL5582323,CHEMBL5579875,Plasma protein binding in human assessed as unbound fraction at 5 uM incubated for 6 hrs by LC-MS/MS analysis,26030243,unknown,human
Cc1c(Cl)nnc2sc(C(=O)NC3CN(c4cc(C(F)(F)F)ncc4Cl)C3)c(N)c12,=,-0.4278685108271337,,CHEMBL4667436,CHEMBL4665653,Fraction unbound in human plasma,22392862,unknown,human
Cc1c(Cl)nnc2sc(C(=O)NC3CN(c4ncc(C(F)(F)F)cn4)C3)c(N)c12,=,-0.354174022001789,,CHEMBL4667436,CHEMBL4665653,Fraction unbound in human plasma,22392864,unknown,human
Cc1c(Nc2c(F)ccc(NS(=O)(=O)CCCF)c2Cl)ccc2ncn(C)c(=O)c12,=,-0.8034775043339566,,CHEMBL5554369,CHEMBL5550211,Plasma protein binding in human assessed as unbound fraction,26003806,unknown,human
Cc1c(O)ccc2c1CCN(CC(C)C)[C@@H]2c1ccc(/C=C/C(=O)O)cc1,=,-0.3104352294214184,,CHEMBL3776156,CHEMBL3774369,Percentage unbound in human plasma by equilibrium dialysis method,16505148,unknown,human
Cc1c(OCC(F)(F)F)ccnc1C[S+]([O-])c1nc2ccccc2[nH]1,=,-0.3775586572654357,,CHEMBL1043580,CHEMBL1156824,Fraction unbound in human plasma,2990506,unknown,human
Cc1c(OCCN(C)CCCF)ccc(F)c1[C@@H]1c2[nH]c3ccccc3c2C[C@@H](C)N1C[C@H](C)C(=O)O,=,0.9245142692517684,,CHEMBL5381572,CHEMBL5380788,Protein binding in human plasma assessed as unbound fraction by equilibrium dialysis assay,25688114,unknown,human
Cc1c(OCCN(C)CCCF)ncc(F)c1[C@@H]1c2[nH]c3ccccc3c2C[C@@H](C)N1C[C@@H](C)C(=O)O,=,0.8032871660118494,,CHEMBL5381572,CHEMBL5380788,Protein binding in human plasma assessed as unbound fraction by equilibrium dialysis assay,25688118,unknown,human
Cc1c(OCCN(C)CCCF)ncc(F)c1[C@@H]1c2[nH]c3ccccc3c2C[C@@H](C)N1C[C@H](C)C(=O)O,=,0.6107650009699698,,CHEMBL5381572,CHEMBL5380788,Protein binding in human plasma assessed as unbound fraction by equilibrium dialysis assay,25688119,unknown,human
Cc1c(OCCN2CC(CF)C2)ccc(F)c1[C@@H]1c2[nH]c3ccccc3c2C[C@@H](C)N1C[C@H](C)C(=O)O,=,0.9591955373789416,,CHEMBL5381572,CHEMBL5380788,Protein binding in human plasma assessed as unbound fraction by equilibrium dialysis assay,25688115,unknown,human
Cc1c(OCCNCCCF)ccc(F)c1[C@@H]1c2[nH]c3ccccc3c2C[C@@H](C)N1CC(F)(F)CO,=,-0.6588657658303905,,CHEMBL5381572,CHEMBL5380788,Protein binding in human plasma assessed as unbound fraction by equilibrium dialysis assay,25688107,unknown,human
Cc1c(OCCNCCCF)ccc(F)c1[C@@H]1c2[nH]c3ccccc3c2C[C@@H](C)N1CC(F)(F)F,=,-1.9609386923475949,,CHEMBL5381572,CHEMBL5380788,Protein binding in human plasma assessed as unbound fraction by equilibrium dialysis assay,25688106,unknown,human
Cc1c(OCCNCCCF)ccc(F)c1[C@@H]1c2[nH]c3ccccc3c2C[C@@H](C)N1CCC(=O)O,=,1.2905844754567892,,CHEMBL5381572,CHEMBL5380788,Protein binding in human plasma assessed as unbound fraction by equilibrium dialysis assay,25688110,unknown,human
Cc1c(OCCNCCCF)ccc(F)c1[C@@H]1c2[nH]c3ccccc3c2C[C@@H](C)N1C[C@@H](C)C(=O)O,=,1.1740626702880612,,CHEMBL5381572,CHEMBL5380788,Protein binding in human plasma assessed as unbound fraction by equilibrium dialysis assay,25688111,unknown,human
Cc1c(OCCNCCCF)ccc(F)c1[C@@H]1c2[nH]c3ccccc3c2C[C@@H](C)N1C[C@H](C)C(=O)O,=,0.9421539390478172,,CHEMBL5381572,CHEMBL5380788,Protein binding in human plasma assessed as unbound fraction by equilibrium dialysis assay,25688112,unknown,human
Cc1c(OCCNCCCF)cccc1[C@@H]1c2[nH]c3ccccc3c2C[C@@H](C)N1CC(F)(F)F,=,-1.4678964174350568,,CHEMBL5381572,CHEMBL5380788,Protein binding in human plasma assessed as unbound fraction by equilibrium dialysis assay,25688104,unknown,human
Cc1c(OCCNCCCF)ncc(F)c1[C@@H]1c2[nH]c3ccccc3c2C[C@@H](C)N1C[C@@H](C)C(=O)O,=,0.8032871660118494,,CHEMBL5381572,CHEMBL5380788,Protein binding in human plasma assessed as unbound fraction by equilibrium dialysis assay,25688116,unknown,human
Cc1c(OCCNCCCF)ncc(F)c1[C@@H]1c2[nH]c3ccccc3c2C[C@@H](C)N1C[C@H](C)C(=O)O,=,0.6107650009699698,,CHEMBL5381572,CHEMBL5380788,Protein binding in human plasma assessed as unbound fraction by equilibrium dialysis assay,25688117,unknown,human
Cc1c([C@@H](O)CN2CCC3(CC2)CCN(c2ccc(=O)n(C)n2)C3=O)ccc2c1COC2=O,=,1.1696724327141608,,CHEMBL4030046,CHEMBL4028831,Fraction unbound in human plasma,18137305,unknown,human
Cc1c([C@@H]2CN3CCN(C(=O)Cc4ccc(-n5cnnn5)cn4)C[C@H]3CO2)ccc(F)c1C#N,=,1.2905844754567892,,CHEMBL3869665,CHEMBL3868612,Unbound fraction in human plasma,16804003,unknown,human
Cc1c2c(N)c(C(=O)NC3CN(c4cc(Cl)ncc4Cl)C3)ccc2nn1C,=,-0.135348766225144,,CHEMBL4610695,CHEMBL4610000,Unbound fraction in human plasma,20630488,unknown,human
Cc1c2c(ccc3c(NC4CN(c5cc(Cl)ncc5Cl)C4)ncnc32)nn1C,=,-0.8626845637357965,,CHEMBL4610695,CHEMBL4610000,Unbound fraction in human plasma,20630490,unknown,human
Cc1c2c(nn1C)CSCc1cc(n(C)n1)CSc1cc(c3ccccc3c1)OCCCc1c(C(=O)O)n(C)c3c-2c(Cl)ccc13,=,-2.5131880266619726,,CHEMBL5385422,CHEMBL5380869,Fraction unbound in human plasma at 5 uM incubated for 4.5 hrs by rapid equilibrium dialysis,25702871,unknown,human
Cc1c2cc(C(=O)NC3CN(c4cc(Cl)ncc4Cl)C3)ccc2nn1C,=,-0.0172998337847618,,CHEMBL4610619,CHEMBL4609996,Unbound fraction in human plasma,20630104,unknown,human
Cc1c2cc(C(=O)NC3CN(c4cc(Cl)ncc4Cl)C3)ccc2nn1C,=,-0.0172998337847618,,CHEMBL4610695,CHEMBL4610000,Unbound fraction in human plasma,20630486,unknown,human
Cc1c2cc(C(=O)NC3CN(c4cc(Cl)ncc4Cl)C3)ncc2nn1C,=,-0.5813774551708419,,CHEMBL4610619,CHEMBL4609996,Unbound fraction in human plasma,20630101,unknown,human
Cc1c[nH]c(=O)c2sc(C(=O)NCc3ccc(S(=O)(=O)C(F)(F)F)cc3)c(N)c12,=,-0.3104352294214184,,CHEMBL4386803,CHEMBL4385625,Fraction unbound in human plasma,19178900,unknown,human
Cc1cc(-c2[nH]c3ccc(C4CCNCC4)cc3c2C(C)C)cc(C)n1,=,0.3539836836796816,,CHEMBL5136003,CHEMBL5131534,Plasma protein binding in human assessed as free fraction,24807680,unknown,human
Cc1cc(-c2c(Cl)cccc2OC(F)(F)F)cc2c1NC(=O)C2,=,0.9591955373789416,,CHEMBL4200554,CHEMBL4196161,Protein binding in human plasma assessed as unbound fraction at 1 uM measured after 6 hrs by equilibrium dialysis method,18556590,unknown,human
Cc1cc(-c2cc(F)c3nnc([C@@H](C)n4ccc5ncccc5c4=O)n3c2)on1,=,0.9916376970957856,,CHEMBL3788771,CHEMBL3784965,Fraction unbound in human plasma at 5 ug/ml by equilibrium dialysis method,16526386,unknown,human
Cc1cc(-c2cc(N)ncn2)ccc1CNC(=O)c1cnc(C(C)(C)C)s1,=,-0.1982656506346964,,CHEMBL4701080,CHEMBL4699451,Protein binding in human plasma assessed as unbound fraction at 2 uM by rapid equilibrium dialysis method,22757194,unknown,human
Cc1cc(-c2ccc(-c3ccccc3)cc2)ccc1C(=O)N[C@@H](CCN)C(=O)N(C)[C@@H]1C(=O)N[C@@H](C)C(=O)N[C@H](C(=O)NCC#N)Cc2ccc(OCCN)c(c2)-c2cc1ccc2OCCN,=,-0.4837793026341161,,CHEMBL5375621,CHEMBL5370681,Unbound fraction in human plasma at 5 uM measured after 24 hrs by LC-MS/MS analysis,25668453,unknown,human
Cc1cc(-c2ccc(C(=O)[C@@H]3CCCC[C@H]3C(=O)Nc3cn(C)nc3C(N)=O)cc2)[nH]n1,=,0.2689925619908105,,CHEMBL4351278,CHEMBL4350955,Protein binding in human plasma assessed as unbound fraction by LC-MS based equilibrium dialysis analysis,19037434,unknown,human
Cc1cc(-c2ccc(C(=O)[C@@H]3CCCC[C@H]3C(=O)Nc3cn(C)nc3C)cc2)n[nH]1,=,0.4548566296028772,,CHEMBL4351278,CHEMBL4350955,Protein binding in human plasma assessed as unbound fraction by LC-MS based equilibrium dialysis analysis,19037431,unknown,human
Cc1cc(-c2ccc(C(=O)[C@@H]3CCCC[C@H]3C(=O)Nc3cnn(C)c3C(=O)NOC(C)(C)C)cc2)[nH]n1,=,-1.0072963022393624,,CHEMBL4393825,CHEMBL4393654,Protein binding in human plasma assessed as unbound fraction by equilibrium dialysis method,19214704,unknown,human
Cc1cc(-c2ccc(C(=O)[C@@H]3CCCC[C@H]3C(=O)Nc3cnn(C)c3S(N)(=O)=O)cc2)n[nH]1,=,-0.1817828950592638,,CHEMBL4393825,CHEMBL4393654,Protein binding in human plasma assessed as unbound fraction by equilibrium dialysis method,19214705,unknown,human
Cc1cc(-c2ccc(C(=O)[C@@H]3CCCC[C@H]3C(=O)Nc3cnn4c3C(=O)NCC4)cc2)n[nH]1,=,0.0878062235286654,,CHEMBL4393825,CHEMBL4393654,Protein binding in human plasma assessed as unbound fraction by equilibrium dialysis method,19214706,unknown,human
Cc1cc(-c2ccc(C(C)(C)C)cc2)ccc1C(=O)N[C@@H](CCN)C(=O)N(C)[C@@H]1C(=O)N[C@@H](C)C(=O)N[C@H](C(=O)NCC#N)Cc2ccc(OCCN)c(c2)-c2cc1ccc2OCCN,=,-1.9079761729627127,,CHEMBL5375621,CHEMBL5370681,Unbound fraction in human plasma at 5 uM measured after 24 hrs by LC-MS/MS analysis,25668452,unknown,human
Cc1cc(-c2ccc(C(C)(C)C)cc2)nc(C)c1C(=O)N[C@@H](CCN)C(=O)N(C)[C@@H]1C(=O)N[C@@H](C)C(=O)N[C@H](C(=O)NCC#N)Cc2ccc(OCCN)c(c2)-c2cc1ccc2OCCN,=,0.3132822357298443,,CHEMBL5375621,CHEMBL5370681,Unbound fraction in human plasma at 5 uM measured after 24 hrs by LC-MS/MS analysis,25668461,unknown,human
Cc1cc(-c2ccc(C(C)(C)C)cc2)nc(N)c1C(=O)N[C@@H](CCN)C(=O)N(C)[C@@H]1C(=O)N[C@@H](C)C(=O)N[C@H](C(=O)NCC#N)Cc2ccc(OCCN)c(c2)-c2cc1ccc2OCCN,=,0.133123287443151,,CHEMBL5375621,CHEMBL5370681,Unbound fraction in human plasma at 5 uM measured after 24 hrs by LC-MS/MS analysis,25668458,unknown,human
Cc1cc(-c2ccc(C(C)(C)C)cc2)ncc1C(=O)N[C@@H](CCN)C(=O)N(C)[C@@H]1C(=O)N[C@@H](C)C(=O)N[C@H](C(=O)NCC#N)Cc2ccc(OCCN)c(c2)-c2cc1ccc2OCCN,=,0.4548566296028772,,CHEMBL5375621,CHEMBL5370681,Unbound fraction in human plasma at 5 uM measured after 24 hrs by LC-MS/MS analysis,25668460,unknown,human
Cc1cc(-c2ccc(C(C)C)cc2)ccc1C(=O)N[C@@H](CCN)C(=O)N(C)[C@@H]1C(=O)N[C@@H](C)C(=O)N[C@H](C(=O)NCC#N)Cc2ccc(OCCN)c(c2)-c2cc1ccc2OCCN,=,0.3311307026242102,,CHEMBL5375621,CHEMBL5370681,Unbound fraction in human plasma at 5 uM measured after 24 hrs by LC-MS/MS analysis,25668451,unknown,human
Cc1cc(-c2ccc(C(F)(F)F)cc2)ccc1C(=O)N[C@@H](CCN)C(=O)N(C)[C@@H]1C(=O)N[C@@H](C)C(=O)N[C@H](C(=O)NCC#N)Cc2ccc(OCCN)c(c2)-c2cc1ccc2OCCN,=,0.2820498937016034,,CHEMBL5375621,CHEMBL5370681,Unbound fraction in human plasma at 5 uM measured after 24 hrs by LC-MS/MS analysis,25668450,unknown,human
Cc1cc(-c2ccc(CC(C)C)cc2)ccc1C(=O)N[C@@H](CCN)C(=O)N(C)[C@@H]1C(=O)N[C@@H](C)C(=O)N[C@H](C(=O)NCC#N)Cc2ccc(OCCN)c(c2)-c2cc1ccc2OCCN,=,-1.9079761729627127,,CHEMBL5375621,CHEMBL5370681,Unbound fraction in human plasma at 5 uM measured after 24 hrs by LC-MS/MS analysis,25668454,unknown,human
Cc1cc(-c2ccc(Cl)cc2)ccc1C(=O)N[C@@H](CCN)C(=O)N(C)[C@@H]1C(=O)N[C@@H](C)C(=O)N[C@H](C(=O)NCC#N)Cc2ccc(OCCN)c(c2)-c2cc1ccc2OCCN,=,0.5388312109918915,,CHEMBL5375621,CHEMBL5370681,Unbound fraction in human plasma at 5 uM measured after 24 hrs by LC-MS/MS analysis,25668448,unknown,human
Cc1cc(-c2ccc(OC[C@@](C)(N)CC(C)C)c(C(F)(F)F)c2)ccn1,=,-0.4020844485401025,,CHEMBL5049604,CHEMBL5046296,Protein binding in human plasma assessed as unbound fraction at 10 uM measured after 5 hrs by LC-MS/MS analysis,24424681,unknown,human
Cc1cc(-c2ccc(OC[C@@](C)(N)CC(C)C)c(C(F)F)c2)ccn1,=,-0.0928435423790931,,CHEMBL5049604,CHEMBL5046296,Protein binding in human plasma assessed as unbound fraction at 10 uM measured after 5 hrs by LC-MS/MS analysis,24424682,unknown,human
Cc1cc(-c2ccccc2)ccc1C(=O)N[C@@H](CCN)C(=O)N(C)[C@@H]1C(=O)N[C@@H](C)C(=O)N[C@H](C(=O)NCC#N)Cc2ccc(OCCN)c(c2)-c2cc1ccc2OCCN,=,1.022112421788494,,CHEMBL5375621,CHEMBL5370681,Unbound fraction in human plasma at 5 uM measured after 24 hrs by LC-MS/MS analysis,25668446,unknown,human
Cc1cc(-c2ccccc2)nc2nc(C(=O)Nc3ccccc3C(N)=O)nn12,=,0.8134654913908467,,CHEMBL4735861,CHEMBL4732130,Protein binding in human plasma assessed as unbound fraction at 5 uM incubated for 4 hrs by UPLC/MS-MS based rapid equilibrium dialysis method,22917337,unknown,human
Cc1cc(-c2ccnc(Nc3cnn(C)c3)n2)ccc1CN1CCN(CC(C)(C)C)CC1=O,=,-0.5813774551708419,,CHEMBL5133807,CHEMBL5131445,Plasma protein binding in human assessed as unbound fraction by rapid equilibrium dialysis method,24797342,unknown,human
Cc1cc(-c2ccnc(Nc3cnn(C)c3)n2)ccc1CNC(=O)C1CCC(C(C)(C)C)C1,=,-2.087269179593452,,CHEMBL4701080,CHEMBL4699451,Protein binding in human plasma assessed as unbound fraction at 2 uM by rapid equilibrium dialysis method,22757198,unknown,human
Cc1cc(-c2ccnc(Nc3cnn(C)c3)n2)ccc1CNC(=O)N1CC(CC(C)C)C1,=,-0.8034775043339566,,CHEMBL4701080,CHEMBL4699451,Protein binding in human plasma assessed as unbound fraction at 2 uM by rapid equilibrium dialysis method,22757200,unknown,human
Cc1cc(-c2ccnc(Nc3cnn(C)c3)n2)ccc1CNC(=O)N1CC(OC(C)C)C1,=,0.1417163002289445,,CHEMBL4701080,CHEMBL4699451,Protein binding in human plasma assessed as unbound fraction at 2 uM by rapid equilibrium dialysis method,22757201,unknown,human
Cc1cc(-c2ccnc(Nc3cnn(C)c3)n2)ccc1CNC(=O)N1CC(OC(C)C)C1,=,0.1501648857742756,,CHEMBL5043210,CHEMBL5042486,Protein binding in human plasma assessed as unbound fraction at 2 uM by rapid equilibrium dialysis method,24398566,unknown,human
Cc1cc(-c2ccnc(Nc3cnn(C)c3)n2)ccc1CNC(=O)N1CCC(C(C)(C)C)C1,=,-1.5595456365537408,,CHEMBL4701080,CHEMBL4699451,Protein binding in human plasma assessed as unbound fraction at 2 uM by rapid equilibrium dialysis method,22757199,unknown,human
Cc1cc(-c2ccnc(Nc3cnn(C)c3)n2)ccc1CNC(=O)c1cnc(C(C)(C)C)s1,=,-1.3557268386483343,,CHEMBL4701080,CHEMBL4699451,Protein binding in human plasma assessed as unbound fraction at 2 uM by rapid equilibrium dialysis method,22757196,unknown,human
Cc1cc(-c2ccnc(Nc3cnn(C)c3)n2)ccc1CNC(=O)c1nnc(C(C)(C)C)s1,=,-0.929807991579814,,CHEMBL4701080,CHEMBL4699451,Protein binding in human plasma assessed as unbound fraction at 2 uM by rapid equilibrium dialysis method,22757197,unknown,human
Cc1cc(-c2cnc3cc(-c4ccc(N5CCNCC5)cc4)ccn23)c2cc(F)cc(F)c2n1,=,-0.5813774551708419,,CHEMBL4727764,CHEMBL4725327,Plasma protein binding in human assessed as fraction unbound,22884312,unknown,human
Cc1cc(-c2cnc3cc(-c4ccc(N5CCNCC5)cc4)ccn23)c2cc(F)ccc2n1,=,-0.7505149849490745,,CHEMBL4727764,CHEMBL4725327,Plasma protein binding in human assessed as fraction unbound,22884311,unknown,human
Cc1cc(-c2cnc3cc(-c4ccc(N5CCNCC5)cc4)ccn23)c2ccccc2n1,=,-0.5813774551708419,,CHEMBL4727764,CHEMBL4725327,Plasma protein binding in human assessed as fraction unbound,22884310,unknown,human
Cc1cc(-c2cnn3c2C(=O)N(c2ccc(C(F)(F)F)cc2)C[C@@H]3C)ccn1,=,0.4548566296028772,,CHEMBL5589179,CHEMBL5584356,Unbound fraction in human plasma by rapid equilibrium dialysis,26051533,unknown,human
Cc1cc(-c2nc3ccccc3n2CC2CCOCC2)cn(C)c1=O,=,1.1038072758825077,,CHEMBL4404041,CHEMBL4402554,Fraction unbound in human plasma,19260634,unknown,human
Cc1cc(-n2c(CC(C)C)nc3cc(O)c(O)c(O)c3c2=O)ccc1F,=,-0.1705583360372789,,CHEMBL5336420,CHEMBL5335781,Plasma protein binding in human assessed as unbound fraction,25516799,unknown,human
Cc1cc(-n2cnc3ccc(N[C@@H](C)c4ncc(F)cn4)nc32)n[nH]1,=,1.0910805453062695,,CHEMBL2154696,CHEMBL2150905,Fraction unbound in human plasma,12051542,unknown,human
Cc1cc(-n2nc(C3CCN(C(=O)[C@@H]4CN(C(C)(C)C)C[C@H]4c4ccc(F)cc4F)CC3)nc2C)ccc1Cl,=,0.4548566296028772,,CHEMBL2026496,CHEMBL2021890,Plasma protein binding in 10% human plasma assessed as percentage unbound,10872443,unknown,human
Cc1cc(=O)n(-c2ccccc2)n1C,=,1.5279276272687528,,CHEMBL1043580,CHEMBL1156824,Fraction unbound in human plasma,2994947,unknown,human
Cc1cc(=O)n(C[C@H](N)[C@H]2CC[C@H](NCc3ccc4c(n3)NC(=O)CO4)CC2)c2cc(F)ccc12,=,1.3400682335047578,,CHEMBL3361751,CHEMBL3352316,Fraction unbound in human plasma by LC/MS-MS analysis,15070932,unknown,human
Cc1cc(=O)n(C[C@H](N)[C@H]2CC[C@H](NCc3ncc4c(n3)NC(=O)CO4)CC2)c2cc(F)ccc12,=,1.3555365003262276,,CHEMBL3361751,CHEMBL3352316,Fraction unbound in human plasma by LC/MS-MS analysis,15070940,unknown,human
Cc1cc(C#Cc2ccc(F)cc2)cnc1NC(=O)c1cc(NC(=O)OC(C)(C)C)ccc1Cl,=,1.5613822324577054,,CHEMBL6141300,CHEMBL6134922,Plasma protein binding in human assessed as unbound fraction at 5 uM incubated for 6 hrs by equilibrium dialysis based HPLC analysis,29268610,unknown,human
Cc1cc(C#Cc2ccccc2)cnc1NC(=O)c1cc(NC(=O)OC(C)(C)C)ccc1Cl,=,1.5618876915319393,,CHEMBL6141300,CHEMBL6134922,Plasma protein binding in human assessed as unbound fraction at 5 uM incubated for 6 hrs by equilibrium dialysis based HPLC analysis,29268607,unknown,human
Cc1cc(C#Cc2cn(-c3ccc(F)cc3)c(C)n2)ccn1,=,-0.3104352294214184,,CHEMBL3412670,CHEMBL3407448,Fraction unbound in human plasma at 1 uM by equilibrium dialysis method,15195250,unknown,human
Cc1cc(C#N)cnc1C(=O)Nc1ccc(F)c([C@]2(C)CS(=O)(=O)[C@@](C)(C(F)F)C(=N)N2)n1,=,1.2159768546692298,,CHEMBL5133262,CHEMBL5131410,Free drug concentration in human plasma,24794212,unknown,human
Cc1cc(C#N)nc(C)c1C(=O)NCC[C@@H](C)N1CCC(N(Cc2ccsc2)C(=O)CC2CCOCC2)CC1,=,1.482712536984188,,CHEMBL2168046,CHEMBL2163215,Fraction unbound in human plasma after 5 hrs,12091386,unknown,human
Cc1cc(C(=O)N[C@H]2CC[C@@H](NC(=O)c3cc(F)cnc3Oc3cccc(-c4cc(O)cc(CN5C[C@@H](C)N[C@@H](C)C5)c4)c3)CC2)nn1C,=,1.0366838480384906,,CHEMBL3292530,CHEMBL3286180,Fraction unbound in human plasma,14743216,unknown,human
Cc1cc(C(=O)N[C@H]2CC[C@@H](NC(=O)c3cc(F)cnc3Oc3cccc(-c4ccc(CCCN5C[C@@H](C)N[C@@H](C)C5)cc4)c3)CC2)nn1C,=,0.0055531472707097,,CHEMBL3292530,CHEMBL3286180,Fraction unbound in human plasma,14743218,unknown,human
Cc1cc(C(=O)N[C@H]2CC[C@@H](NC(=O)c3cc(F)cnc3Oc3cccc(-c4ccc(CCN5CCC(N6CCCC6)CC5)cc4)c3)CC2)nn1C,=,-0.0291281208564636,,CHEMBL3292530,CHEMBL3286180,Fraction unbound in human plasma,14743219,unknown,human
Cc1cc(C(=O)N[C@H]2CC[C@@H](NC(=O)c3cc(F)cnc3Oc3cccc(-c4ccc(CN5C[C@@H](C)N[C@@H](C)C5)c(O)c4)c3)CC2)nn1C,=,0.4985954221832476,,CHEMBL3292530,CHEMBL3286180,Fraction unbound in human plasma,14743213,unknown,human
Cc1cc(C(=O)N[C@H]2CC[C@@H](NC(=O)c3cc(F)cnc3Oc3cccc(-c4ccc(CN5C[C@@H](C)N[C@@H](C)C5)cc4)c3)CC2)nn1C,=,0.4548566296028772,,CHEMBL3292530,CHEMBL3286180,Fraction unbound in human plasma,14743212,unknown,human
Cc1cc(C(=O)N[C@H]2CC[C@@H](NC(=O)c3cc(F)cnc3Oc3cccc(-c4ccc(O)c(CN5C[C@@H](C)N[C@@H](C)C5)c4)c3)CC2)nn1C,=,0.6432071606868136,,CHEMBL3292530,CHEMBL3286180,Fraction unbound in human plasma,14743215,unknown,human
Cc1cc(C(=O)N[C@H]2CC[C@@H](NC(=O)c3cc(F)cnc3Oc3cccc(-c4ccc(O)cc4CN4CCOCC4)c3)CC2)nn1C,=,0.1154836176471022,,CHEMBL3292530,CHEMBL3286180,Fraction unbound in human plasma,14740975,unknown,human
Cc1cc(C(=O)N[C@H]2CC[C@@H](NC(=O)c3cc(F)cnc3Oc3cccc(-c4cccc(CN5C[C@@H](C)N[C@@H](C)C5)c4)c3)CC2)nn1C,=,0.7024142200886537,,CHEMBL3292530,CHEMBL3286180,Fraction unbound in human plasma,14743214,unknown,human
Cc1cc(C(=O)N[C@H]2CC[C@@H](NC(=O)c3cc(F)cnc3Oc3cccc(-c4cccc(CN5C[C@@H](C)N[C@@H](C)C5)c4O)c3)CC2)nn1C,=,0.3595382043611521,,CHEMBL3292530,CHEMBL3286180,Fraction unbound in human plasma,14743217,unknown,human
Cc1cc(C)c(-c2c[nH]nc2C)cc1NC(=O)c1ccc(OCc2ccccn2)cc1,=,-0.3775586572654357,,CHEMBL4610871,CHEMBL4610013,Protein binding in human plasma assessed as unbound fraction,20631771,unknown,human
Cc1cc(C)c(-c2ccc(N)nn2)cc1NC(=O)c1ccc(OCc2ccccn2)cc1,=,0.1826070454911193,,CHEMBL4610871,CHEMBL4610013,Protein binding in human plasma assessed as unbound fraction,20631772,unknown,human
Cc1cc(C)c(-c2cn(C)cn2)cc1NC(=O)c1ccc(OCc2ccccn2)cc1,=,0.1064260931939052,,CHEMBL4610871,CHEMBL4610013,Protein binding in human plasma assessed as unbound fraction,20631767,unknown,human
Cc1cc(C)c(-c2ncc[nH]2)cc1NC(=O)c1ccc(OCc2ccccn2)cc1,=,0.2056345375731557,,CHEMBL4610871,CHEMBL4610013,Protein binding in human plasma assessed as unbound fraction,20631766,unknown,human
Cc1cc(C)c(NS(=O)(=O)c2ccc(NC(=O)c3ccccn3)cc2)c(C)c1,=,-1.9079761729627127,,CHEMBL1228197,CHEMBL1221266,Fraction unbound in human plasma,3424985,unknown,human
Cc1cc(C)c(NS(=O)(=O)c2ccc(NC(=O)c3ccco3)cc2)c(C)c1,=,-0.354174022001789,,CHEMBL1228197,CHEMBL1221266,Fraction unbound in human plasma,3424984,unknown,human
Cc1cc(C)c2c(N)c(C(=O)c3ccc(F)c(Cl)c3)sc2n1,=,-1.0989455213580468,,CHEMBL4479491,CHEMBL4477243,Fraction unbound in human plasma,19475789,unknown,human
Cc1cc(C)c2c(N)c(C(=O)c3ccc(F)cc3F)sc2n1,=,-1.0989455213580468,,CHEMBL4479491,CHEMBL4477243,Fraction unbound in human plasma,19475790,unknown,human
Cc1cc(C)c2c(N)c(C(=O)c3ccc(O)cc3)sc2n1,=,-1.0989455213580468,,CHEMBL4479491,CHEMBL4477243,Fraction unbound in human plasma,19475787,unknown,human
Cc1cc(C)c2c(N)c(C(=O)c3ccccc3)sc2n1,=,-1.0989455213580468,,CHEMBL4479491,CHEMBL4477243,Fraction unbound in human plasma,19475786,unknown,human
Cc1cc(C)c2c(N)c(C(=O)c3ccncc3)sc2n1,=,-1.0989455213580468,,CHEMBL4479491,CHEMBL4477243,Fraction unbound in human plasma,19475791,unknown,human
Cc1cc(C)c2c(n1)sc1c(C3CCN(C(=O)C4(C)CC4)CC3)ncnc12,=,-2.7987016786613923,,CHEMBL5030000,CHEMBL5029174,Free drug concentration in human plasma,24343482,unknown,human
Cc1cc(C)c2c(n1)sc1c(N3CC4(COC4)C3)ncnc12,=,-2.1994387583801744,,CHEMBL5030000,CHEMBL5029174,Free drug concentration in human plasma,24343481,unknown,human
Cc1cc(C)c2c(n1)sc1c(N3CCC3)ncnc12,=,-2.6924810332927125,,CHEMBL5030000,CHEMBL5029174,Free drug concentration in human plasma,24343480,unknown,human
Cc1cc(C)c2c(n1)sc1c(N3CCCC3)nccc12,=,-3.6706492146756102,,CHEMBL5030000,CHEMBL5029174,Free drug concentration in human plasma,24343484,unknown,human
Cc1cc(C)c2c(n1)sc1c(N3CCCC3)ncnc12,=,-2.8291764033541007,,CHEMBL5030000,CHEMBL5029174,Free drug concentration in human plasma,24343479,unknown,human
Cc1cc(C)c2c(n1)sc1c(NC3CCC3)nccc12,=,-3.4138678973853227,,CHEMBL5030000,CHEMBL5029174,Free drug concentration in human plasma,24343485,unknown,human
Cc1cc(C)c2c(n1)sc1c(NCc3ccc(C(C)(C)O)cc3)nccc12,=,-4.222898548989989,,CHEMBL5030000,CHEMBL5029174,Free drug concentration in human plasma,24343483,unknown,human
Cc1cc(C)c2c(n1)sc1c(NCc3ccc(S(C)(=O)=O)cc3)ncnc12,=,-3.874468012581017,,CHEMBL5030000,CHEMBL5029174,Free drug concentration in human plasma,24343478,unknown,human
Cc1cc(C)c2cc(C(=O)NC3CN(c4cc(Cl)ncc4Cl)C3)ccc2n1,=,-1.5595456365537408,,CHEMBL4180109,CHEMBL4177610,Fraction unbound in human plasma,18458973,unknown,human
Cc1cc(C)c2cc(C(=O)NC3CN(c4ccc(C(F)(F)F)nc4)C3)ccc2n1,=,-1.0989455213580468,,CHEMBL4180109,CHEMBL4177610,Fraction unbound in human plasma,18458971,unknown,human
Cc1cc(C)c2cc(C(=O)NC3CN(c4ccnc(F)c4F)C3)ccc2n1,=,-0.8034775043339566,,CHEMBL4180109,CHEMBL4177610,Fraction unbound in human plasma,18458974,unknown,human
Cc1cc(C)n(-c2nc(C(F)(F)F)cc(=O)[nH]2)n1,=,-1.0072963022393624,,CHEMBL4712827,CHEMBL4706648,Protein binding in human plasma assessed as unbound fraction at 5 uM incubated for 1 hr at 37 degreeC and measured after 4 hrs by ultracentrifugation based LC-MS/MS analysis,22807411,unknown,human
Cc1cc(C)nc(N2CC3CN(C(=O)c4c(F)cccc4-n4nccn4)CC3C2)n1,=,-0.2153072489658211,,CHEMBL3587811,CHEMBL3585263,Fraction unbound in human plasma at 0.1 to 10 uM after 6 hrs by equilibrium dialysis method,15622439,unknown,human
Cc1cc(C2CCCCN2)cc(F)c1-c1cc2c(-c3cnn(C)c3)n[nH]c2cn1,=,1.2159768546692298,,CHEMBL5225627,CHEMBL5223162,Fraction unbound in human plasma by LC-MS/MS analysis,24979360,unknown,human
Cc1cc(C2CCN(C(=O)[C@@H]3CN(C(C)(C)C)C[C@H]3c3ccc(F)cc3F)CC2)n(-c2cc(Cl)ccc2Cl)n1,=,0.4548566296028772,,CHEMBL2026496,CHEMBL2021890,Plasma protein binding in 10% human plasma assessed as percentage unbound,10872560,unknown,human
Cc1cc(C2CCN(C(=O)[C@@H]3CN(C(C)(C)C)C[C@H]3c3ccc(F)cc3F)CC2)n(-c2cc(Cl)ccc2F)n1,=,0.5760837328427963,,CHEMBL2026496,CHEMBL2021890,Plasma protein binding in 10% human plasma assessed as percentage unbound,10873221,unknown,human
Cc1cc(C2CCN(C(=O)[C@@H]3CN(C(C)(C)C)C[C@H]3c3ccc(F)cc3F)CC2)n(-c2ccc(C)c(Cl)c2)n1,=,0.0585156666555915,,CHEMBL2026496,CHEMBL2021890,Plasma protein binding in 10% human plasma assessed as percentage unbound,10872540,unknown,human
Cc1cc(C2CCN(C(=O)[C@@H]3CN(C(C)(C)C)C[C@H]3c3ccc(F)cc3F)CC2)n(-c2ccc(Cl)c(C)c2)n1,=,-0.0536539121311303,,CHEMBL2026496,CHEMBL2021890,Plasma protein binding in 10% human plasma assessed as percentage unbound,10872536,unknown,human
Cc1cc(C2CCN(C(=O)[C@@H]3CN(C(C)(C)C)C[C@H]3c3ccc(F)cc3F)CC2)n(-c2ccc(Cl)c(Cl)c2)n1,=,-0.4020844485401025,,CHEMBL2026496,CHEMBL2021890,Plasma protein binding in 10% human plasma assessed as percentage unbound,10872552,unknown,human
Cc1cc(C2CCN(C(=O)[C@@H]3CN(C(C)(C)C)C[C@H]3c3ccc(F)cc3F)CC2)n(-c2ccc(Cl)cc2)n1,=,0.4548566296028772,,CHEMBL2026496,CHEMBL2021890,Plasma protein binding in 10% human plasma assessed as percentage unbound,10872544,unknown,human
Cc1cc(C2CCN(C(=O)[C@@H]3CN(C(C)(C)C)C[C@H]3c3ccc(F)cc3F)CC2)n(-c2ccc(Cl)cc2Cl)n1,=,0.4069462030645636,,CHEMBL2026496,CHEMBL2021890,Plasma protein binding in 10% human plasma assessed as percentage unbound,10872556,unknown,human
Cc1cc(C2CCN(C(=O)[C@@H]3CN(C(C)(C)C)C[C@H]3c3ccc(F)cc3F)CC2)n(-c2ccc(Cl)cc2F)n1,=,0.6736818853795221,,CHEMBL2026496,CHEMBL2021890,Plasma protein binding in 10% human plasma assessed as percentage unbound,10873211,unknown,human
Cc1cc(C2CCN(C(=O)[C@@H]3CN(C(C)(C)C)C[C@H]3c3ccc(F)cc3F)CC2)n(-c2ccc(F)c(Cl)c2)n1,=,0.6432071606868136,,CHEMBL2026496,CHEMBL2021890,Plasma protein binding in 10% human plasma assessed as percentage unbound,10873213,unknown,human
Cc1cc(C2CCN(C(=O)[C@@H]3CN(C(C)(C)C)C[C@H]3c3ccc(F)cc3F)CC2)n(-c2ccc(F)c(F)c2)n1,=,0.8675463182602577,,CHEMBL2026496,CHEMBL2021890,Plasma protein binding in 10% human plasma assessed as percentage unbound,10872564,unknown,human
Cc1cc(C2CCN(C(=O)[C@@H]3CNC[C@H]3c3ccc(F)cc3F)CC2)n(-c2cc(Cl)ccc2Cl)n1,=,0.4985954221832476,,CHEMBL2026496,CHEMBL2021890,Plasma protein binding in 10% human plasma assessed as percentage unbound,10873250,unknown,human
Cc1cc(C2CCN(C(=O)[C@@H]3C[C@@](C)(N(C)C)C[C@H]3c3ccc(F)cc3F)CC2)n(-c2cc(Cl)ccc2Cl)n1,=,0.336942085348557,,CHEMBL2034222,CHEMBL2029344,Percentage unbound in 10% human plasma,10885898,unknown,human
Cc1cc(C2CCN(C(=O)[C@@H]3C[C@@](C)(N(C)C)C[C@H]3c3ccc(F)cc3F)CC2)n(-c2ccc(F)c(Cl)c2)n1,=,0.1826070454911193,,CHEMBL2034222,CHEMBL2029344,Percentage unbound in 10% human plasma,10885896,unknown,human
Cc1cc(C2CCN(C(=O)[C@@H]3C[C@@](C)(N)C[C@H]3c3ccc(F)cc3F)CC2)n(-c2cc(Cl)ccc2Cl)n1,=,0.2347835146658341,,CHEMBL2034222,CHEMBL2029344,Percentage unbound in 10% human plasma,10885897,unknown,human
Cc1cc(C2CCN(C(=O)[C@@H]3C[C@@](C)(N)C[C@H]3c3ccc(F)cc3F)CC2)n(-c2ccc(F)c(Cl)c2)n1,=,-0.0172998337847618,,CHEMBL2034222,CHEMBL2029344,Percentage unbound in 10% human plasma,10885895,unknown,human
Cc1cc(C2CCN(C(=O)[C@@H]3C[C@](C)(N)C[C@H]3c3ccc(F)cc3F)CC2)n(-c2ccc(F)c(Cl)c2)n1,=,0.2204202801798293,,CHEMBL2034222,CHEMBL2029344,Percentage unbound in 10% human plasma,10885894,unknown,human
Cc1cc(CCCOc2c(C)cc(-c3noc(C(F)(F)F)n3)cc2C)on1,=,-1.7760911650353848,,CHEMBL1839688,CHEMBL1833869,Unbound fraction in human plasma,6390892,unknown,human
Cc1cc(CN2CCC2)cc(F)c1-c1cc2c(-c3cnn(C)c3)n[nH]c2cn1,=,1.1401613542288764,,CHEMBL5225627,CHEMBL5223162,Fraction unbound in human plasma by LC-MS/MS analysis,24979362,unknown,human
Cc1cc(COc2ccc(C(=O)N[C@@H]3CCOC[C@@H]3C(=O)NO)cc2)c2ccccc2n1,=,0.2623344645609978,,CHEMBL927636,CHEMBL1140787,Fraction unbound in human serum,2072744,unknown,human
Cc1cc(COc2ccc(F)c(F)c2F)nc(-c2ccccn2)n1,=,-0.1982656506346964,,CHEMBL3744113,CHEMBL3739339,Fraction unbound in human plasma,16403289,unknown,human
Cc1cc(COc2ccc(S(=O)(=O)N(C)C3(C(=O)NO)CN(C(=O)C(C)C)C3)cc2)c2ccccc2n1,=,-0.4278685108271337,,CHEMBL4186142,CHEMBL4184149,Fraction unbound in human plasma at 5 uM after 4 hrs by LC-MS/MS analysis,18485326,unknown,human
Cc1cc(COc2ccc(S(=O)(=O)N(C)C3(C(=O)NO)CN(C(=O)CC(C)C)C3)cc2)c2ccccc2n1,=,-1.3557268386483343,,CHEMBL4186142,CHEMBL4184149,Fraction unbound in human plasma at 5 uM after 4 hrs by LC-MS/MS analysis,18485327,unknown,human
Cc1cc(COc2ccc(S(=O)(=O)N3CCN(C(=O)C(C)(C)C)C(C(=O)NO)C3)cc2)c2c(n1)CCCC2,=,-0.1982656506346964,,CHEMBL4010778,CHEMBL4007472,Fraction unbound in human plasma at 5 uM after 4 hrs by LC-MS/MS based equilibrium dialysis method,18045808,unknown,human
Cc1cc(COc2ccc([C@]3(C)CCN([C@H](C)C(=O)NO)C3=O)cc2)c2ccccc2n1,=,-0.1066164315160123,,CHEMBL998653,CHEMBL1140868,Fraction unbound in human serum,2392686,unknown,human
Cc1cc(C[C@@H](NC(=O)N2CCC(N3Cc4cccc(F)c4NC3=O)CC2)C(=O)N2CCC(N3CCCCC3)CC2)cc2cn[nH]c12,=,1.0366838480384906,,CHEMBL998719,CHEMBL1156565,Fraction unbound in human serum at 10 uM,2243197,unknown,human
Cc1cc(C[C@@H](NC(=O)N2CCC(c3cc4ccccc4[nH]c3=O)CC2)C(=O)N2CCN(C3CCN(C)CC3)CC2)cc2cn[nH]c12,=,1.064617645634545,,CHEMBL2400619,CHEMBL2396632,Fraction unbound in human plasma,13358874,unknown,human
Cc1cc(C[C@@H](NC(=O)N2CCC3(CC2)OC(=O)Nc2ncccc23)C(=O)N[C@@H](CC2CCNCC2)C(=O)N2CCN(c3ccncc3)CC2)cc2cn[nH]c12,=,1.3400682335047578,,CHEMBL4617615,CHEMBL4616627,Protein binding in human plasma assessed as unbound fraction,20657866,unknown,human
Cc1cc(Cl)cnc1C(=O)Nc1ccc(F)c([C@@]2(C)N=C(N)CO[C@@H]2F)c1,=,0.4548566296028772,,CHEMBL3635183,CHEMBL3632560,Fraction unbound in human plasma at 5 uM after 4.5 hrs by HPLC-MS/MS analysis,15769565,unknown,human
Cc1cc(Cl)nc(C)c1C(=O)NCC[C@@H](C)N1CCC(N(Cc2ccsc2)C(=O)CC#N)CC1,=,1.254663554403032,,CHEMBL2168046,CHEMBL2163215,Fraction unbound in human plasma after 5 hrs,12091387,unknown,human
Cc1cc(Cl)nc(C)c1C(=O)NCC[C@@H](C)N1CCC(N(Cc2ccsc2)C(=O)CC2CCOCC2)CC1,=,1.4522378122914796,,CHEMBL2168046,CHEMBL2163215,Fraction unbound in human plasma after 5 hrs,12091391,unknown,human
Cc1cc(Cl)nc(C)c1C(=O)NCC[C@@H](C)N1CCC(N(Cc2ccsc2)C(=O)CN2CCOC2=O)CC1,=,1.1517177024208214,,CHEMBL2168046,CHEMBL2163215,Fraction unbound in human plasma after 5 hrs,12091385,unknown,human
Cc1cc(Cl)nc(C)c1C(=O)NCC[C@@H](C)N1CCC(N(Cc2ccsc2)C(=O)NCc2ccc(C(=O)O)cc2)CC1,=,1.2905844754567892,,CHEMBL2168046,CHEMBL2163215,Fraction unbound in human plasma after 5 hrs,12091376,unknown,human
Cc1cc(Cl)nc(C)c1C(=O)NCC[C@@H](C)N1CCC(N(Cc2ccsc2)C(=O)NO)CC1,=,1.1038072758825077,,CHEMBL2168046,CHEMBL2163215,Fraction unbound in human plasma after 5 hrs,12091383,unknown,human
Cc1cc(Cl)nc(C)c1C(=O)NCC[C@@H](C)N1CCC(N(Cc2ccsc2)C(=O)Nc2cccnc2)CC1,=,1.1740626702880612,,CHEMBL2168046,CHEMBL2163215,Fraction unbound in human plasma after 5 hrs,12091390,unknown,human
Cc1cc(F)c(-c2ncc[nH]2)cc1NC(=O)c1ccc(OCc2ccccn2)cc1,=,0.4548566296028772,,CHEMBL4610871,CHEMBL4610013,Protein binding in human plasma assessed as unbound fraction,20631769,unknown,human
Cc1cc(F)cc(Nc2ncc(Nc3ccc(SC(F)(F)F)cc3)cc2C(N)=O)c1,=,-1.9079761729627127,,CHEMBL6075367,CHEMBL6074641,Unbound plasma protein binding in human incubated for 24 hrs by HPLC based equilibrium dialysis method,29067264,unknown,human
Cc1cc(F)ccc1-c1c(Oc2ccc(/C=C/C(=O)O)cc2)c2ccc(O)cc2oc1=O,=,-1.4473760577670187,,CHEMBL3429922,CHEMBL3425438,Free plasma concentration in human by LC-UV-MS analysis,15243340,unknown,human
Cc1cc(F)ccc1-c1c(Oc2ccc(/C=C/C(=O)O)cc2)c2ccccc2oc1=O,=,-1.0989455213580468,,CHEMBL3429922,CHEMBL3425438,Free plasma concentration in human by LC-UV-MS analysis,15243342,unknown,human
Cc1cc(F)ccc1Oc1ncc(C(F)(F)F)cc1C(=O)Nc1cccc([S@](C)(=N)=O)c1,=,0.5760837328427963,,CHEMBL6115344,CHEMBL6114946,Protein binding in human plasma assessed as unbound fraction,29189567,unknown,human
Cc1cc(N2CCOCC2)cc2[nH]c(-c3c(NCCc4ncn(C)c4Cl)cc[nH]c3=O)nc12,=,0.1417163002289445,,CHEMBL1102242,CHEMBL1155377,Fraction unbound in human plasma,3185458,unknown,human
Cc1cc(N2CCOCC2)cc2[nH]c(-c3c(NCCn4cc(Cl)cn4)cc[nH]c3=O)nc12,=,-0.4837793026341161,,CHEMBL1102242,CHEMBL1155377,Fraction unbound in human plasma,3185457,unknown,human
Cc1cc(N2C[C@H]3CC[C@@H](C2)[C@@H]3Nc2nc3c(OCC(F)(F)C(F)(F)F)cccn3n2)on1,=,-0.4020844485401025,,CHEMBL4622176,CHEMBL4619803,Fraction unbound in human plasma,20678271,unknown,human
Cc1cc(N2C[C@H]3CC[C@@H](C2)[C@@H]3Nc2nc3c(OCC(F)(F)F)ccc(C(F)(F)F)n3n2)sn1,=,-1.5595456365537408,,CHEMBL4622176,CHEMBL4619803,Fraction unbound in human plasma,20678272,unknown,human
Cc1cc(N2C[C@H]3CC[C@@H](C2)[C@@H]3Nc2nc3c(OCC(F)(F)F)cccn3n2)sn1,=,-0.4837793026341161,,CHEMBL4622176,CHEMBL4619803,Fraction unbound in human plasma,20678267,unknown,human
Cc1cc(N2C[C@H]3CC[C@@H](C2)[C@@H]3Nc2nc3c(OCC(F)F)ccc(C(F)(F)F)n3n2)ncn1,=,-0.2329469187618698,,CHEMBL4622176,CHEMBL4619803,Fraction unbound in human plasma,20678275,unknown,human
Cc1cc(N2C[C@H]3CC[C@@H](C2)[C@@H]3Nc2nc3c(O[C@@H](C)C(F)(F)F)cccn3n2)sn1,=,-0.7505149849490745,,CHEMBL4622176,CHEMBL4619803,Fraction unbound in human plasma,20678268,unknown,human
Cc1cc(N2C[C@H]3CC[C@@H](C2)[C@@H]3Nc2nc3n(n2)CCCC[C@H]3c2ccc(F)c(F)c2F)ncn1,=,0.0972023663893936,,CHEMBL4619110,CHEMBL4616706,Unbound fraction in human plasma,20664760,unknown,human
Cc1cc(N2C[C@H]3CC[C@@H](C2)[C@@H]3Nc2nc3n(n2)CCCN3c2cc(F)cc(F)c2)ncn1,=,-0.7505149849490745,,CHEMBL4619110,CHEMBL4616706,Unbound fraction in human plasma,20664759,unknown,human
Cc1cc(NC(=O)C2=C(O)c3ccccc3S(=O)(=O)N2C)no1,=,-0.1207773399751477,,CHEMBL1043580,CHEMBL1156824,Fraction unbound in human plasma,2990518,unknown,human
Cc1cc(NC(=O)CN2CCC(OCc3ccc(F)c(F)c3)CC2)ccc1F,=,-1.0989455213580468,,CHEMBL5145671,CHEMBL5143585,Protein binding in human plasma assessed as unbound fraction,24841846,unknown,human
Cc1cc(NC(=O)CN2CCC(OCc3ccc(F)c(F)c3)CC2)ccc1F,=,-1.0989455213580468,,CHEMBL5250281,CHEMBL5247621,Plasma protein binding in human assessed as unbound fraction,25060599,unknown,human
Cc1cc(NC(=O)CN2CCC3(CCCN(Cc4ccc(F)c(F)c4)C3)C2)ccc1F,=,-2.717006824567379,,CHEMBL5250281,CHEMBL5247621,Plasma protein binding in human assessed as unbound fraction,25060605,unknown,human
Cc1cc(NC(=O)CNc2ccc(Cl)cc2Cl)n(C2CCS(=O)(=O)C2)n1,=,0.3252513489705502,,CHEMBL5121037,CHEMBL5120743,Plasma protein binding in human assessed as unbound fraction,24750821,unknown,human
Cc1cc(NC(=O)COc2ccc(Br)cc2Br)n(C2CCS(=O)(=O)C2)n1,=,0.0379953069875534,,CHEMBL5121037,CHEMBL5120743,Plasma protein binding in human assessed as unbound fraction,24750819,unknown,human
Cc1cc(NC(=O)COc2ccc(C(F)(F)F)cc2C(F)(F)F)n(C2CCS(=O)(=O)C2)n1,=,0.213081770183828,,CHEMBL5121037,CHEMBL5120743,Plasma protein binding in human assessed as unbound fraction,24750820,unknown,human
Cc1cc(NC(=O)COc2ccc(Cl)cc2Cl)n(C2CCC(F)(F)CC2)n1,=,0.1980753123125893,,CHEMBL5121037,CHEMBL5120743,Plasma protein binding in human assessed as unbound fraction,24750826,unknown,human
Cc1cc(NC(=O)COc2ccc(Cl)cc2Cl)n(C2CCOCC2)n1,=,0.6525451197397365,,CHEMBL5121037,CHEMBL5120743,Plasma protein binding in human assessed as unbound fraction,24750827,unknown,human
Cc1cc(NC(=O)COc2ccc(Cl)cc2Cl)n(C2CCS(=O)(=O)C2)n1,=,0.4901468366379165,,CHEMBL5121037,CHEMBL5120743,Plasma protein binding in human assessed as unbound fraction,24750818,unknown,human
Cc1cc(NC(=O)COc2ccc(Cl)cc2Cl)n(C2CCS(=O)(=O)CC2)n1,=,0.6432071606868136,,CHEMBL5121037,CHEMBL5120743,Plasma protein binding in human assessed as unbound fraction,24750825,unknown,human
Cc1cc(NC(=O)Cn2cc(-c3ccccc3)nn2)n(C2CCCCC2)n1,=,-0.1982656506346964,,CHEMBL4424667,CHEMBL4422673,Fraction unbound in human plasma,19369841,unknown,human
Cc1cc(NC(=O)Cn2nnc(-c3cccc(F)c3)n2)n(C2CCCCC2)n1,=,-0.7505149849490745,,CHEMBL4424667,CHEMBL4422673,Fraction unbound in human plasma,19369840,unknown,human
Cc1cc(NC(=O)Cn2nnc(-c3ccccc3)n2)n(C2CCC(F)(F)CC2)n1,=,-0.5466961870436686,,CHEMBL4424667,CHEMBL4422673,Fraction unbound in human plasma,19369836,unknown,human
Cc1cc(NC(=O)Cn2nnc(-c3ccccc3)n2)n(C2CCCCC2)n1,=,-0.7026045584107611,,CHEMBL4424667,CHEMBL4422673,Fraction unbound in human plasma,19369834,unknown,human
Cc1cc(NC(=O)Cn2nnc(-c3ccccc3)n2)n(C2CCS(=O)(=O)C2)n1,=,-0.0928435423790931,,CHEMBL4424667,CHEMBL4422673,Fraction unbound in human plasma,19369837,unknown,human
Cc1cc(NC(=O)Cn2nnc(-c3ccccc3)n2)n(CC2CCCCC2)n1,=,-1.3557268386483343,,CHEMBL4424667,CHEMBL4422673,Fraction unbound in human plasma,19369838,unknown,human
Cc1cc(NC(=O)Cn2nncc2-c2ccccc2)n(C2CCCCC2)n1,=,-1.2111151001447686,,CHEMBL4424667,CHEMBL4422673,Fraction unbound in human plasma,19369842,unknown,human
Cc1cc(NC(=O)OCc2ccc(Cl)cc2Cl)n(C2CCCCC2)n1,=,-1.323284678931491,,CHEMBL5121037,CHEMBL5120743,Plasma protein binding in human assessed as unbound fraction,24750823,unknown,human
Cc1cc(NC(=O)c2cccc(S(=O)(=O)N[C@H]3CCOC3)c2)ccc1F,=,0.3010211642947998,,CHEMBL4145280,CHEMBL4138314,Unbound fraction in human plasma,18379035,unknown,human
Cc1cc(NC2CCOCC2)n(-c2nc(C(F)(F)F)cc(=O)[nH]2)n1,=,-0.5813774551708419,,CHEMBL4712827,CHEMBL4706648,Protein binding in human plasma assessed as unbound fraction at 5 uM incubated for 1 hr at 37 degreeC and measured after 4 hrs by ultracentrifugation based LC-MS/MS analysis,22807412,unknown,human
Cc1cc(NS(=O)(=O)c2ccc(N)cc2)no1,=,0.8256321338790893,,CHEMBL1043580,CHEMBL1156824,Fraction unbound in human plasma,2991850,unknown,human
Cc1cc(Nc2ccc(F)cc2)n(-c2nc(C(F)(F)F)cc(=O)[nH]2)n1,=,-0.6186299770217468,,CHEMBL4712827,CHEMBL4706648,Protein binding in human plasma assessed as unbound fraction at 5 uM incubated for 1 hr at 37 degreeC and measured after 4 hrs by ultracentrifugation based LC-MS/MS analysis,22807413,unknown,human
Cc1cc(Nc2nc(N[C@@H](C)c3ccc(F)cn3)c(C#N)cc2F)n[nH]1,=,0.0878062235286654,,CHEMBL1776470,CHEMBL1772962,Fraction unbound in human plasma,6196703,unknown,human
Cc1cc(O)c(C(=O)N[C@@H](C(=O)N[C@@H]2C(=O)N3C(C(=O)O)=C(CSc4nnnn4C)CS[C@H]23)c2ccc(O)cc2)cn1,=,0.3539836836796816,,CHEMBL3591953,CHEMBL3588839,Fraction unbound (%) in human plasma at pH 7.4 after 18 hrs by equilibrium dialysis,15640569,unknown,human
Cc1cc(OC(F)(F)F)ccc1-c1c(Oc2ccc(/C=C/C(=O)O)cc2)c2ccc(O)cc2oc1=O,=,-1.816326953844029,,CHEMBL3429922,CHEMBL3425438,Free plasma concentration in human by LC-UV-MS analysis,15243341,unknown,human
Cc1cc(OC(F)(F)F)ccc1-c1c(Oc2ccc(/C=C/C(=O)O)cc2)c2ccccc2oc1=O,=,-1.6717152153404626,,CHEMBL3429922,CHEMBL3425438,Free plasma concentration in human by LC-UV-MS analysis,15243343,unknown,human
Cc1cc(OC2COC2)cc(C(=O)Nc2ccc(F)cn2)n1,=,0.6432071606868136,,CHEMBL4310576,CHEMBL4308865,Unbound fraction in human plasma,18874802,unknown,human
Cc1cc(OCCNCCCF)cc([C@@H]2c3[nH]c4ccccc4c3C[C@@H](C)N2CC(F)(F)F)c1,=,-1.0510350948197331,,CHEMBL5381572,CHEMBL5380788,Protein binding in human plasma assessed as unbound fraction by equilibrium dialysis assay,25688102,unknown,human
Cc1cc(OCc2c(F)cccc2F)c2nc(C)c(C(=O)NCC(C)(C)N)n2c1,=,0.7799025307482025,,CHEMBL5340624,CHEMBL5338746,Fraction unbound in human plasma,25530374,unknown,human
Cc1cc(O[C@@H]2CCOC2)cc(C(=O)Nc2ccc(F)cn2)n1,=,0.2276531964338244,,CHEMBL4310576,CHEMBL4308865,Unbound fraction in human plasma,18874803,unknown,human
Cc1cc(O[C@@H]2CCOC2)cc(C(=O)Nc2nc(C)cs2)n1,=,0.2947766242778414,,CHEMBL4310576,CHEMBL4308865,Unbound fraction in human plasma,18874804,unknown,human
Cc1cc(O[C@H](CCC(F)(F)F)c2ccc(C(=O)NCCC(=O)O)cc2)cc(C)c1-c1ccc(C(C)(C)C)cc1,=,-5.893922371584204,,CHEMBL4702833,CHEMBL4699523,Fraction unbound in human plasma,22763474,unknown,human
Cc1cc(O[C@H]2CC[C@H](C(C)(C)C)CC2)c(CN2CCC(C(=O)O)CC2)c2ccccc12,=,-1.0072963022393624,,CHEMBL4725119,CHEMBL4715931,Protein binding in human plasma assessed as free fraction,22857210,unknown,human
Cc1cc(O[C@H]2CO[C@H](C)C2)cc(C(=O)Nc2nc(C)cs2)n1,=,0.0585156666555915,,CHEMBL4310576,CHEMBL4308865,Unbound fraction in human plasma,18874805,unknown,human
Cc1cc(Oc2ccnn2C)cc(C(=O)Nc2nc(C)cs2)n1,=,0.1666476413497083,,CHEMBL6077546,CHEMBL6074702,Unbound fraction in human plasma at 5 uM incubated for 6 hrs by equilibrium dialysis based LC-MS/MS analysis,29075962,unknown,human
Cc1cc(Oc2cnc(C)nc2)cc(C(=O)Nc2ccc(F)cn2)n1,=,0.255586994029879,,CHEMBL4039217,CHEMBL4038301,Unbound fraction in human plasma at 5 uM after 4 hrs by equilibrium dialysis assay,18179387,unknown,human
Cc1cc(Oc2cncc(Cl)c2)cc(C(=O)Nc2ccc(F)cn2)n1,=,-0.5813774551708419,,CHEMBL4039217,CHEMBL4038301,Unbound fraction in human plasma at 5 uM after 4 hrs by equilibrium dialysis assay,18179388,unknown,human
Cc1cc(Oc2cncc(F)c2)cc(C(=O)Nc2ccc(F)cn2)n1,=,-0.7026045584107611,,CHEMBL4039217,CHEMBL4038301,Unbound fraction in human plasma at 5 uM after 4 hrs by equilibrium dialysis assay,18179385,unknown,human
Cc1cc(Oc2cncc(F)c2)cc(C(=O)Nc2ccc(F)cn2)n1,=,-0.7026045584107611,,CHEMBL4047830,CHEMBL4043265,Fraction unbound in human plasma at 5 uM after 4 hrs by equilibrium dialysis method,18221486,unknown,human
Cc1cc(Oc2cncc(F)c2)cc(C(=O)Nc2cccc(F)n2)n1,=,-0.331829054134549,,CHEMBL4039217,CHEMBL4038301,Unbound fraction in human plasma at 5 uM after 4 hrs by equilibrium dialysis assay,18179383,unknown,human
Cc1cc(Oc2cncnc2)cc(C(=O)Nc2ccc(Cl)cn2)n1,=,0.0483601898030849,,CHEMBL4039217,CHEMBL4038301,Unbound fraction in human plasma at 5 uM after 4 hrs by equilibrium dialysis assay,18179386,unknown,human
Cc1cc(Oc2cncnc2)cc(C(=O)Nc2ccc(F)cn2)n1,=,0.4985954221832476,,CHEMBL4039217,CHEMBL4038301,Unbound fraction in human plasma at 5 uM after 4 hrs by equilibrium dialysis assay,18179384,unknown,human
Cc1cc(Oc2cncnc2)cc(C(=O)Nc2ccc(F)cn2)n1,=,0.4985954221832476,,CHEMBL4195059,CHEMBL4190386,Unbound fraction in human plasma at 5 uM after 4 hrs by equilibrium dialysis assay,18529091,unknown,human
Cc1cc(Oc2cncnc2)cc(C(=O)Nc2cccc(F)n2)n1,=,0.5465058487215614,,CHEMBL4039217,CHEMBL4038301,Unbound fraction in human plasma at 5 uM after 4 hrs by equilibrium dialysis assay,18179382,unknown,human
Cc1cc(Oc2cnn(C)c2)cc(C(=O)Nc2ccc(F)cn2)n1,=,0.1417163002289445,,CHEMBL6077546,CHEMBL6074702,Unbound fraction in human plasma at 5 uM incubated for 6 hrs by equilibrium dialysis based LC-MS/MS analysis,29075964,unknown,human
Cc1cc(Oc2cnn(C)c2)cc(C(=O)Nc2nc(C)cs2)n1,=,0.1746906770489424,,CHEMBL6077546,CHEMBL6074702,Unbound fraction in human plasma at 5 uM incubated for 6 hrs by equilibrium dialysis based LC-MS/MS analysis,29075965,unknown,human
Cc1cc(Oc2cnn(C)c2C(F)(F)F)cc(C(=O)Nc2ccc(F)cn2)n1,=,-0.6588657658303905,,CHEMBL6077546,CHEMBL6074702,Unbound fraction in human plasma at 5 uM incubated for 6 hrs by equilibrium dialysis based LC-MS/MS analysis,29075959,unknown,human
Cc1cc(Oc2cnn(C)c2C(F)(F)F)cc(C(=O)Nc2nc(C)cs2)n1,=,-1.2111151001447686,,CHEMBL6077546,CHEMBL6074702,Unbound fraction in human plasma at 5 uM incubated for 6 hrs by equilibrium dialysis based LC-MS/MS analysis,29075960,unknown,human
Cc1cc(Oc2nccc3occc23)ccc1-c1c(C)ncc2nccn12,=,-0.0536539121311303,,CHEMBL4260971,CHEMBL4257582,Fraction unbound in human plasma,18735188,unknown,human
Cc1cc(S(=O)(=O)N[C@H](C)C2CCN(C)CC2)ccc1NC(=O)c1ccccc1C,=,1.048044309104372,,CHEMBL5384119,CHEMBL5380842,Unbound fraction in human plasma,25697826,unknown,human
Cc1cc(S(=O)(=O)[C@@]2(c3ccc(C(F)(C(F)(F)F)C(F)(F)F)cc3)CCN(C(=O)[C@H]3CC[C@H](C(=O)O)CC3)C2)ccc1F,=,-0.4837793026341161,,CHEMBL4339780,CHEMBL4339200,Protein binding in human plasma assessed as unbound fraction,18984532,unknown,human
Cc1cc([C@@H](C)Nc2ccccc2C(=O)O)c2nc(N3CCOCC3)cc(=O)n2c1,=,0.2947766242778414,,CHEMBL3368187,CHEMBL3352617,Fraction unbound in human plasma after 18 hrs at 37 degC after 18 hrs,14998958,unknown,human
Cc1cc([C@@H](C)Nc2ccccc2C(=O)O)c2nc(N3CCOCC3)cc(=O)n2c1,=,0.2947766242778414,,CHEMBL5682968,CHEMBL5678808,Protein binding in human plasma assessed as unbound fraction,26279028,unknown,human
Cc1cc([C@@]23c4ccccc4C(=O)N2CCN3C(=O)c2ccc(F)c(F)c2)ccc1Cl,=,-1.0072963022393624,,CHEMBL3999889,CHEMBL3997841,Fraction unbound in human plasma at 5 uM after 4 hrs by LC-MS/MS based equilibrium dialysis method,17989652,unknown,human
Cc1cc2[nH]c(=O)c(N)c(-c3ccc(F)c4[nH]ncc34)c2nc1C,=,0.8675463182602577,,CHEMBL6113825,CHEMBL6109150,Plasma protein binding in human assessed as unbound fraction,29185481,unknown,human
Cc1cc2c(-c3ccc(NC(=O)[C@H](N)CC(C)(C)C)cc3C)ccnc2[nH]1,=,-1.0792300922174412,,CHEMBL5541895,CHEMBL5537207,Unbound fraction in human plasma measured after 4.5 hrs by LC-MS/MS analysis,25969153,unknown,human
Cc1cc2c(C(N)=O)c(N)n(-c3c(C)ccc(O)c3C)c2nc1C,=,0.8321464238391838,,CHEMBL5534770,CHEMBL5532670,Plasma protein binding in human assessed as unbound fraction by equilibrium dialysis based LC-MS/MS analysis,25942284,unknown,human
Cc1cc2c(C(N)=O)c(N)n(-c3c(C)ccc(O)c3C)c2nc1C,=,0.8321464238391838,,CHEMBL6097268,CHEMBL6096637,Plasma protein binding in human assessed as free fraction,29138128,unknown,human
Cc1cc2c(C(N)=O)c(N)n(-c3c(C)ccc(O)c3C)c2nc1C,=,0.8256321338790893,,CHEMBL6113825,CHEMBL6109150,Plasma protein binding in human assessed as unbound fraction,29185482,unknown,human
Cc1cc2c(cc1N1C(=O)c3cccc4c(CCCO)ccc(c34)C1=O)n(C)c(=O)n2C,=,-0.0172998337847618,,CHEMBL4051621,CHEMBL4049437,Fraction unbound in Caucasian human plasma,18237842,unknown,human
Cc1cc2c(cc1O)CCN(CC(C)C)[C@@H]2c1ccc(/C=C/C(=O)O)cc1,=,0.3595382043611521,,CHEMBL3776156,CHEMBL3774369,Percentage unbound in human plasma by equilibrium dialysis method,16505147,unknown,human
Cc1cc2cc(C(=O)N(Cc3ccc(C(F)(F)F)cn3)[C@H](C)c3ncccn3)ccc2nc1N,=,0.4069462030645636,,CHEMBL6112711,CHEMBL6109134,Protein binding in human plasma assessed as unbound fraction by ultracentrifugation,29181744,unknown,human
Cc1cc2cc(n1)-c1cnn(C)c1OCCC[C@@H](C)CN1/C(=N/C2=O)Nc2ccccc21,=,1.2159768546692298,,CHEMBL4324132,CHEMBL4321840,Protein binding in human plasma assessed as free fraction after 3 hrs by HPLC-MS/MS-based equilibrium dialysis method,18923722,unknown,human
Cc1cc2ccc1[C@@H](C)COC(=O)Nc1ccc(C3(C(=O)O)CC3)c(c1)CN(C)C(=O)[C@@H]2Nc1ccc2c(N)ncc(F)c2c1,=,-0.0057434855928168,,CHEMBL3855501,CHEMBL3853337,Fraction unbound in human plasma,16671496,unknown,human
Cc1cc2ccc1[C@@H](C)COC(=O)Nc1ccc(C3(C(=O)O)CCC3)c(c1)CN(C)C(=O)[C@@H]2Nc1ccc2c(N)ncc(F)c2c1,=,-0.1503552240963827,,CHEMBL3855501,CHEMBL3853337,Fraction unbound in human plasma,16671508,unknown,human
Cc1cc2ccc1[C@@H](C)COC(=O)Nc1ccc(C3(C(=O)O)CCCC3)c(c1)CN(C)C(=O)[C@@H]2Nc1ccc2c(N)ncc(F)c2c1,=,-0.2329469187618698,,CHEMBL3855501,CHEMBL3853337,Fraction unbound in human plasma,16671520,unknown,human
Cc1cc2ccc1[C@@H](C)COC(=O)Nc1ccc(C3(C(=O)O)CCCCC3)c(c1)CN(C)C(=O)[C@@H]2Nc1ccc2c(N)ncc(F)c2c1,=,-0.4837793026341161,,CHEMBL3855501,CHEMBL3853337,Fraction unbound in human plasma,16671531,unknown,human
Cc1cc2ccc1[C@@H](C)COC(=O)Nc1ccc(C3(C(=O)O)CCOCC3)c(c1)CN(C)C(=O)[C@@H]2Nc1ccc2c(N)ncc(F)c2c1,=,0.133123287443151,,CHEMBL3855501,CHEMBL3853337,Fraction unbound in human plasma,16671542,unknown,human
Cc1cc2ccc1[C@@H](C)COC(=O)Nc1ccc(C3(c4nnn[nH]4)CC3)c(c1)CN(C)C(=O)[C@@H]2Nc1ccc2c(N)ncc(F)c2c1,=,-0.4550469679249845,,CHEMBL3855501,CHEMBL3853337,Fraction unbound in human plasma,16671553,unknown,human
Cc1cc2ccc1[C@@H](C)COC(=O)Nc1ccc(S(=O)(=O)C3CC3)c(c1)CN(C)C(=O)[C@@H]2Nc1ccc2c(N)ncc(F)c2c1,=,-0.331829054134549,,CHEMBL3854695,CHEMBL3853316,Fraction unbound in human plasma,16667752,unknown,human
Cc1cc2ncc(C(=O)N3CCC([C@H](N)Cc4cc(F)c(F)cc4F)CC3)c(C)n2n1,=,0.9591955373789416,,CHEMBL975249,CHEMBL1153974,Percentage unbound in human plasma at 15 mg,2410535,unknown,human
Cc1cc2ncccc2cc1Nc1ncc2c(n1)n(C1CCN(C)CC1)c(=O)n2C,=,1.2729448056607404,,CHEMBL5142869,CHEMBL5137107,Plasma protein binding in human assessed as unbound fraction,24831510,unknown,human
Cc1cc2ncccc2cc1Nc1ncc2c(n1)n(C1CCNCC1)c(=O)n2C,=,1.3705429581974662,,CHEMBL5142869,CHEMBL5137107,Plasma protein binding in human assessed as unbound fraction,24831501,unknown,human
Cc1cc2ncccc2cc1Nc1ncc2c(n1)n([C@@H]1CCN(C)C1)c(=O)n2C,=,1.399275292906598,,CHEMBL5142869,CHEMBL5137107,Plasma protein binding in human assessed as unbound fraction,24831502,unknown,human
Cc1cc2ncccc2cc1Nc1ncc2c(n1)n([C@@H]1CN(C)C[C@@H]1F)c(=O)n2C,=,0.6432071606868136,,CHEMBL5142869,CHEMBL5137107,Plasma protein binding in human assessed as unbound fraction,24831507,unknown,human
Cc1cc2ncccc2cc1Nc1ncc2c(n1)n([C@@H]1CN(C)C[C@H]1F)c(=O)n2C,=,1.0780232135954766,,CHEMBL5142869,CHEMBL5137107,Plasma protein binding in human assessed as unbound fraction,24831506,unknown,human
Cc1cc2ncccc2cc1Nc1ncc2c(n1)n([C@@H]1CNC[C@@H]1F)c(=O)n2C,=,0.8872617474008635,,CHEMBL5142869,CHEMBL5137107,Plasma protein binding in human assessed as unbound fraction,24831509,unknown,human
Cc1cc2ncccc2cc1Nc1ncc2c(n1)n([C@@H]1CNC[C@H]1F)c(=O)n2C,=,1.1162197338589677,,CHEMBL5142869,CHEMBL5137107,Plasma protein binding in human assessed as unbound fraction,24831508,unknown,human
Cc1cc2ncccc2cc1Nc1ncc2c(n1)n([C@H]1CCN(C)C1)c(=O)n2C,=,1.363095725586794,,CHEMBL5142869,CHEMBL5137107,Plasma protein binding in human assessed as unbound fraction,24831511,unknown,human
Cc1cc2ncccc2cc1Nc1ncc2c(n1)n([C@H]1CCN(C3COC3)C1)c(=O)n2C,=,1.2729448056607404,,CHEMBL5142869,CHEMBL5137107,Plasma protein binding in human assessed as unbound fraction,24831505,unknown,human
Cc1cc2ncccc2cc1Nc1ncc2c(n1)n([C@H]1CCN(CCO)C1)c(=O)n2C,=,1.4885918906378484,,CHEMBL5142869,CHEMBL5137107,Plasma protein binding in human assessed as unbound fraction,24831503,unknown,human
Cc1cc2ncnn2cc1C1CCN(S(=O)(=O)c2cn(C)nc2C)CC1,=,0.5760837328427963,,CHEMBL5578548,CHEMBL5576133,Unbound fraction in human plasma at 5 uM incubated for 6 hrs under shaking condition by equilibrium dialysis method,26014645,unknown,human
Cc1cc2ncnn2cc1Nc1ncc2c(n1)N(C1CCOCC1)CC(=O)N2C,=,1.48800704006929,,CHEMBL5123143,CHEMBL5120836,Plasma protein binding in human assessed as free fraction,24758370,unknown,human
Cc1cc2ncnn2cc1Nc1ncc2c(n1)n(C1CCOCC1)c(=O)n2C,=,1.4264537500044487,,CHEMBL4403948,CHEMBL4402552,Protein binding in human plasma assessed as unbound fraction at 0.03 to 100 uM,19260445,unknown,human
Cc1cc2ncnn2cc1Nc1ncc2c(n1)n(C1CCOCC1)c(=O)n2C,=,1.4731601543935515,,CHEMBL5123143,CHEMBL5120836,Plasma protein binding in human assessed as free fraction,24758369,unknown,human
Cc1cc2oc(=O)[nH]c2cc1Cl.NC(CO)(CO)CO,=,-0.3104352294214184,,CHEMBL4012397,CHEMBL4011608,Fraction unbound in human plasma,18056773,unknown,human
Cc1cc[n+]([O-])c(C)c1C(=O)N1CCC(C)(N2CCC(N(c3ccccc3)c3cccnc3)CC2)CC1,=,1.3241088293633465,,CHEMBL928580,CHEMBL1141522,Protein binding in human plasma,2080988,unknown,human
Cc1ccc(-c2[nH]cnc2C)cc1NC(=O)c1ccc(OCc2ccccn2)cc1,=,0.1746906770489424,,CHEMBL2060774,CHEMBL2057166,Fraction unbound in human plasma,10953919,unknown,human
Cc1ccc(-c2c(C)nn(C)c2C)cc1NC(=O)c1ccc(OCc2ccccn2)cc1,=,-0.4550469679249845,,CHEMBL2060774,CHEMBL2057166,Fraction unbound in human plasma,10953921,unknown,human
Cc1ccc(-c2c[nH]cn2)cc1NC(=O)c1ccc(OCc2ccccn2)cc1,=,0.0684700316802619,,CHEMBL2060774,CHEMBL2057166,Fraction unbound in human plasma,10953911,unknown,human
Cc1ccc(-c2cc(C(F)(F)F)nn2-c2ccc(S(N)(=O)=O)cc2)cc1,=,-1.3557268386483343,,CHEMBL4810398,CHEMBL4808216,Protein binding in human plasma assessed as unbound fraction,23150760,unknown,human
Cc1ccc(-c2ccc(C(=O)NC(CN)c3ncc(CO)s3)[nH]2)cc1F,=,-0.0536539121311303,,CHEMBL4010381,CHEMBL4007461,Unbound fraction in human plasma at 5 uM by LC-MS/MS based equilibrium dialysis,18044651,unknown,human
Cc1ccc(-c2ccc(N)nn2)cc1NC(=O)c1ccc(OCc2ccccn2)cc1,=,0.0782310957961973,,CHEMBL2060774,CHEMBL2057166,Fraction unbound in human plasma,10953928,unknown,human
Cc1ccc(-c2ccc(N3CCOc4ncnc(N)c4C3=O)cc2)c(Cl)c1,=,-0.6588657658303905,,CHEMBL3222766,CHEMBL3217691,Fraction unbound in human plasma,14536615,unknown,human
Cc1ccc(-c2ccc3ncc4c(c3n2)n(C2CCN(C(=O)[C@H](C)O)CC2)c(=O)n4C)cn1,=,0.3398227752205463,,CHEMBL2346304,CHEMBL2331555,Fraction unbound in human plasma,12682374,unknown,human
Cc1ccc(-c2ccccn2)cc1NC(=O)c1ccc(OCc2ccccn2)cc1,=,-0.7026045584107611,,CHEMBL2060774,CHEMBL2057166,Fraction unbound in human plasma,10953926,unknown,human
Cc1ccc(-c2ccncc2)cc1NC(=O)c1ccc(OCc2ccccn2)cc1,=,-0.4550469679249845,,CHEMBL2060774,CHEMBL2057166,Fraction unbound in human plasma,10953927,unknown,human
Cc1ccc(-c2cn(C)c(C)n2)cc1NC(=O)c1ccc(OCc2ccccn2)cc1,=,0.1154836176471022,,CHEMBL2060774,CHEMBL2057166,Fraction unbound in human plasma,10953920,unknown,human
Cc1ccc(-c2cn(C)cn2)cc1NC(=O)c1ccc(OCc2ccccn2)cc1,=,0.3811621407775327,,CHEMBL2060774,CHEMBL2057166,Fraction unbound in human plasma,10953917,unknown,human
Cc1ccc(-c2cn(C)cn2)cc1NC(=O)c1ccc(OCc2ccccn2)cc1,=,0.3811621407775327,,CHEMBL4610871,CHEMBL4610013,Protein binding in human plasma assessed as unbound fraction,20631764,unknown,human
Cc1ccc(-c2cnc(C)n2C)cc1NC(=O)c1ccc(OCc2ccccn2)cc1,=,0.7295926771865047,,CHEMBL4610871,CHEMBL4610013,Protein binding in human plasma assessed as unbound fraction,20631765,unknown,human
Cc1ccc(-c2nc3ccc(C)cn3c2CC(=O)N(C)C)cc1,=,0.2947766242778414,,CHEMBL1043580,CHEMBL1156824,Fraction unbound in human plasma,2990583,unknown,human
Cc1ccc(-c2ncc(C(F)(F)F)[nH]2)cc1NC(=O)c1ccc(OCc2ccccn2)cc1,=,-0.6588657658303905,,CHEMBL2060774,CHEMBL2057166,Fraction unbound in human plasma,10953914,unknown,human
Cc1ccc(-c2ncc(C)n2C)cc1NC(=O)c1ccc(OCc2ccccn2)cc1,=,-0.354174022001789,,CHEMBL2060774,CHEMBL2057166,Fraction unbound in human plasma,10953913,unknown,human
Cc1ccc(-c2ncc(CN3CCOCC3)s2)cc1NC(=O)c1ccc(OCc2ccccn2)cc1,=,-0.1503552240963827,,CHEMBL2060774,CHEMBL2057166,Fraction unbound in human plasma,10953923,unknown,human
Cc1ccc(-c2ncc(Cl)cc2-c2ccc(S(C)(=O)=O)cc2)cn1,=,0.4728113598962167,,CHEMBL4810398,CHEMBL4808216,Protein binding in human plasma assessed as unbound fraction,23150761,unknown,human
Cc1ccc(-c2ncc[nH]2)c(C)c1NC(=O)c1ccc(OCc2ccccn2)cc1,=,0.3539836836796816,,CHEMBL4610871,CHEMBL4610013,Protein binding in human plasma assessed as unbound fraction,20631770,unknown,human
Cc1ccc(-c2ncc[nH]2)cc1NC(=O)c1ccc(OCc2ccccn2)cc1,=,0.1154836176471022,,CHEMBL2060774,CHEMBL2057166,Fraction unbound in human plasma,10953916,unknown,human
Cc1ccc(-c2ncc[nH]2)cc1NC(=O)c1ccc(OCc2ccccn2)cc1,=,0.1501648857742756,,CHEMBL4610871,CHEMBL4610013,Protein binding in human plasma assessed as unbound fraction,20631763,unknown,human
Cc1ccc(-c2nccn2C)cc1NC(=O)c1ccc(OCc2ccccn2)cc1,=,0.0684700316802619,,CHEMBL2060774,CHEMBL2057166,Fraction unbound in human plasma,10953912,unknown,human
Cc1ccc(-n2c(C(=O)NC3CC3)cc3cccnc32)cc1Cl,=,-0.7026045584107611,,CHEMBL4730658,CHEMBL4725427,Protein binding in human plasma assessed as unbound fraction,22896894,unknown,human
Cc1ccc(-n2c(C(=O)NC3CC3)nc3cccnc32)cc1Cl,=,0.3252513489705502,,CHEMBL4730658,CHEMBL4725427,Protein binding in human plasma assessed as unbound fraction,22896893,unknown,human
Cc1ccc(-n2nc(C(C)(C)C)cc2NC(=O)Nc2ccc(-c3cccnc3)cc2)cc1,=,-2.3685762881584065,,CHEMBL2427318,CHEMBL2424535,Fraction unbound in human serum,13441004,unknown,human
Cc1ccc(-n2nc(C(C)(C)C)cc2NC(=O)Nc2ccc(-c3cnco3)cc2)cc1,=,-2.256406709371685,,CHEMBL2427318,CHEMBL2424535,Fraction unbound in human serum,13441007,unknown,human
Cc1ccc(-n2nc(C(C)(C)C)cc2NC(=O)Nc2ccc(-c3csnn3)cc2)cc1,=,-2.164757490253001,,CHEMBL2427318,CHEMBL2424535,Fraction unbound in human serum,13441009,unknown,human
Cc1ccc(-n2nc(C(C)(C)C)cc2NC(=O)Nc2ccc(-c3nnc(S)n3C)cc2)cc1,=,-1.278238527988786,,CHEMBL2427318,CHEMBL2424535,Fraction unbound in human serum,13441012,unknown,human
Cc1ccc(-n2nc(C(C)(C)C)cc2NC(=O)Nc2ccc(-c3nncn3C)cc2)cc1,=,-0.4020844485401025,,CHEMBL2427318,CHEMBL2424535,Fraction unbound in human serum,13441005,unknown,human
Cc1ccc(-n2nc(C(C)(C)C)cc2NC(=O)Nc2ccc(-n3ccnc3)cc2)cc1,=,-2.087269179593452,,CHEMBL2427318,CHEMBL2424535,Fraction unbound in human serum,13441014,unknown,human
Cc1ccc(-n2nc(C(C)(C)C)cc2NC(=O)Nc2ccc(-n3cnc(C)c3)cc2)cc1,=,-2.164757490253001,,CHEMBL2427318,CHEMBL2424535,Fraction unbound in human serum,13441015,unknown,human
Cc1ccc(-n2nc(C(C)(C)C)cc2NC(=O)Nc2ccc(-n3cnc4c(N)ncnc43)cc2)cc1,=,-1.9079761729627127,,CHEMBL2427318,CHEMBL2424535,Fraction unbound in human serum,13441016,unknown,human
Cc1ccc(-n2nc(C(C)(C)C)cc2NC(=O)Nc2ccc(-n3cncc3C)cc2)cc1,=,-0.814774137197483,,CHEMBL2427318,CHEMBL2424535,Fraction unbound in human serum,13441010,unknown,human
Cc1ccc(-n2nc(C(C)(C)C)cc2NC(=O)Nc2ccc(-n3cnnc3)cc2)cc1,=,-1.9079761729627127,,CHEMBL2427318,CHEMBL2424535,Fraction unbound in human serum,13441013,unknown,human
Cc1ccc(-n2nc(C(C)(C)C)cc2NC(=O)Nc2ccc(-n3cnnn3)cc2)cc1,=,-1.585329698840772,,CHEMBL2427318,CHEMBL2424535,Fraction unbound in human serum,13441006,unknown,human
Cc1ccc(-n2nc(C(C)(C)C)cc2NC(=O)Nc2ccc(-n3nnnc3C)cc2)cc1,=,-0.814774137197483,,CHEMBL2427318,CHEMBL2424535,Fraction unbound in human serum,13441008,unknown,human
Cc1ccc(-n2nccn2)c(C(=O)N2CCCN2Cc2ccn(-c3ccccc3)n2)c1,=,-0.8034775043339566,,CHEMBL5617221,CHEMBL5614430,Unbound fraction in human plasma,26129226,unknown,human
Cc1ccc(-n2nccn2)c(C(=O)N2CCCN2Cc2ccn(-c3ccccc3)n2)c1,=,-0.8034775043339566,,CHEMBL6110868,CHEMBL6109098,Unbound fraction in human plasma,29175908,unknown,human
Cc1ccc(-n2nccn2)c(C(=O)N2CCCN2Cc2cnn(-c3ccccc3)n2)c1,=,-0.6588657658303905,,CHEMBL5617221,CHEMBL5614430,Unbound fraction in human plasma,26129227,unknown,human
Cc1ccc(C(=O)N(CCCN)[C@@H](c2nc3cc(Cl)ccc3c(=O)n2Cc2ccccc2)C(C)C)cc1,=,-1.998621038086998,,CHEMBL2025096,CHEMBL2021885,Unbound fraction in human plasma,10875803,unknown,human
Cc1ccc(C(=O)N(CCCN)[C@@H](c2oc3cc(Cl)ccc3c(=O)c2Cc2ccccc2)C(C)C)cc1,=,0.8100955636392152,,CHEMBL2327412,CHEMBL2321852,Fraction unbound in 100% human plasma at 5 uM by equilibrium dialysis method,12659050,unknown,human
Cc1ccc(C(=O)NC2CC2)cc1-n1ccnc(N(C)Cc2ccccc2)c1=O,=,0.4985954221832476,,CHEMBL4727217,CHEMBL4725297,Protein binding in human plasma assessed as free fraction,22881499,unknown,human
Cc1ccc(C(=O)NC2CC2)cc1-n1ccnc(N2CCCC2c2ccccc2)c1=O,=,0.3539836836796816,,CHEMBL4727217,CHEMBL4725297,Protein binding in human plasma assessed as free fraction,22881504,unknown,human
Cc1ccc(C(=O)NC2CC2)cc1-n1ccnc(NC(C)(C)c2ccccc2)c1=O,=,0.8256321338790893,,CHEMBL4727217,CHEMBL4725297,Protein binding in human plasma assessed as free fraction,22881507,unknown,human
Cc1ccc(C(=O)NC2CC2)cc1-n1ccnc(NC(C)(C)c2ccccc2OCCN2CCCC2)c1=O,=,1.0366838480384906,,CHEMBL4727217,CHEMBL4725297,Protein binding in human plasma assessed as free fraction,22881521,unknown,human
Cc1ccc(C(=O)NC2CC2)cc1-n1ccnc(NC2CC2)c1=O,=,1.3922447026794724,,CHEMBL4727217,CHEMBL4725297,Protein binding in human plasma assessed as free fraction,22881496,unknown,human
Cc1ccc(C(=O)NC2CC2)cc1-n1ccnc(NCC2CCCCC2)c1=O,=,0.0379953069875534,,CHEMBL4727217,CHEMBL4725297,Protein binding in human plasma assessed as free fraction,22881500,unknown,human
Cc1ccc(C(=O)NC2CC2)cc1-n1ccnc(NCCc2ccccc2)c1=O,=,0.6107650009699698,,CHEMBL4727217,CHEMBL4725297,Protein binding in human plasma assessed as free fraction,22881501,unknown,human
Cc1ccc(C(=O)NC2CC2)cc1-n1ccnc(NCc2ccccc2)c1=O,=,0.6736818853795221,,CHEMBL4727217,CHEMBL4725297,Protein binding in human plasma assessed as free fraction,22881498,unknown,human
Cc1ccc(C(=O)NC2CC2)cc1-n1ccnc(NCc2ccccc2OCCN2CCCC2)c1=O,=,1.254663554403032,,CHEMBL4727217,CHEMBL4725297,Protein binding in human plasma assessed as free fraction,22881519,unknown,human
Cc1ccc(C(=O)NC2CC2)cc1-n1ccnc(N[C@@H](C)c2ccccc2)c1=O,=,0.9591955373789416,,CHEMBL4727217,CHEMBL4725297,Protein binding in human plasma assessed as free fraction,22881503,unknown,human
Cc1ccc(C(=O)NC2CC2)cc1-n1ccnc(N[C@@H](c2ccccc2)[C@@H](C)CN(C)C)c1=O,=,1.3076260737879135,,CHEMBL4727217,CHEMBL4725297,Protein binding in human plasma assessed as free fraction,22881512,unknown,human
Cc1ccc(C(=O)NC2CC2)cc1-n1ccnc(N[C@@H](c2ccccc2)[C@@H](C)CN2CCCCC2)c1=O,=,1.0780232135954766,,CHEMBL4727217,CHEMBL4725297,Protein binding in human plasma assessed as free fraction,22881513,unknown,human
Cc1ccc(C(=O)NC2CC2)cc1-n1ccnc(N[C@@H](c2ccccc2)[C@@H](C)CN2CCN(C)CC2)c1=O,=,1.3321518650625803,,CHEMBL4727217,CHEMBL4725297,Protein binding in human plasma assessed as free fraction,22881518,unknown,human
Cc1ccc(C(=O)NC2CC2)cc1-n1ccnc(N[C@@H](c2ccccc2)[C@@H](C)CN2CCNCC2)c1=O,=,1.2259312196939005,,CHEMBL4727217,CHEMBL4725297,Protein binding in human plasma assessed as free fraction,22881515,unknown,human
Cc1ccc(C(=O)NC2CC2)cc1-n1ccnc(N[C@@H](c2ccccc2)[C@@H](C)CN2CCN[C@@H](C)C2)c1=O,=,1.1162197338589677,,CHEMBL4727217,CHEMBL4725297,Protein binding in human plasma assessed as free fraction,22881517,unknown,human
Cc1ccc(C(=O)NC2CC2)cc1-n1ccnc(N[C@@H](c2ccccc2)[C@@H](C)CN2CCN[C@H](C)C2)c1=O,=,1.1283330671571743,,CHEMBL4727217,CHEMBL4725297,Protein binding in human plasma assessed as free fraction,22881516,unknown,human
Cc1ccc(C(=O)NC2CC2)cc1-n1ccnc(N[C@@H](c2ccccc2)[C@@H](C)CN2CCOCC2)c1=O,=,0.4069462030645636,,CHEMBL4727217,CHEMBL4725297,Protein binding in human plasma assessed as free fraction,22881514,unknown,human
Cc1ccc(C(=O)NC2CC2)cc1-n1ccnc(N[C@@H](c2ccccc2)[C@@H](C)CO)c1=O,=,0.9591955373789416,,CHEMBL4727217,CHEMBL4725297,Protein binding in human plasma assessed as free fraction,22881511,unknown,human
Cc1ccc(C(=O)NC2CC2)cc1-n1ccnc(N[C@@H]2CCCc3ccccc32)c1=O,=,0.2947766242778414,,CHEMBL4727217,CHEMBL4725297,Protein binding in human plasma assessed as free fraction,22881505,unknown,human
Cc1ccc(C(=O)NC2CC2)cc1-n1ccnc(N[C@H](C)c2ccccc2)c1=O,=,0.8675463182602577,,CHEMBL4727217,CHEMBL4725297,Protein binding in human plasma assessed as free fraction,22881502,unknown,human
Cc1ccc(C(=O)NC2CC2)cc1-n1ccnc(Nc2ccccc2)c1=O,=,0.4548566296028772,,CHEMBL4727217,CHEMBL4725297,Protein binding in human plasma assessed as free fraction,22881497,unknown,human
Cc1ccc(C(=O)NC2CC2)cc1-n1cnc2ccc(N3CCN(C)CC3)cc2c1=O,=,1.3778814681934672,,CHEMBL4727217,CHEMBL4725297,Protein binding in human plasma assessed as free fraction,22881523,unknown,human
Cc1ccc(C(=O)Nc2ccc(-c3nnn(C)c3NC(=O)O[C@H](C)c3cc(F)cnc3F)nc2)cn1,=,0.9916376970957856,,CHEMBL6104063,CHEMBL6103545,Plasma protein binding in human assessed as unbound fraction incubated for 24 hrs by equilibrium dialysis based Rapidfire-QToF mass spectrometric analysis,29154165,unknown,human
Cc1ccc(C(=O)Nc2ccc(S(=O)(=O)O)c3cc(S(=O)(=O)O)cc(S(=O)(=O)O)c23)cc1NC(=O)c1cccc(NC(=O)Nc2cccc(C(=O)Nc3cc(C(=O)Nc4ccc(S(=O)(=O)O)c5cc(S(=O)(=O)O)cc(S(=O)(=O)O)c45)ccc3C)c2)c1,=,-1.3557268386483343,,CHEMBL1043580,CHEMBL1156824,Fraction unbound in human plasma,2990456,unknown,human
Cc1ccc(C(C)(C)O)cc1-c1ccc2c(n1)n(C)c(=O)n2CC(C)(C)C,=,0.1501648857742756,,CHEMBL3768071,CHEMBL3763140,Fraction unbound in human plasma,16467553,unknown,human
Cc1ccc(C(CCC(N)C(=O)O)(c2ccccc2)c2ccccc2)cc1C,=,0.0684700316802619,,CHEMBL2327412,CHEMBL2321852,Fraction unbound in 100% human plasma at 5 uM by equilibrium dialysis method,12659045,unknown,human
Cc1ccc(C(SC[C@H](N)C(=O)O)(c2ccccc2)c2ccccc2)cc1C,=,0.0055531472707097,,CHEMBL2327412,CHEMBL2321852,Fraction unbound in 100% human plasma at 5 uM by equilibrium dialysis method,12659047,unknown,human
Cc1ccc(C)c(OCCCC(C)(C)C(=O)O)c1,=,-1.0989455213580468,,CHEMBL3533033,CHEMBL3526056,Fraction unbound in human plasma,15470068,unknown,human
Cc1ccc(C)c(OCCCC(C)(C)C(=O)O)c1,=,-1.0989455213580468,,CHEMBL3528936,CHEMBL3526069,Fraction unbound in human plasma by ultracentrifugation method,15461519,unknown,human
Cc1ccc(C2=C(c3nnn[nH]3)C(=O)N[C@@](c3ccc(OCCCC(F)(F)F)cc3)(C(F)(F)F)C2)cc1,=,-0.8034775043339566,,CHEMBL4845054,CHEMBL4842384,Plasma protein binding in human assessed as unbound fraction,23315360,unknown,human
Cc1ccc(C2=C(c3nnn[nH]3)C(=O)N[C@@](c3ccc(OCCCCCC(F)(F)F)cc3)(C(F)(F)F)C2)cc1,=,-0.7505149849490745,,CHEMBL4845054,CHEMBL4842384,Plasma protein binding in human assessed as unbound fraction,23315361,unknown,human
Cc1ccc(CN2CCC(F)(F)[C@H](CCc3ccccc3)C2)cc1C,=,-1.0989455213580468,,CHEMBL3870262,CHEMBL3868641,Unbound fraction in human plasma by HPLC/MS based equilibrium dialysis method,16807480,unknown,human
Cc1ccc(CN2CCO[C@H](CSc3ccccc3)C2)cc1C,=,-1.9079761729627127,,CHEMBL3796314,CHEMBL3792377,Fraction unbound in human plasma by equilibrium dialysis method,16546783,unknown,human
Cc1ccc(CN2CC[C@@H](N3CC[C@@H](c4ccc(O)cc4)[C@H](F)C3)C2=O)cc1,=,0.1501648857742756,,CHEMBL4149872,CHEMBL4145597,Fraction unbound in human plasma,18399843,unknown,human
Cc1ccc(CNC(=O)c2nn(-c3ccc(F)cc3)c(CC[C@@H](O)C[C@@H](O)CC(=O)O)c2C(C)C)cc1,=,0.0684700316802619,,CHEMBL1787325,CHEMBL1781963,Fraction unbound in human plasma at 0.5 ug/ml,6231675,unknown,human
Cc1ccc(CO)cc1N(C)c1ccnc(Nc2cc(N3CCOCC3)cc(N3CCOCC3)c2)n1,=,0.4548566296028772,,CHEMBL1764821,CHEMBL1759854,Fraction unbound in human plasma,6151063,unknown,human
Cc1ccc(CO)cc1N(C)c1ccnc(Nc2cc(N3CCOCC3)cc(S(C)(=O)=O)c2)n1,=,0.3252513489705502,,CHEMBL1764821,CHEMBL1759854,Fraction unbound in human plasma,6151062,unknown,human
Cc1ccc(CO)cc1N(C)c1ccnc(Nc2cc(N3CCOCC3)nc(N3CCOCC3)c2)n1,=,0.0782310957961973,,CHEMBL1764821,CHEMBL1759854,Fraction unbound in human plasma,6151061,unknown,human
Cc1ccc(CO[C@H]2CCCN(Cc3ccc(C#N)cc3)C2)cc1,=,-0.6588657658303905,,CHEMBL5250281,CHEMBL5247621,Plasma protein binding in human assessed as unbound fraction,25060603,unknown,human
Cc1ccc(CO[C@H]2CCCN(Cc3cccc(F)c3)C2)cc1,=,-1.3557268386483343,,CHEMBL5250281,CHEMBL5247621,Plasma protein binding in human assessed as unbound fraction,25060604,unknown,human
Cc1ccc(N2CC(COc3ccc(-c4noc(C)n4)cc3)C2)nn1,=,0.1501648857742756,,CHEMBL1839688,CHEMBL1833869,Unbound fraction in human plasma,6390867,unknown,human
Cc1ccc(NC(=O)C2(c3ccc4c(c3)OC(F)(F)O4)CC2)nc1-c1cccc(C(=O)O)c1,=,-3.638207054958767,,CHEMBL4702833,CHEMBL4699523,Fraction unbound in human plasma,22763473,unknown,human
Cc1ccc(NC(=O)C2(c3ccccc3C(C)C)CCN(C(=O)CCC(=O)O)CC2)c(OC(F)F)n1,=,-0.8626845637357965,,CHEMBL5530611,CHEMBL5528060,Plasma protein binding in human assessed as unbound fraction by LC-MS/MS analysis,25929857,unknown,human
Cc1ccc(NC(=O)C2(c3ccccc3C(C)C)CNC2)c(OC(F)F)n1,=,-0.7026045584107611,,CHEMBL5530611,CHEMBL5528060,Plasma protein binding in human assessed as unbound fraction by LC-MS/MS analysis,25929856,unknown,human
Cc1ccc(NC(=O)N2CC[C@@H](CC(F)(F)F)C2)cc1-c1cc(N[C@H](C)CO)nc(N2CCOCC2)c1,=,0.2056345375731557,,CHEMBL5540888,CHEMBL5537186,Fraction unbound in human plasma,25965145,unknown,human
Cc1ccc(NC(=O)c2cc(C(F)(F)F)cnn2)cc1-c1ccc2c(c1)OC1(CCOCC1)CC(=O)N2,=,-1.0072963022393624,,CHEMBL5041046,CHEMBL5038628,Fraction unbound in human plasma,24390588,unknown,human
Cc1ccc(NC(=O)c2cc(Oc3cncc(F)c3)cn3ccnc23)nc1,=,-0.5142540273268247,,CHEMBL4047830,CHEMBL4043265,Fraction unbound in human plasma at 5 uM after 4 hrs by equilibrium dialysis method,18221490,unknown,human
Cc1ccc(NC(=O)c2cccc(N3CCOCC3)c2)cc1NC(=O)c1ccc(OCc2ccccn2)cc1,=,-0.1066164315160123,,CHEMBL2060774,CHEMBL2057166,Fraction unbound in human plasma,10953906,unknown,human
Cc1ccc(NC(=O)c2cccc(N3CCOCC3)c2)cc1NC(=O)c1ccc(OCc2cscn2)cc1,=,-0.4020844485401025,,CHEMBL2060774,CHEMBL2057166,Fraction unbound in human plasma,10953907,unknown,human
Cc1ccc(NC(=O)c2ccnc(C(F)(F)F)c2)cc1-c1ccc2c(c1)OC1(CCOCC1)CC(=O)N2,=,-1.2111151001447686,,CHEMBL5041046,CHEMBL5038628,Fraction unbound in human plasma,24390587,unknown,human
Cc1ccc(NS(C)(=O)=O)c(C(=O)N2CCCC[C@H]2c2cc3[nH]c(C)c(C)c(=O)n3n2)c1,=,0.6432071606868136,,CHEMBL3413803,CHEMBL3407466,Percentage unbound in human plasma at 2 uM by equilibrium dialysis,15196743,unknown,human
Cc1ccc(NS(C)(=O)=O)c(C(=O)N2CCCC[C@H]2c2cc3nc(C)c(C)c(C)n3n2)c1,=,-0.5813774551708419,,CHEMBL3413803,CHEMBL3407466,Percentage unbound in human plasma at 2 uM by equilibrium dialysis,15196752,unknown,human
Cc1ccc(NS(C)(=O)=O)c(C(=O)N2CCCC[C@H]2c2cc3nc(C)c(C)cn3n2)c1,=,0.0055531472707097,,CHEMBL3413803,CHEMBL3407466,Percentage unbound in human plasma at 2 uM by equilibrium dialysis,15196751,unknown,human
Cc1ccc(NS(C)(=O)=O)c(C(=O)N2CCCC[C@H]2c2cc3nc(C)cc(C)n3n2)c1,=,-0.5142540273268247,,CHEMBL3413803,CHEMBL3407466,Percentage unbound in human plasma at 2 uM by equilibrium dialysis,15196754,unknown,human
Cc1ccc(NS(C)(=O)=O)c(C(=O)N2CCCC[C@H]2c2cc3nc(C4CC4)c(C)cn3n2)c1,=,-0.4837793026341161,,CHEMBL3413803,CHEMBL3407466,Percentage unbound in human plasma at 2 uM by equilibrium dialysis,15196756,unknown,human
Cc1ccc(NS(C)(=O)=O)c(C(=O)N2CCCC[C@H]2c2cc3nc(C4CC4)cc(C)n3n2)c1,=,-0.5813774551708419,,CHEMBL3413803,CHEMBL3407466,Percentage unbound in human plasma at 2 uM by equilibrium dialysis,15196755,unknown,human
Cc1ccc(NS(C)(=O)=O)c(C(=O)N2CCCC[C@H]2c2cc3nc(C4CC4)ccn3n2)c1,=,-0.1982656506346964,,CHEMBL3413803,CHEMBL3407466,Percentage unbound in human plasma at 2 uM by equilibrium dialysis,15196757,unknown,human
Cc1ccc(Nc2cc(N[C@@H]3CCCC[C@@H]3N)nnc2C(N)=O)nc1C,=,0.62399415938111,,CHEMBL3240915,CHEMBL3232975,Fraction unbound in human plasma,14568070,unknown,human
Cc1ccc(Nc2nc3ccc(N4CCN(C)CC4)cc3[nH]2)nc1,=,0.7107231531794204,,CHEMBL3371909,CHEMBL3351865,Unbound fraction in human plasma,15046548,unknown,human
Cc1ccc(O)c(C(=O)N[C@H]2CC[C@@H](NC(=O)c3cc(F)cnc3Oc3ccc(F)c(F)c3)CC2)c1,=,-1.6412404906477542,,CHEMBL3292530,CHEMBL3286180,Fraction unbound in human plasma,14740950,unknown,human
Cc1ccc(O)c(C(=O)N[C@H]2CC[C@@H](NC(=O)c3cc(F)cnc3Oc3cccc(-c4ccc(CN5C[C@@H](C)N[C@@H](C)C5)cc4CN4CCOCC4)c3)CC2)c1,=,-0.6186299770217468,,CHEMBL3292530,CHEMBL3286180,Fraction unbound in human plasma,14743283,unknown,human
Cc1ccc(O)c(C)c1-n1c(N)c(C(=O)N2CCn3ncc(C#N)c3C2)c2nc(C)c(C)nc21,=,0.593723402638845,,CHEMBL5534770,CHEMBL5532670,Plasma protein binding in human assessed as unbound fraction by equilibrium dialysis based LC-MS/MS analysis,25942282,unknown,human
Cc1ccc(O)c(C)c1-n1c(N)c(C(=O)N2CCn3ncc(Cl)c3C2)c2nc(C)c(C)nc21,=,-0.4837793026341161,,CHEMBL5534770,CHEMBL5532670,Plasma protein binding in human assessed as unbound fraction by equilibrium dialysis based LC-MS/MS analysis,25942281,unknown,human
Cc1ccc(O)c(C)c1-n1c(N)c(C(=O)N2CCn3nccc3C2)c2nc(C)c(C)nc21,=,0.5502996705557653,,CHEMBL5534770,CHEMBL5532670,Plasma protein binding in human assessed as unbound fraction by equilibrium dialysis based LC-MS/MS analysis,25942280,unknown,human
Cc1ccc(O)c(C)c1-n1c(N)c(C(=O)N2CCn3nccc3C2)c2nc(C3CC3)c(C)nc21,=,0.4018941102179953,,CHEMBL5534770,CHEMBL5532670,Plasma protein binding in human assessed as unbound fraction by equilibrium dialysis based LC-MS/MS analysis,25942283,unknown,human
Cc1ccc(O)c(C)c1-n1c(N)c(C(N)=O)c2c(=O)n(CC(F)(F)F)c(C)nc21,=,0.9263063531711252,,CHEMBL6097268,CHEMBL6096637,Plasma protein binding in human assessed as free fraction,29138130,unknown,human
Cc1ccc(O)c(C)c1-n1c(N)c(C(N)=O)c2c(=O)n(CF)c(C)nc21,=,1.113761640907178,,CHEMBL6097268,CHEMBL6096637,Plasma protein binding in human assessed as free fraction,29138129,unknown,human
Cc1ccc(O)c(CNCC23CC4CC(CC(C4)C2)C3)c1,=,-0.1817828950592638,,CHEMBL3396794,CHEMBL3392977,Protein binding in human plasma,15145535,unknown,human
Cc1ccc(O)c(CNCC23CC4CC(CC(C4)C2)C3)n1,=,0.5069043552740142,,CHEMBL3396794,CHEMBL3392977,Protein binding in human plasma,15145536,unknown,human
Cc1ccc(O)c([C@H](CCN(C(C)C)C(C)C)c2ccccc2)c1,=,-0.0928435423790931,,CHEMBL1043580,CHEMBL1156824,Fraction unbound in human plasma,2990521,unknown,human
Cc1ccc(OC2CCN(c3c(C#N)cnc4ccc(F)cc34)CC2)cn1,=,-0.3104352294214184,,CHEMBL4046920,CHEMBL4043207,Fraction unbound in human plasma,18216450,unknown,human
Cc1ccc(OC2CCN(c3ncnc4ccc(F)cc34)CC2)cn1,=,0.6432071606868136,,CHEMBL3810537,CHEMBL3808342,Fraction unbound in human plasma,16608332,unknown,human
Cc1ccc(OC2CCN(c3ncnc4ccc(F)cc34)CC2)cn1,=,-0.6186299770217468,,CHEMBL4046920,CHEMBL4043207,Fraction unbound in human plasma,18216449,unknown,human
Cc1ccc(OCCNCCCF)c(F)c1[C@@H]1c2[nH]c3ccccc3c2C[C@@H](C)N1CC(F)(F)F,=,-1.816326953844029,,CHEMBL5381572,CHEMBL5380788,Protein binding in human plasma assessed as unbound fraction by equilibrium dialysis assay,25688105,unknown,human
Cc1ccc(OCCNCCCF)cc1[C@@H]1c2[nH]c3ccccc3c2C[C@@H](C)N1CC(F)(F)F,=,-1.2640776195296506,,CHEMBL5381572,CHEMBL5380788,Protein binding in human plasma assessed as unbound fraction by equilibrium dialysis assay,25688101,unknown,human
Cc1ccc(OCc2cc3nc(C(N)=O)cc(-c4ccc(F)cc4)c3s2)cn1,=,0.0585156666555915,,CHEMBL4310455,CHEMBL4308859,Fraction unbound in human plasma after 4 hrs by equilibrium dialysis method,18873723,unknown,human
Cc1ccc(Oc2nc3cc(-c4ccc(-c5ccccc5)cc4)c(Cl)cc3[nH]2)cc1C(=O)O,=,0.7553767394735358,,CHEMBL4144377,CHEMBL4138270,Unbound fraction in 10% human serum,18375384,unknown,human
Cc1ccc(S(=O)(=O)CCCO)cc1C#Cc1cc(Cl)ccc1OCC(=O)O,=,-0.5466961870436686,,CHEMBL1920742,CHEMBL1914440,Percentage unbound in human plasma,7923176,unknown,human
Cc1ccc(S(=O)(=O)N(C)C(C)C)cc1C#Cc1cc(Cl)ccc1OCC(=O)O,=,-1.5595456365537408,,CHEMBL1920742,CHEMBL1914440,Percentage unbound in human plasma,7923185,unknown,human
Cc1ccc(S(=O)(=O)N(C)C)cc1C#Cc1cc(Cl)ccc1OCC(=O)O,=,-1.2111151001447686,,CHEMBL1920742,CHEMBL1914440,Percentage unbound in human plasma,7923181,unknown,human
Cc1ccc(S(=O)(=O)NC(C)C)cc1C#Cc1cc(Cl)ccc1OCC(=O)O,=,-1.2111151001447686,,CHEMBL1920742,CHEMBL1914440,Percentage unbound in human plasma,7923184,unknown,human
Cc1ccc(S(=O)(=O)NCCc2ccc(Oc3ccc(F)c(F)c3)cc2)cc1C(=O)O,=,-3.806402944111401,,CHEMBL4702833,CHEMBL4699523,Fraction unbound in human plasma,22763477,unknown,human
Cc1ccc(S(=O)(=O)Nc2c(C(=O)N[C@@H](C)C(C)(C)C)c(C)nn2-c2ccccc2)cc1,=,-0.0291281208564636,,CHEMBL1937819,CHEMBL1932964,Fraction unbound in human plasma,7993031,unknown,human
Cc1ccc(S(=O)(=O)[C@@]2(c3ccc(C(F)(C(F)(F)F)C(F)(F)F)cc3)CCN(C(=O)[C@H]3CC[C@H](C(=O)O)CC3)C2)cc1,=,-0.6186299770217468,,CHEMBL4339780,CHEMBL4339200,Protein binding in human plasma assessed as unbound fraction,18984528,unknown,human
Cc1ccc(S(C)(=O)=O)cc1C#Cc1cc(Cl)ccc1OCC(=O)O,=,-0.4837793026341161,,CHEMBL1920742,CHEMBL1914440,Percentage unbound in human plasma,7923167,unknown,human
Cc1ccc([C@@H]2c3[nH]c4ccccc4c3C[C@@H](C)N2CC(F)(F)F)cc1OCCNCCCF,=,-1.109100998210553,,CHEMBL5381572,CHEMBL5380788,Protein binding in human plasma assessed as unbound fraction by equilibrium dialysis assay,25688103,unknown,human
Cc1ccc([C@H]2C[C@@H]2COc2cc(NCc3nnc(C)s3)nc(C)n2)nc1,=,-0.0536539121311303,,CHEMBL5318449,CHEMBL5316310,Protein binding in human plasma assessed as unbound fraction,25449363,unknown,human
Cc1ccc2c(-c3cnc4[nH]cc(C(=O)NC(C)(C)CO)c4n3)nn(CCCN(C)C)c2c1,=,0.4985954221832476,,CHEMBL2350846,CHEMBL2346624,Fraction unbound in human plasma,12717290,unknown,human
Cc1ccc2c(-c3cnc4[nH]cc(C(=O)NC5(C)CCNC5)c4n3)nn(C)c2c1,=,-0.0536539121311303,,CHEMBL2350846,CHEMBL2346624,Fraction unbound in human plasma,12717297,unknown,human
Cc1ccc2c(=O)[nH]c(-c3ccc(C(C)(C)O)cc3)cn12,=,0.3864258433965256,,CHEMBL5228318,CHEMBL5226325,Unbound fraction in human plasma,24986920,unknown,human
Cc1ccc2c(c1)C(=O)N(c1ccc(NC(=O)c3occc3C)c(F)c1)C2=O,=,-1.5595456365537408,,CHEMBL3762438,CHEMBL3758107,Fraction unbound in human plasma by rapid equilibrium dialysis binding assay,16456357,unknown,human
Cc1ccc2nc(N3CCCc4ccc(F)cc4C3)cc(NC3(CN)COC3)c2c1,=,-0.1982656506346964,,CHEMBL4158600,CHEMBL4152381,Fraction unbound in human plasma,18447491,unknown,human
Cc1ccc2nc(N3CCCc4ccc(F)cc4C3)cc(NCC3(N)COC3)c2c1,=,-0.3104352294214184,,CHEMBL4158600,CHEMBL4152381,Fraction unbound in human plasma,18447492,unknown,human
Cc1ccc2nc(N3CCS(=O)(=O)c4ccccc4C3)cc(NCCN)c2c1,=,0.2820498937016034,,CHEMBL4158600,CHEMBL4152381,Fraction unbound in human plasma,18447490,unknown,human
Cc1cccc(C(CCCN)(c2ccccc2)c2ccccc2)c1,=,-2.0894281478669883,,CHEMBL2025096,CHEMBL2021885,Unbound fraction in human plasma,10875802,unknown,human
Cc1cccc(C(CC[C@@H](N)C(=O)O)(c2ccccc2)c2ccccc2)c1,=,-1.647189424065796,,CHEMBL2025096,CHEMBL2021885,Unbound fraction in human plasma,10875801,unknown,human
Cc1cccc(C(CC[C@H](N)C(=O)O)(c2ccccc2)c2ccccc2)c1,=,-1.5826909578366848,,CHEMBL2025096,CHEMBL2021885,Unbound fraction in human plasma,10875800,unknown,human
Cc1cccc(C)c1NC(=O)C(C)N,=,1.4944032733621953,,CHEMBL1043580,CHEMBL1156824,Fraction unbound in human plasma,2994769,unknown,human
Cc1cccc(C)c1NC(=O)NCCCNC(C)C,=,1.4885918906378484,,CHEMBL1043580,CHEMBL1156824,Fraction unbound in human plasma,2994754,unknown,human
Cc1cccc(CCN2CCN(c3ccccc3-c3cc(C#N)cc(C(=O)NCCCN4CCCC4)c3)CC2)c1,=,-0.331829054134549,,CHEMBL4681719,CHEMBL4680102,Unbound fraction in human plasma by equilibrium dialysis,22454184,unknown,human
Cc1cccc(CCN2CCN(c3ccccc3-c3cccc(C(=O)NCCCN4CCCC4)c3)CC2)c1,=,0.0878062235286654,,CHEMBL4681719,CHEMBL4680102,Unbound fraction in human plasma by equilibrium dialysis,22454178,unknown,human
Cc1cccc(CN2C(=O)c3cc(-c4nc(Nc5ccnn5C)ncc4C)cn3C[C@H]2C)n1,=,0.5270949812424817,,CHEMBL4051370,CHEMBL4049432,Fraction unbound in human plasma,18236799,unknown,human
Cc1cccc(Cl)c1-c1ccc(N2CCOc3ncnc(N)c3C2=O)cc1,=,-0.0412414541546705,,CHEMBL3222766,CHEMBL3217691,Fraction unbound in human plasma,14536625,unknown,human
Cc1cccc(Cl)c1-c1ccc2[nH]c(=O)[nH]c2c1,=,1.5114448716933202,,CHEMBL4200554,CHEMBL4196161,Protein binding in human plasma assessed as unbound fraction at 1 uM measured after 6 hrs by equilibrium dialysis method,18556583,unknown,human
Cc1cccc(Cl)c1CNC(=O)Nc1ccsc1-c1nc(O)c(O)c(C(=O)O)n1,=,-1.5595456365537408,,CHEMBL853030,CHEMBL1138187,Percent of unbound ligand in human plasma,1690958,unknown,human
Cc1cccc(Cl)c1Oc1nn(-c2ccc(C(=O)O)cc2)c2ccc(C(=O)N(C)C)cc12,=,-0.3104352294214184,,CHEMBL3868207,CHEMBL3867469,Fraction unbound in human plasma at 5 uM after 4 hrs by equilibrium dialysis based LC-MS/MS analysis,16798020,unknown,human
Cc1cccc(N2CNC(=O)C23CCN(C[C@H](C)NC(=O)c2ccc(Br)cc2)CC3)c1,=,-0.7505149849490745,,CHEMBL2330312,CHEMBL2321744,Fraction unbound in human plasma after 4 hrs by equilibrium dialysis method,12659358,unknown,human
Cc1cccc(NC(=O)c2cc(Oc3cc(C)nn3C)cc(C)n2)n1,=,-0.0928435423790931,,CHEMBL6077546,CHEMBL6074702,Unbound fraction in human plasma at 5 uM incubated for 6 hrs by equilibrium dialysis based LC-MS/MS analysis,29075958,unknown,human
Cc1cccc(NC(=O)c2cc(Oc3ccnn3C)cc(C)n2)n1,=,-0.135348766225144,,CHEMBL6077546,CHEMBL6074702,Unbound fraction in human plasma at 5 uM incubated for 6 hrs by equilibrium dialysis based LC-MS/MS analysis,29075963,unknown,human
Cc1cccc(NC(=O)c2cc(Oc3cncc(F)c3)cc(C)n2)n1,=,-0.5142540273268247,,CHEMBL4039217,CHEMBL4038301,Unbound fraction in human plasma at 5 uM after 4 hrs by equilibrium dialysis assay,18179379,unknown,human
Cc1cccc(NC(=O)c2cc(Oc3cncc(F)c3)cn3ccnc23)n1,=,-0.3104352294214184,,CHEMBL4047830,CHEMBL4043265,Fraction unbound in human plasma at 5 uM after 4 hrs by equilibrium dialysis method,18221488,unknown,human
Cc1cccc(NC(=O)c2cc(Oc3cncnc3)cc(C)n2)n1,=,0.1980753123125893,,CHEMBL4039217,CHEMBL4038301,Unbound fraction in human plasma at 5 uM after 4 hrs by equilibrium dialysis assay,18179378,unknown,human
Cc1cccc(NC(=O)c2cc(Oc3cnn(C)c3)cc(C)n2)n1,=,-0.0412414541546705,,CHEMBL6077546,CHEMBL6074702,Unbound fraction in human plasma at 5 uM incubated for 6 hrs by equilibrium dialysis based LC-MS/MS analysis,29075966,unknown,human
Cc1cccc(NC(=O)c2cc(Oc3cnn(C)c3C(F)(F)F)cc(C)n2)n1,=,-0.7026045584107611,,CHEMBL6077546,CHEMBL6074702,Unbound fraction in human plasma at 5 uM incubated for 6 hrs by equilibrium dialysis based LC-MS/MS analysis,29075961,unknown,human
Cc1cccc(Nc2cc(N[C@@H]3CCCC[C@@H]3N)nnc2C(N)=O)n1,=,0.3864258433965256,,CHEMBL3240915,CHEMBL3232975,Fraction unbound in human plasma,14568069,unknown,human
Cc1cccc(Nc2ccncc2S(=O)(=O)NC(=O)NC(C)C)c1,=,-0.7505149849490745,,CHEMBL1043580,CHEMBL1156824,Fraction unbound in human plasma,2990488,unknown,human
Cc1cccc2nc(C(=O)N[C@H]3CC[C@@H](NC(=O)c4cc(F)cnc4Oc4cccc(-c5ccc(CN6CCC(N7CCCC7)CC6)cc5)c4)CC3)cn12,=,-0.4020844485401025,,CHEMBL3292530,CHEMBL3286180,Fraction unbound in human plasma,14740988,unknown,human
Cc1cccc2nc(C(=O)N[C@H]3CC[C@@H](NC(=O)c4cc(F)cnc4Oc4cccc(-c5ccc(CN6C[C@@H](C)N[C@@H](C)C6)cc5)c4)CC3)cn12,=,-0.6588657658303905,,CHEMBL3292530,CHEMBL3286180,Fraction unbound in human plasma,14740990,unknown,human
Cc1ccccc1-c1cc(C(=O)NCCCN2CCCC2)c2cn[nH]c2n1,=,1.1401613542288764,,CHEMBL4681719,CHEMBL4680102,Unbound fraction in human plasma by equilibrium dialysis,22454197,unknown,human
Cc1ccccc1-c1ccc(N2CCOc3ncnc(N)c3C2=O)cc1,=,0.2204202801798293,,CHEMBL3222766,CHEMBL3217691,Fraction unbound in human plasma,14536622,unknown,human
Cc1ccccc1-c1cccc(CN2CCC3(CC2)C(NC2CCCCC2)=NC(=O)N3c2cccc(F)c2)c1,=,0.3539836836796816,,CHEMBL1032309,CHEMBL1140155,Fraction unbound in transgenic mouse plasma transfected with human APP at 100 mg/kg,2365352,unknown,human
Cc1ccccc1CO[C@H]1CCCN(Cc2ccc3c(cnn3C)c2)C1,=,-0.0172998337847618,,CHEMBL5250281,CHEMBL5247621,Plasma protein binding in human assessed as unbound fraction,25060591,unknown,human
Cc1ccccc1N1C(=O)c2cc(S(N)(=O)=O)c(Cl)cc2NC1C,=,0.0585156666555915,,CHEMBL1043580,CHEMBL1156824,Fraction unbound in human plasma,2990549,unknown,human
Cc1ccccc1[C@@H]1C[C@H](N2CCOCC2)CC[C@H]1C(=O)N1CC(c2ccccc2)(c2ccccc2)C1.O=C(O)C(F)(F)F,=,-0.4020844485401025,,CHEMBL3239291,CHEMBL3233009,Fraction unbound in human 100% plasma,14575490,unknown,human
Cc1cccnc1N(C(=O)c1ccc(-c2cnn3cccnc23)cc1)[C@@H]1CCCNC1,=,-1.0602588216242443,,CHEMBL5365882,CHEMBL5365408,Unbound fraction in human plasma by equilibrium dialysis analysis,25631861,unknown,human
Cc1ccn(CC(=O)N2CCN(c3sc(C(F)(F)F)nc3-c3cnc(C(F)(F)F)nc3)C[C@@H]2CO)n1,=,0.4548566296028772,,CHEMBL5251563,CHEMBL5247653,Protein binding in human plasma assessed as fraction unbound at 1 uM incubated for 6 hrs by rapid equilibrium dialysis based LC-MS/MS analysis,25066251,unknown,human
Cc1ccnc2c1NC(=O)c1cccnc1N2C1CC1,=,0.9916376970957856,,CHEMBL1043580,CHEMBL1156824,Fraction unbound in human plasma,2991960,unknown,human
Cc1ccoc1C(=O)Nc1ccc(N2C(=O)c3ccc(F)cc3C2=O)cc1F,=,-0.1982656506346964,,CHEMBL3762438,CHEMBL3758107,Fraction unbound in human plasma by rapid equilibrium dialysis binding assay,16456360,unknown,human
Cc1ccoc1C(=O)Nc1ccc(N2C(=O)c3cccc(C)c3C2=O)cc1F,=,-0.8034775043339566,,CHEMBL3762438,CHEMBL3758107,Fraction unbound in human plasma by rapid equilibrium dialysis binding assay,16456358,unknown,human
Cc1ccoc1C(=O)Nc1ccc(N2C(=O)c3cccc(F)c3C2=O)c(Cl)c1,=,0.0684700316802619,,CHEMBL3631342,CHEMBL3627606,Fraction unbound in human plasma,15749926,unknown,human
Cc1ccoc1C(=O)Nc1ccc(N2C(=O)c3cccc(F)c3C2=O)cc1F,=,-0.2512281700195782,,CHEMBL3762438,CHEMBL3758107,Fraction unbound in human plasma by rapid equilibrium dialysis binding assay,16456361,unknown,human
Cc1ccsc1C(=CCCN1CCC[C@@H](C(=O)O)C1)c1sccc1C,=,-0.0536539121311303,,CHEMBL1043580,CHEMBL1156824,Fraction unbound in human plasma,2990528,unknown,human
Cc1cn(-c2ccc3c(c2)C(=O)Nc2cccc(n2)-c2nncn2CCCCO3)cn1,=,-0.3775586572654357,,CHEMBL4324216,CHEMBL4321844,Unbound fraction in human plasma at 1 uM incubated for 4 hrs by rapid equilibrium dialysis method,18924425,unknown,human
Cc1cn(-c2ccc3n(c2=O)CCN([C@@H](C)[C@@H]2CC[C@H](c4cc(F)c(Cl)cc4C(F)(F)F)O2)C3=O)cn1,=,-0.6186299770217468,,CHEMBL5517257,CHEMBL5512689,Unbound fraction in human plasma,25886657,unknown,human
Cc1cn([C@@H](C)[C@]2(F)CCNC2)c2nc(C(N)=O)cc(Cl)c12,=,0.1064260931939052,,CHEMBL4704310,CHEMBL4699590,"Unbound fraction in human KG-1 tumor bearing mouse plasma at 25 mg/kg, po",22770413,unknown,human
Cc1cn([C@H]2CCCN(S(=O)(=O)c3ccc(O)c(Oc4cccc(Cl)c4)c3)C2)c(=O)[nH]c1=O,=,-0.7505149849490745,,CHEMBL2342073,CHEMBL2331361,Unbound fraction in human plasma,12703653,unknown,human
Cc1cn([C@H]2CCCN([C@@H](CC(C)C)c3ccc(C(=O)O)c(Oc4cccc(Cl)c4)c3F)C2)c(=O)[nH]c1=O,=,-0.929807991579814,,CHEMBL3300182,CHEMBL3297666,Fraction unbound in human plasma at 10 uM after 5 hrs by rapid equilibrium dialysis method,14755747,unknown,human
Cc1cn([C@H]2CCCN([C@H](CC(C)(C)C)c3ccc(C(=O)O)c(Oc4cccc(Br)c4)c3)C2)c(=O)[nH]c1=O,=,-0.1658234909178525,,CHEMBL3300182,CHEMBL3297666,Fraction unbound in human plasma at 10 uM after 5 hrs by rapid equilibrium dialysis method,14755737,unknown,human
Cc1cn([C@H]2CCCN([C@H](CC(C)C)c3ccc(C(=O)O)c(Oc4cccc(Cl)c4)c3F)C2)c(=O)[nH]c1=O,=,-0.6186299770217468,,CHEMBL3300182,CHEMBL3297666,Fraction unbound in human plasma at 10 uM after 5 hrs by rapid equilibrium dialysis method,14755746,unknown,human
Cc1cn([C@H]2C[C@H](N=[N+]=[N-])[C@@H](CO)O2)c(=O)[nH]c1=O,=,1.381510935274868,,CHEMBL3528936,CHEMBL3526069,Fraction unbound in human plasma by ultracentrifugation method,15461431,unknown,human
Cc1cn2cc(-c3cc(=O)n4cc(N5CCN(C)CC5)ccc4n3)cc(C)c2n1,=,0.4548566296028772,,CHEMBL4478569,CHEMBL4477215,Fraction unbound in human plasma,19470956,unknown,human
Cc1cn2cc(-c3cc(=O)n4cc(N5CCN(C)CC5)ccc4n3)cc(F)c2n1,=,0.8032871660118494,,CHEMBL4478569,CHEMBL4477215,Fraction unbound in human plasma,19470957,unknown,human
Cc1cn2cc(NC(=O)c3ccc(N4CCNC(C)C4)cc3F)nc2c(C)n1,=,0.7188969756640864,,CHEMBL4052078,CHEMBL4049449,Fraction unbound in human plasma,18239845,unknown,human
Cc1cn2nc(-c3cc(=O)n4cc(N5CCNC6(CC6)C5)ccc4n3)cc(C)c2n1,=,0.4548566296028772,,CHEMBL4383100,CHEMBL4382198,Fraction unbound in human plasma,19160361,unknown,human
Cc1cn2nc([C@@H]3CCCCN3C(=O)c3cc(Cl)ccc3NS(C)(=O)=O)cc2nc1N1CC(C#N)C1,=,-0.4020844485401025,,CHEMBL3413803,CHEMBL3407466,Percentage unbound in human plasma at 2 uM by equilibrium dialysis,15196760,unknown,human
Cc1cn2nc([C@@H]3CCCCN3C(=O)c3cc(Cl)ccc3NS(C)(=O)=O)cc2nc1N1CC(F)C1,=,-0.1503552240963827,,CHEMBL3413803,CHEMBL3407466,Percentage unbound in human plasma at 2 uM by equilibrium dialysis,15196759,unknown,human
Cc1cn2nc([C@@H]3CCCCN3C(=O)c3cc(Cl)ccc3NS(C)(=O)=O)cc2nc1N1CC(N)C1,=,0.1154836176471022,,CHEMBL3413803,CHEMBL3407466,Percentage unbound in human plasma at 2 uM by equilibrium dialysis,15196762,unknown,human
Cc1cn2nc([C@@H]3CCCCN3C(=O)c3cc(Cl)ccc3NS(C)(=O)=O)cc2nc1N1CC(O)C1,=,0.1064260931939052,,CHEMBL3413803,CHEMBL3407466,Percentage unbound in human plasma at 2 uM by equilibrium dialysis,15196761,unknown,human
Cc1cn2nc([C@@H]3CCCCN3C(=O)c3cc(Cl)ccc3NS(C)(=O)=O)cc2nc1N1CCC(F)(F)C1,=,-0.9748541425225188,,CHEMBL3413803,CHEMBL3407466,Percentage unbound in human plasma at 2 uM by equilibrium dialysis,15196764,unknown,human
Cc1cn2nc([C@@H]3CCCCN3C(=O)c3cc(Cl)ccc3NS(C)(=O)=O)cc2nc1N1CCC1,=,-0.4550469679249845,,CHEMBL3413803,CHEMBL3407466,Percentage unbound in human plasma at 2 uM by equilibrium dialysis,15196758,unknown,human
Cc1cn2nc([C@@H]3CCCCN3C(=O)c3cc(Cl)ccc3NS(C)(=O)=O)cc2nc1N1CCCC1,=,-0.7816184514460437,,CHEMBL3413803,CHEMBL3407466,Percentage unbound in human plasma at 2 uM by equilibrium dialysis,15196763,unknown,human
Cc1cn2nc([C@@H]3CCCCN3C(=O)c3cc(Cl)ccc3NS(C)(=O)=O)cc2nc1N1CC[C@@H](C#N)C1,=,-0.354174022001789,,CHEMBL3413803,CHEMBL3407466,Percentage unbound in human plasma at 2 uM by equilibrium dialysis,15196765,unknown,human
Cc1cn2nc([C@@H]3CCCCN3C(=O)c3cc(Cl)ccc3NS(C)(=O)=O)cc2nc1N1CC[C@@H](N)C1,=,-0.0172998337847618,,CHEMBL3413803,CHEMBL3407466,Percentage unbound in human plasma at 2 uM by equilibrium dialysis,15196769,unknown,human
Cc1cn2nc([C@@H]3CCCCN3C(=O)c3cc(Cl)ccc3NS(C)(=O)=O)cc2nc1N1CC[C@@H](O)C1,=,-0.1066164315160123,,CHEMBL3413803,CHEMBL3407466,Percentage unbound in human plasma at 2 uM by equilibrium dialysis,15196767,unknown,human
Cc1cn2nc([C@@H]3CCCCN3C(=O)c3cc(Cl)ccc3NS(C)(=O)=O)cc2nc1N1CC[C@H](C#N)C1,=,-0.4550469679249845,,CHEMBL3413803,CHEMBL3407466,Percentage unbound in human plasma at 2 uM by equilibrium dialysis,15196766,unknown,human
Cc1cn2nc([C@@H]3CCCCN3C(=O)c3cc(Cl)ccc3NS(C)(=O)=O)cc2nc1N1CC[C@H](N)C1,=,-0.0057434855928168,,CHEMBL3413803,CHEMBL3407466,Percentage unbound in human plasma at 2 uM by equilibrium dialysis,15196770,unknown,human
Cc1cn2nc([C@@H]3CCCCN3C(=O)c3cc(Cl)ccc3NS(C)(=O)=O)cc2nc1N1CC[C@H](O)C1,=,-0.2153072489658211,,CHEMBL3413803,CHEMBL3407466,Percentage unbound in human plasma at 2 uM by equilibrium dialysis,15196768,unknown,human
Cc1cn2nc([C@@H]3CCCCN3C(=O)c3ccccc3NS(C)(=O)=O)cc2nc1C,=,0.133123287443151,,CHEMBL3413803,CHEMBL3407466,Percentage unbound in human plasma at 2 uM by equilibrium dialysis,15196748,unknown,human
Cc1cnc(C(=O)NCCc2ccc(S(=O)(=O)NC(=O)NC3CCCCC3)cc2)cn1,=,-0.4020844485401025,,CHEMBL1043580,CHEMBL1156824,Fraction unbound in human plasma,2990502,unknown,human
Cc1cnc(C(=O)NCCc2ccc(S(=O)(=O)NC(=O)NC3CCCCC3)cc2)cn1,=,-2.3660691557444085,,CHEMBL4702833,CHEMBL4699523,Fraction unbound in human plasma,22763451,unknown,human
Cc1cnc(N)nc1OCC(C)(C)CO,=,1.1740626702880612,,CHEMBL3782417,CHEMBL3779767,Fraction unbound in human plasma,16515682,unknown,human
Cc1cnc(NC(=O)C2=C(O)c3ccccc3S(=O)(=O)N2C)s1,=,-1.3557268386483343,,CHEMBL1043580,CHEMBL1156824,Fraction unbound in human plasma,2990454,unknown,human
Cc1cnc(NC(=O)C2=C(O)c3ccccc3S(=O)(=O)N2C)s1,=,-1.6125081559386227,,CHEMBL1636019,CHEMBL1629603,"Fraction unbound in human plasma at 15 mg, po",5086134,unknown,human
Cc1cnc(NCCc2ccccn2)c(=O)n1CC(=O)NCc1cc(Cl)ccc1OCC(=O)NC1CC1,=,-0.7505149849490745,,CHEMBL1685165,CHEMBL1681657,Fraction unbound in human plasma,5247975,unknown,human
Cc1cnc(NCCc2ccccn2)c(=O)n1CC(=O)NCc1cc(Cl)ccc1OCC(=O)NC1CCCNC1,=,0.4985954221832476,,CHEMBL1685165,CHEMBL1681657,Fraction unbound in human plasma,5247976,unknown,human
Cc1cnc(NCCc2ccccn2)c(=O)n1CC(=O)NCc1cccc(Cl)c1,=,0.1501648857742756,,CHEMBL1685165,CHEMBL1681657,Fraction unbound in human plasma,5247977,unknown,human
Cc1cnc(Nc2cccc(S(C)(=O)=O)c2F)nc1-c1c[nH]c2c(NC(=O)[C@@H](C)N3CCN(C)CC3)cccc12,=,0.1501648857742756,,CHEMBL5369329,CHEMBL5365521,Plasma protein binding in human assessed as free fraction,25646289,unknown,human
Cc1cnc2c(-c3ccc(F)c4[nH]ncc34)c(N)c(=O)[nH]c2c1C,=,0.4069462030645636,,CHEMBL6113825,CHEMBL6109150,Plasma protein binding in human assessed as unbound fraction,29185483,unknown,human
Cc1cnc2c(C(=O)NCCO)cn(Cc3ncnc(N(C)C)c3C)c2c1,=,0.9591955373789416,,CHEMBL3292124,CHEMBL3286390,Unbound fraction in human plasma,14720411,unknown,human
Cc1cnc2c(C(=O)NCCO)cn(Cc3ncnc(OC(F)F)c3C)c2c1,=,0.9591955373789416,,CHEMBL3292124,CHEMBL3286390,Unbound fraction in human plasma,14720412,unknown,human
Cc1cnc2c(NC(=O)c3cn4cc(C56COC(C)(C5)C6)nc4nc3OC(C)C)cnn2c1,=,0.1980753123125893,,CHEMBL5521467,CHEMBL5518220,Plasma protein binding in human assessed as unbound fraction at 1 uM incubated for 4 hrs by LC-MS/MS analysis,25897864,unknown,human
Cc1csc(C(=O)N[C@H]2CC[C@@H](NC(=O)c3cc(F)cnc3Oc3cccc(-c4ccc(CN5C[C@@H](C)N[C@@H](C)C5)cc4CN4CCOCC4)c3)CC2)n1,=,0.0055531472707097,,CHEMBL3292530,CHEMBL3286180,Fraction unbound in human plasma,14743282,unknown,human
Cc1csc(N(C)C(=O)CSc2ccc(-c3ccccc3)nn2)n1,=,-0.4020844485401025,,CHEMBL2049724,CHEMBL2046355,Fraction unbound in human plasma,10936807,unknown,human
Cc1csc(NC(=O)c2cc(C(F)(F)c3cncnc3)cc3cccnc23)n1,=,-0.5813774551708419,,CHEMBL4195059,CHEMBL4190386,Unbound fraction in human plasma at 5 uM after 4 hrs by equilibrium dialysis assay,18529090,unknown,human
Cc1csc(NC(=O)c2cc(O[C@@H]3CCOC3)c3sccc3n2)n1,=,-0.4020844485401025,,CHEMBL6141277,CHEMBL6134919,Plasma protein binding in human assessed as unbound fraction at 5 uM incubated for 6 hrs by equilibrium dialysis based LC-MS/MS analysis,29268507,unknown,human
Cc1csc(NC(=O)c2cc(O[C@@H]3CCOC3)cc(F)c2F)n1,=,0.2204202801798293,,CHEMBL6141277,CHEMBL6134919,Plasma protein binding in human assessed as unbound fraction at 5 uM incubated for 6 hrs by equilibrium dialysis based LC-MS/MS analysis,29268508,unknown,human
Cc1csc2c(N[C@@H](C)CN3CCN(S(=O)(=O)c4ccc(Cl)c(Cl)c4)CC3)ncnc12,=,-1.2111151001447686,,CHEMBL5388529,CHEMBL5385906,Protein binding in human plasma assessed as fraction unbound at 0.5 uM measured after 5 hrs by LC-MS/MS analysis,25712443,unknown,human
Cc1csc2nc([C@H](C)Nc3ncnc4[nH]cnc34)c(-c3cccc(F)c3)c(=O)n12,=,0.6736818853795221,,CHEMBL4410901,CHEMBL4406913,Fractional unbound in human plasma,19290411,unknown,human
Cc1n[nH]c(C)c1-c1ccc(NC(=O)[C@@H](NC(=O)c2ccnn2C(C)C)C(C2CC2)C2CC2)cc1,=,-0.4837793026341161,,CHEMBL5136704,CHEMBL5131568,Protein binding in human plasma assessed as unbound fraction at 1 uM by LCMS/MS analysis,24810620,unknown,human
Cc1n[nH]c(C)c1-c1ccc(NC(=O)[C@@H](NC(=O)c2ccnn2C)C(c2ccccc2)c2ccccc2)cc1,=,-1.8600657464243997,,CHEMBL5136704,CHEMBL5131568,Protein binding in human plasma assessed as unbound fraction at 1 uM by LCMS/MS analysis,24810619,unknown,human
Cc1nc(-c2ccc(C(C)(C)C)cc2)nc(C)c1C(=O)N[C@@H](CCN)C(=O)N(C)[C@@H]1C(=O)N[C@@H](C)C(=O)N[C@H](C(=O)NCC#N)Cc2ccc(OCCN)c(c2)-c2cc1ccc2OCCN,=,0.8032871660118494,,CHEMBL5375621,CHEMBL5370681,Unbound fraction in human plasma at 5 uM measured after 24 hrs by LC-MS/MS analysis,25668459,unknown,human
Cc1nc(-c2ccc(C(C)(C)C)cc2)nc(N)c1C(=O)N[C@@H](CCN)C(=O)N(C)[C@@H]1C(=O)N[C@@H](C)C(=O)N[C@H](C(=O)NCC#N)Cc2ccc(OCCN)c(c2)-c2cc1ccc2OCCN,=,0.4985954221832476,,CHEMBL5375621,CHEMBL5370681,Unbound fraction in human plasma at 5 uM measured after 24 hrs by LC-MS/MS analysis,25668455,unknown,human
Cc1nc(-c2ccc(C(C)(C)C)cc2)ncc1C(=O)N[C@@H](CCN)C(=O)N(C)[C@@H]1C(=O)N[C@@H](C)C(=O)N[C@H](C(=O)NCC#N)Cc2ccc(OCCN)c(c2)-c2cc1ccc2OCCN,=,0.8256321338790893,,CHEMBL5375621,CHEMBL5370681,Unbound fraction in human plasma at 5 uM measured after 24 hrs by LC-MS/MS analysis,25668456,unknown,human
Cc1nc(-c2ccc(C)c(NC(=O)c3ccc(OCc4ccccn4)cc3)c2)c[nH]1,=,-0.1658234909178525,,CHEMBL2060774,CHEMBL2057166,Fraction unbound in human plasma,10953918,unknown,human
Cc1nc(-c2ccc3c(c2)CC[C@H]3NC(=O)c2cnn(C)c2)no1,=,0.5760837328427963,,CHEMBL4833484,CHEMBL4831540,Plasma protein binding in human assessed as unbound fraction,23263285,unknown,human
Cc1nc(-c2cnn(C)c2-c2ccc(C(F)(F)F)cc2)c2c(N3CC(F)C3)ncnn12,=,0.6736818853795221,,CHEMBL2384419,CHEMBL2380216,Fraction unbound in human plasma,13306600,unknown,human
Cc1nc(-c2nnn(C)c2NC(=O)O[C@@H](c2ccccc2)C(F)(F)F)ccc1NS(C)(=O)=O,=,0.7553767394735358,,CHEMBL6104063,CHEMBL6103545,Plasma protein binding in human assessed as unbound fraction incubated for 24 hrs by equilibrium dialysis based Rapidfire-QToF mass spectrometric analysis,29154145,unknown,human
Cc1nc(-c2nnn(C)c2NC(=O)O[C@H](C)c2cc(F)ccc2F)ccc1NS(C)(=O)=O,=,0.7295926771865047,,CHEMBL6104063,CHEMBL6103545,Plasma protein binding in human assessed as unbound fraction incubated for 24 hrs by equilibrium dialysis based Rapidfire-QToF mass spectrometric analysis,29154143,unknown,human
Cc1nc(-c2nnn(C)c2NC(=O)O[C@H](C)c2cc(F)cnc2Cl)ccc1NS(C)(=O)=O,=,0.5388312109918915,,CHEMBL6104063,CHEMBL6103545,Plasma protein binding in human assessed as unbound fraction incubated for 24 hrs by equilibrium dialysis based Rapidfire-QToF mass spectrometric analysis,29154152,unknown,human
Cc1nc(-c2nnn(C)c2NC(=O)O[C@H](C)c2cc(F)cnc2F)ccc1NS(C)(=O)=O,=,0.6107650009699698,,CHEMBL6104063,CHEMBL6103545,Plasma protein binding in human assessed as unbound fraction incubated for 24 hrs by equilibrium dialysis based Rapidfire-QToF mass spectrometric analysis,29154154,unknown,human
Cc1nc(-c2nnn(C)c2NC(=O)O[C@H](C)c2cccc(F)c2)ccc1NS(C)(=O)=O,=,0.8032871660118494,,CHEMBL6104063,CHEMBL6103545,Plasma protein binding in human assessed as unbound fraction incubated for 24 hrs by equilibrium dialysis based Rapidfire-QToF mass spectrometric analysis,29154141,unknown,human
Cc1nc(-c2nnn(C)c2NC(=O)O[C@H](C)c2ccccc2)ccc1NS(C)(=O)=O,=,0.7553767394735358,,CHEMBL6104063,CHEMBL6103545,Plasma protein binding in human assessed as unbound fraction incubated for 24 hrs by equilibrium dialysis based Rapidfire-QToF mass spectrometric analysis,29154139,unknown,human
Cc1nc(-c2nnn(C)c2NC(=O)O[C@H](C)c2ccccc2Cl)ccc1NS(C)(=O)=O,=,0.5388312109918915,,CHEMBL6104063,CHEMBL6103545,Plasma protein binding in human assessed as unbound fraction incubated for 24 hrs by equilibrium dialysis based Rapidfire-QToF mass spectrometric analysis,29154138,unknown,human
Cc1nc(-c2nnn(C)c2NC(=O)O[C@H](C)c2cccnc2Cl)ccc1NS(C)(=O)=O,=,0.6736818853795221,,CHEMBL6104063,CHEMBL6103545,Plasma protein binding in human assessed as unbound fraction incubated for 24 hrs by equilibrium dialysis based Rapidfire-QToF mass spectrometric analysis,29154148,unknown,human
Cc1nc(-c2nnn(C)c2NC(=O)O[C@H](C)c2cccnc2F)ccc1NS(C)(=O)=O,=,1.0780232135954766,,CHEMBL6104063,CHEMBL6103545,Plasma protein binding in human assessed as unbound fraction incubated for 24 hrs by equilibrium dialysis based Rapidfire-QToF mass spectrometric analysis,29154150,unknown,human
Cc1nc(-c2nnn(C)c2NC(=O)O[C@H](CF)c2ccccc2)ccc1NS(C)(=O)=O,=,0.9421539390478172,,CHEMBL6104063,CHEMBL6103545,Plasma protein binding in human assessed as unbound fraction incubated for 24 hrs by equilibrium dialysis based Rapidfire-QToF mass spectrometric analysis,29154146,unknown,human
Cc1nc(C#Cc2ccnc(Cl)c2)c(C)n1-c1ccc(F)cc1,=,-0.5813774551708419,,CHEMBL3412670,CHEMBL3407448,Fraction unbound in human plasma at 1 uM by equilibrium dialysis method,15195251,unknown,human
Cc1nc(C#Cc2ccnc(Cl)c2)c(C)n1-c1ccc(OC(F)(F)F)cc1,=,-1.3557268386483343,,CHEMBL3412670,CHEMBL3407448,Fraction unbound in human plasma at 1 uM by equilibrium dialysis method,15195252,unknown,human
Cc1nc(C(=O)N2CCOC3(CCN(Cc4ccc(Cl)cc4)CC3)C2)cs1,=,1.2818420115008826,,CHEMBL1291437,CHEMBL1287723,Fraction unbound in human plasma,3592115,unknown,human
Cc1nc(C(NC(=O)c2ccc(-c3ccc(Cl)cc3)[nH]2)C2CCCCN2)sc1CO,=,0.4728113598962167,,CHEMBL4010381,CHEMBL4007461,Unbound fraction in human plasma at 5 uM by LC-MS/MS based equilibrium dialysis,18044653,unknown,human
Cc1nc(C)c(-c2ccc(-c3ccc(CC(=O)O)cc3Cl)c(Cl)c2)nc1C(N)=O,=,-1.3557268386483343,,CHEMBL3136455,CHEMBL3132821,Fraction unbound in human plasma,13967774,unknown,human
Cc1nc(C)c(-c2ccc(-c3ccc(CC(=O)O)cc3Cl)cc2)nc1C(N)=O,=,-0.5466961870436686,,CHEMBL3136455,CHEMBL3132821,Fraction unbound in human plasma,13967775,unknown,human
Cc1nc(C)c(-c2ccc(-c3ccc([C@H](C)C(=O)O)cc3Cl)c(F)c2)nc1C(N)=O,=,-0.929807991579814,,CHEMBL3136455,CHEMBL3132821,Fraction unbound in human plasma,13967772,unknown,human
Cc1nc(C)c(-c2ccc(-c3ccc([C@H](C)C(=O)O)cc3Cl)cc2)nc1C(N)=O,=,-0.8626845637357965,,CHEMBL3136455,CHEMBL3132821,Fraction unbound in human plasma,13967773,unknown,human
Cc1nc(C)c(-c2ccc(C34CCC(C(=O)O)(CC3)CC4)cc2)nc1C(N)=O,=,-1.0072963022393624,,CHEMBL2183600,CHEMBL2176918,Fraction unbound in human plasma at 37 degC by LC-UV/MS method based equilibrium dialysis method,12150785,unknown,human
Cc1nc(C)c(-c2ccc(C3CCC(CC(=O)O)CC3)cc2)nc1C(N)=O,=,0.0274122001586224,,CHEMBL2183600,CHEMBL2176918,Fraction unbound in human plasma at 37 degC by LC-UV/MS method based equilibrium dialysis method,12150795,unknown,human
Cc1nc(C)c(-c2ccc([C@H]3CC[C@H](CC(=O)NC(C)(C)C(=O)O)CC3)cc2)nc1C(N)=O,=,0.2820498937016034,,CHEMBL2183600,CHEMBL2176918,Fraction unbound in human plasma at 37 degC by LC-UV/MS method based equilibrium dialysis method,12150790,unknown,human
Cc1nc(C)c(-c2ccc([C@H]3CC[C@H](CC(=O)NS(C)(=O)=O)CC3)cc2)nc1C(N)=O,=,0.4548566296028772,,CHEMBL2183600,CHEMBL2176918,Fraction unbound in human plasma at 37 degC by LC-UV/MS method based equilibrium dialysis method,12150788,unknown,human
Cc1nc(C)c(-c2ccc([C@H]3CC[C@H](CC(N)=O)CC3)cc2)nc1C(N)=O,=,0.5388312109918915,,CHEMBL2183600,CHEMBL2176918,Fraction unbound in human plasma at 37 degC by LC-UV/MS method based equilibrium dialysis method,12150792,unknown,human
Cc1nc(C)c(-c2ccc([C@H]3CC[C@H](CCO)CC3)cc2)nc1C(N)=O,=,-0.1982656506346964,,CHEMBL2183600,CHEMBL2176918,Fraction unbound in human plasma at 37 degC by LC-UV/MS method based equilibrium dialysis method,12150794,unknown,human
Cc1nc(C)c(-c2ccc([C@H]3CC[C@H](Cc4nnn[nH]4)CC3)cc2)nc1C(N)=O,=,-0.8034775043339566,,CHEMBL2183600,CHEMBL2176918,Fraction unbound in human plasma at 37 degC by LC-UV/MS method based equilibrium dialysis method,12150787,unknown,human
Cc1nc(C)c(-c2ccc3c(c2)CC[C@]32CC[C@@H](CC(=O)O)CC2)nc1C(N)=O,=,-0.6186299770217468,,CHEMBL2183600,CHEMBL2176918,Fraction unbound in human plasma at 37 degC by LC-UV/MS method based equilibrium dialysis method,12150786,unknown,human
Cc1nc(C)c(C(=O)N2CCCCC2(C)c2nc(C(=O)NCc3ccc(F)cc3)c(O)c(=O)[nH]2)s1,=,0.5388312109918915,,CHEMBL1060103,CHEMBL1154041,Fraction unbound in human plasma at pH7.4 after 1 hr by ultrafiltration method,2726517,unknown,human
Cc1nc(C)c(C(=O)N2CCCCC2c2nc(C(=O)NCc3ccc(F)cc3)c(O)c(=O)[nH]2)s1,=,0.4069462030645636,,CHEMBL1060103,CHEMBL1154041,Fraction unbound in human plasma at pH7.4 after 1 hr by ultrafiltration method,2726553,unknown,human
Cc1nc(C)n(CC(=O)N2CCN(c3sc(C(F)(F)F)nc3-c3nc4ccccc4[nH]3)C[C@H]2C)n1,=,0.4683824413167973,,CHEMBL5130052,CHEMBL5126609,Unbound fraction in human plasma by equilibrium based LC-MS/MS analysis,24783128,unknown,human
Cc1nc(C2CCN(C(=O)[C@@H]3CN(C(C)(C)C)C[C@H]3c3ccc(F)cc3F)CC2)n(-c2ccc(Cl)c(C)c2)n1,=,0.6432071606868136,,CHEMBL2026496,CHEMBL2021890,Plasma protein binding in 10% human plasma assessed as percentage unbound,10872441,unknown,human
Cc1nc(C2CCN(C(=O)[C@@H]3CN(C(C)(C)C)C[C@H]3c3ccc(F)cc3F)CC2)n(-c2ccc(Cl)cc2)n1,=,0.8675463182602577,,CHEMBL2026496,CHEMBL2021890,Plasma protein binding in 10% human plasma assessed as percentage unbound,10872444,unknown,human
Cc1nc(C2CCN(C(=O)[C@@H]3CN(C(C)(C)C)C[C@H]3c3ccc(F)cc3F)CC2)n(-c2ccc(F)c(F)c2)n1,=,1.3851143844474625,,CHEMBL2026496,CHEMBL2021890,Plasma protein binding in 10% human plasma assessed as percentage unbound,10872445,unknown,human
Cc1nc(C2CCN(C(=O)[C@@H]3CNC[C@H]3c3ccc(F)cc3F)CC2)n(-c2ccc(Cl)cc2)n1,=,0.4985954221832476,,CHEMBL2026496,CHEMBL2021890,Plasma protein binding in 10% human plasma assessed as percentage unbound,10873240,unknown,human
Cc1nc(C2CCN(C(=O)[C@@H]3C[C@@H](N(C)C)C[C@H]3c3ccc(F)cc3F)CC2)n(-c2ccc(Cl)c(C)c2)n1,=,0.8032871660118494,,CHEMBL2034222,CHEMBL2029344,Percentage unbound in 10% human plasma,10886208,unknown,human
Cc1nc(C2CCN(C(=O)[C@@H]3C[C@@](C)(N(C)C)C[C@H]3c3ccc(F)cc3F)CC2)n(-c2cc(Cl)ccc2Cl)n1,=,1.0071059639172557,,CHEMBL2034222,CHEMBL2029344,Percentage unbound in 10% human plasma,10885903,unknown,human
Cc1nc(C2CCN(C(=O)[C@@H]3C[C@@](C)(N(C)C)C[C@H]3c3ccc(F)cc3F)CC2)n(-c2ccc(Cl)c(C)c2)n1,=,0.0585156666555915,,CHEMBL2034222,CHEMBL2029344,Percentage unbound in 10% human plasma,10886207,unknown,human
Cc1nc(C2CCN(C(=O)[C@@H]3C[C@@](C)(N(C)C)C[C@H]3c3ccc(F)cc3F)CC2)n(-c2ccc(F)c(Cl)c2)n1,=,0.9916376970957856,,CHEMBL2034222,CHEMBL2029344,Percentage unbound in 10% human plasma,10885901,unknown,human
Cc1nc(C2CCN(C(=O)[C@@H]3C[C@@](C)(N)C[C@H]3c3ccc(F)cc3F)CC2)n(-c2cc(Cl)ccc2Cl)n1,=,0.8573908414077511,,CHEMBL2034222,CHEMBL2029344,Percentage unbound in 10% human plasma,10885902,unknown,human
Cc1nc(C2CCN(C(=O)[C@@H]3C[C@@](C)(N)C[C@H]3c3ccc(F)cc3F)CC2)n(-c2ccc(Cl)c(C)c2)n1,=,0.2689925619908105,,CHEMBL2034222,CHEMBL2029344,Percentage unbound in 10% human plasma,10885904,unknown,human
Cc1nc(C2CCN(C(=O)[C@@H]3C[C@@](C)(N)C[C@H]3c3ccc(F)cc3F)CC2)n(-c2ccc(F)c(Cl)c2)n1,=,0.7677891974499957,,CHEMBL2034222,CHEMBL2029344,Percentage unbound in 10% human plasma,10885900,unknown,human
Cc1nc(C2CCN(C(=O)[C@H]3CN(C(C)(C)C)C[C@@H]3c3ccc(F)cc3F)CC2)n(-c2ccc(Cl)c(C)c2)n1,=,0.4069462030645636,,CHEMBL2026496,CHEMBL2021890,Plasma protein binding in 10% human plasma assessed as percentage unbound,10872442,unknown,human
Cc1nc(CN2CCC(OCc3ccc(Cl)c(F)c3)CC2)c2ccccn12,=,0.2347835146658341,,CHEMBL5145671,CHEMBL5143585,Protein binding in human plasma assessed as unbound fraction,24841835,unknown,human
Cc1nc(CN2CCC(OCc3ccc(Cl)c(F)c3)CC2)c2ccccn12,=,0.3132822357298443,,CHEMBL5250281,CHEMBL5247621,Plasma protein binding in human assessed as unbound fraction,25060593,unknown,human
Cc1nc(CN2CCC(OCc3cccc(C(F)(F)F)c3)CC2)c2ccccn12,=,0.0782310957961973,,CHEMBL5145671,CHEMBL5143585,Protein binding in human plasma assessed as unbound fraction,24841834,unknown,human
Cc1nc(CSc2nc(N[C@H](C)CO)c3sc(=O)[nH]c3n2)cs1,=,-0.820519102665081,,CHEMBL949063,CHEMBL1141618,Protein binding as % unbound in human plasma,2103754,unknown,human
Cc1nc(N(C)C(=O)Cc2ccc(-c3ccccn3)cc2)sc1S(N)(=O)=O,=,-0.2512281700195782,,CHEMBL5112335,CHEMBL5108063,Protein binding in human plasma assessed as unbound fraction,24719298,unknown,human
Cc1nc(N)c2nnn(C[C@H]3CN(Cc4nccs4)CCO3)c2n1,=,1.1740626702880612,,CHEMBL2073633,CHEMBL2069214,Fraction unbound in human plasma,10982774,unknown,human
Cc1nc(Nc2nc3cnc(N4CCN(C)CC4)cc3[nH]2)cc(C2CC2)c1F,=,0.0684700316802619,,CHEMBL3371909,CHEMBL3351865,Unbound fraction in human plasma,15046552,unknown,human
Cc1nc(Nc2ncc(C(=O)Nc3c(C)cccc3Cl)s2)cc(N2CCN(CCO)CC2)n1.O,=,-0.4020844485401025,,CHEMBL4807655,CHEMBL4806967,Protein binding in human plasma assessed as unbound fraction,23127613,unknown,human
Cc1nc(Nc2ncc(C(=O)Nc3c(C)cncc3Cl)s2)cc(N2CCN(CCO)CC2)n1,=,-0.4020844485401025,,CHEMBL4807655,CHEMBL4806967,Protein binding in human plasma assessed as unbound fraction,23127607,unknown,human
Cc1nc(Nc2ncc(C(=O)Nc3c(C)nn(C)c3C)s2)cc(N2CCN(CCO)CC2)n1,=,0.0585156666555915,,CHEMBL4807655,CHEMBL4806967,Protein binding in human plasma assessed as unbound fraction,23127609,unknown,human
Cc1nc(Nc2ncc(C(=O)Nc3c(C)noc3C)s2)cc(N2CCN(CCO)CC2)n1,=,0.1501648857742756,,CHEMBL4807655,CHEMBL4806967,Protein binding in human plasma assessed as unbound fraction,23127610,unknown,human
Cc1nc(Nc2ncc(C(=O)Nc3c(Cl)ccnc3C)s2)cc(NN2CCN(CCO)CC2)n1,=,0.2276531964338244,,CHEMBL4807655,CHEMBL4806967,Protein binding in human plasma assessed as unbound fraction,23127612,unknown,human
Cc1nc(Nc2ncc(C(=O)Nc3ncccc3C)s2)cc(N2CCN(CCO)CC2)n1,=,0.3539836836796816,,CHEMBL4807655,CHEMBL4806967,Protein binding in human plasma assessed as unbound fraction,23127606,unknown,human
Cc1nc(OC(F)F)c(C#N)cc1Nc1nc(Cl)cn([C@H](C)C2CC2)c1=O,=,-0.5142540273268247,,CHEMBL1043158,CHEMBL1154735,Fraction unbound in human serum after 3 to 7 hrs by equilibrium dialysis,2941165,unknown,human
Cc1nc2c(=O)n(C3CC3)c3c(Cl)c(N4CC[C@@H]([C@H](C)N)C4)c(F)cc3c2o1,=,0.8553348916829864,,CHEMBL4700504,CHEMBL4699433,Protein binding in human plasma assessed as free fraction,22754464,unknown,human
Cc1nc2c(C#N)cccc2n1-c1ccc(C(=O)NC2CC2)s1,=,0.4548566296028772,,CHEMBL2015257,CHEMBL2010768,Unbound fraction in human plasma,10841003,unknown,human
Cc1nc2c(OCc3c(F)cccc3F)cccn2c1C(=O)NC(CN)c1ccc(F)c(F)c1,=,-0.0291281208564636,,CHEMBL5340624,CHEMBL5338746,Fraction unbound in human plasma,25530373,unknown,human
Cc1nc2c([C@H](C)c3ccc(C(C)(C)C)cc3)nn(CCF)c2c(=O)[nH]1,=,-0.8034775043339566,,CHEMBL4836317,CHEMBL4834444,Plasma protein binding in human assessed as unbound fraction,23276406,unknown,human
Cc1nc2c([C@H](C)c3ccc(C(F)(F)F)c(F)c3)nn(CCO)c2c(=O)[nH]1,=,-0.1982656506346964,,CHEMBL4836317,CHEMBL4834444,Plasma protein binding in human assessed as unbound fraction,23276405,unknown,human
Cc1nc2c([nH]1)-c1ccccc1N(C(=O)c1ccc(NC(=O)c3ccccc3-c3ccccc3)cc1)CC2,=,-0.7505149849490745,,CHEMBL1043580,CHEMBL1156824,Fraction unbound in human plasma,2990480,unknown,human
Cc1nc2c(c(-c3ccccc3)n1)CCN(C(=O)c1cccc(C(F)(F)F)c1Cl)C2,=,-0.1658234909178525,,CHEMBL4427228,CHEMBL4425156,Fraction unbound in human plasma,19409361,unknown,human
Cc1nc2cc([C@@H]3CCCCN3C(=O)c3ccccc3NS(C)(=O)=O)nn2c(C)c1C,=,-0.3775586572654357,,CHEMBL3413803,CHEMBL3407466,Percentage unbound in human plasma at 2 uM by equilibrium dialysis,15196749,unknown,human
Cc1nc2ccc(C(=O)NC3CN(c4cc(Cl)ncc4Cl)C3)cn2c1C,=,-0.1982656506346964,,CHEMBL4610619,CHEMBL4609996,Unbound fraction in human plasma,20630102,unknown,human
Cc1nc2ccc(CN3CCCN3C(=O)c3cc(Cl)ccc3-n3nccn3)cc2s1,=,-0.5813774551708419,,CHEMBL6110868,CHEMBL6109098,Unbound fraction in human plasma,29175909,unknown,human
Cc1nc2ccc(CN3C[C@@H](C)CN3C(=O)c3cc(Cl)ccc3-n3nccn3)cc2s1,=,-1.0072963022393624,,CHEMBL6110868,CHEMBL6109098,Unbound fraction in human plasma,29175910,unknown,human
Cc1nc2ccc3c(=O)cc(-c4ccc(N5CCCC5)cc4)oc3c2[nH]1,=,-2.5131880266619726,,CHEMBL2214149,CHEMBL2203249,Fraction unbound in human plasma at 5 uM,12187069,unknown,human
Cc1nc2cnc(C(=O)NC3CN(c4cc(Cl)ncc4Cl)C3)cn2c1C,=,-0.0536539121311303,,CHEMBL4610619,CHEMBL4609996,Unbound fraction in human plasma,20630103,unknown,human
Cc1nc2cnc3cc(F)c(-c4ccc(Oc5ncccn5)cc4Cl)cc3c2n1C1CCN(C(=O)CO)CC1,=,0.0585156666555915,,CHEMBL5049209,CHEMBL5046286,Protein binding in human plasma assessed as free fraction,24422574,unknown,human
Cc1nc2n(c(=O)c1CCN1CCC(c3noc4cc(F)ccc34)CC1)CCCC2,=,0.4069462030645636,,CHEMBL1043580,CHEMBL1156824,Fraction unbound in human plasma,2990652,unknown,human
Cc1nc2nc(C)c(O[C@@H]3CCN(c4ccc(-c5ccc(CN6CCOCC6)nn5)cc4)C3)c(C)n2n1,=,0.9916376970957856,,CHEMBL5316588,CHEMBL5316265,Plasma protein binding in human assessed as free fraction,25441390,unknown,human
Cc1nc2oc3c(NC4CC4(C)C)ncnc3c2c(C)c1Cl.Cl,=,-1.2111151001447686,,CHEMBL5582323,CHEMBL5579875,Plasma protein binding in human assessed as unbound fraction at 5 uM incubated for 6 hrs by LC-MS/MS analysis,26030240,unknown,human
Cc1nc2oc3c(NC4CC4)ncnc3c2c(C)c1Cl.Cl,=,-0.929807991579814,,CHEMBL5582323,CHEMBL5579875,Plasma protein binding in human assessed as unbound fraction at 5 uM incubated for 6 hrs by LC-MS/MS analysis,26030239,unknown,human
Cc1nc2sc(C(=O)NC3CC3)c(N)c2c(C)c1Cl,=,-0.7026045584107611,,CHEMBL2320118,CHEMBL2311451,Fraction unbound in human plasma,12626148,unknown,human
Cc1nc2sc(C(=O)NCc3ccncc3)c(N)c2c(C)c1Cl,=,-0.2701994406127747,,CHEMBL2320118,CHEMBL2311451,Fraction unbound in human plasma,12626147,unknown,human
Cc1nc2sc(C(=O)c3ccccc3)c(N)c2c(C)c1C,=,-0.929807991579814,,CHEMBL4479491,CHEMBL4477243,Fraction unbound in human plasma,19475802,unknown,human
Cc1nc2sc(C(=O)c3ccccc3)c(N)c2c(C)c1Cl,=,-1.0989455213580468,,CHEMBL4479491,CHEMBL4477243,Fraction unbound in human plasma,19475792,unknown,human
Cc1nc2sc(C(=O)c3cccnc3)c(N)c2c(C)c1Cl,=,-1.0989455213580468,,CHEMBL4479491,CHEMBL4477243,Fraction unbound in human plasma,19475793,unknown,human
Cc1nc2sc3c(NC4CC(F)(F)C4)nncc3c2c(C)c1Cl.Cl,=,-0.7505149849490745,,CHEMBL5582323,CHEMBL5579875,Plasma protein binding in human assessed as unbound fraction at 5 uM incubated for 6 hrs by LC-MS/MS analysis,26030247,unknown,human
Cc1nc2sc3c(NC4CC4)ncnc3c2c(C)c1Cl.Cl,=,-1.2111151001447686,,CHEMBL5582323,CHEMBL5579875,Plasma protein binding in human assessed as unbound fraction at 5 uM incubated for 6 hrs by LC-MS/MS analysis,26030238,unknown,human
Cc1nc2sc3c(NC4CC4)nncc3c2c(C)c1Cl.Cl,=,-0.6186299770217468,,CHEMBL5582323,CHEMBL5579875,Plasma protein binding in human assessed as unbound fraction at 5 uM incubated for 6 hrs by LC-MS/MS analysis,26030245,unknown,human
Cc1nc2sc3c(NC4CCC4)nncc3c2c(C)c1Cl.Cl,=,-1.0989455213580468,,CHEMBL5582323,CHEMBL5579875,Plasma protein binding in human assessed as unbound fraction at 5 uM incubated for 6 hrs by LC-MS/MS analysis,26030246,unknown,human
Cc1ncc(-c2cc(NC(=O)c3ccc(OCc4ccccn4)cc3)c(C)cc2C)[nH]1,=,0.3811621407775327,,CHEMBL4610871,CHEMBL4610013,Protein binding in human plasma assessed as unbound fraction,20631768,unknown,human
Cc1ncc(-c2nc3c(OC4(C)CC4)nc(Nc4cnn(C5CCN(C)CC5)c4)nc3cc2F)cn1,=,0.7799025307482025,,CHEMBL5246649,CHEMBL5244269,Plasma protein binding in human assessed as free fraction by equilibrium dialysis analysis,25047926,unknown,human
Cc1ncc(C(N)=O)nc1-c1ccc([C@H]2CC[C@H](CC(=O)O)CC2)cc1,=,0.1243808234872447,,CHEMBL2183600,CHEMBL2176918,Fraction unbound in human plasma at 37 degC by LC-UV/MS method based equilibrium dialysis method,12150797,unknown,human
Cc1ncc(S(=O)(=O)N2CCC(c3cn4ncnc4cc3C)CC2)s1,=,1.1038072758825077,,CHEMBL5578548,CHEMBL5576133,Unbound fraction in human plasma at 5 uM incubated for 6 hrs under shaking condition by equilibrium dialysis method,26014646,unknown,human
Cc1ncc(S(=O)(=O)N2CCC(c3cn4ncnc4cc3Cl)CC2)o1,=,0.8872617474008635,,CHEMBL5578548,CHEMBL5576133,Unbound fraction in human plasma at 5 uM incubated for 6 hrs under shaking condition by equilibrium dialysis method,26014650,unknown,human
Cc1ncc(S(=O)(=O)N2CCC(c3cn4ncnc4cc3Cl)CC2)s1,=,0.7553767394735358,,CHEMBL5578548,CHEMBL5576133,Unbound fraction in human plasma at 5 uM incubated for 6 hrs under shaking condition by equilibrium dialysis method,26014648,unknown,human
Cc1ncc(S(=O)(=O)N2CC[C@H](C(=O)Nc3ccc4scnc4c3)[C@@H](F)C2)s1,=,-0.4020844485401025,,CHEMBL5216728,CHEMBL5214935,Unbound fraction in human plasma,24964177,unknown,human
Cc1ncc([N+](=O)[O-])n1CCO,=,1.5438870314101638,,CHEMBL1043580,CHEMBL1156824,Fraction unbound in human plasma,2996215,unknown,human
Cc1ncc2n1-c1ccc(Cl)cc1C(c1ccccc1F)=NC2,=,-0.4837793026341161,,CHEMBL1043580,CHEMBL1156824,Fraction unbound in human plasma,2990494,unknown,human
Cc1ncccc1-c1cnc(NCc2c(F)ccc3c2CCO3)n2cnnc12,=,0.2947766242778414,,CHEMBL5163321,CHEMBL5154826,Plasma protein binding in human assessed as unbound fraction at 1 uM measured after 6 hrs LC-MS/MS analysis,24910658,unknown,human
Cc1nccn1CC1CCc2c(c3ccccc3n2C)C1=O,=,0.90623301799406,,CHEMBL1043580,CHEMBL1156824,Fraction unbound in human plasma,2991890,unknown,human
Cc1nccnc1-c1ccc(CC(=O)N[C@H](C)c2ccc(OCC(F)(F)F)cn2)cc1,=,-0.1658234909178525,,CHEMBL2154382,CHEMBL2150960,Plasma protein binding in human assessed as fraction unbound at 5 uM,12050345,unknown,human
Cc1ncn(-c2ccc(C(=O)N[C@@H]3CCN(c4ncc(Cl)c5c(N)noc45)C3)c(Cl)c2)n1,=,-1.5595456365537408,,CHEMBL4018090,CHEMBL4017471,Unbound plasma concentration in human at 10 uM measured after 4 hrs by equilibrium dialysis method,18083606,unknown,human
Cc1ncn(-c2ccc(C(=O)N[C@H]3[C@H]4CC[C@H]3N(c3ncc(Cl)c5cnoc35)C4)c(Cl)c2)n1,=,-0.0412414541546705,,CHEMBL4018090,CHEMBL4017471,Unbound plasma concentration in human at 10 uM measured after 4 hrs by equilibrium dialysis method,18083614,unknown,human
Cc1ncn(-c2noc3c(F)c4c(cc23)CC2(C(=O)NC(=O)NC2=O)[C@H]2[C@H](C)O[C@H](C)CN42)n1,=,0.0878062235286654,,CHEMBL4730283,CHEMBL4725408,Protein binding in human plasma assessed as unbound fraction at 10 uM measured after 16 hrs by LC-MS/MS based equilibrium dialysis method,22894943,unknown,human
Cc1ncn(CC(=O)N2CCN(c3sc(C(F)(F)F)nc3-c3cnc(C(F)(F)F)nc3)C[C@H]2CCO)n1,=,0.8256321338790893,,CHEMBL5251563,CHEMBL5247653,Protein binding in human plasma assessed as fraction unbound at 1 uM incubated for 6 hrs by rapid equilibrium dialysis based LC-MS/MS analysis,25066249,unknown,human
Cc1ncn(CC(=O)N2CCN(c3sc(C(F)(F)F)nc3-c3cnc(C(F)(F)F)nc3)C[C@H]2CCO)n1,=,1.1038072758825077,,CHEMBL5251645,CHEMBL5247653,Protein binding in human plasma assessed as fraction unbound at 20 ug/ml using 14C-labeled ligand by rapid equilibrium dialysis,25066355,unknown,human
Cc1ncnn1-c1noc2c(F)c3c(cc12)CC1(C(=O)NC(=O)NC1=O)[C@H]1[C@H](C)O[C@H](C)CN31,=,0.396790726212057,,CHEMBL4730283,CHEMBL4725408,Protein binding in human plasma assessed as unbound fraction at 10 uM measured after 16 hrs by LC-MS/MS based equilibrium dialysis method,22894945,unknown,human
Cc1nn(-c2ccc(F)cc2)c(NS(=O)(=O)c2ccc(C#N)cc2)c1C(=O)N[C@@H](C)C(C)(C)C,=,0.2947766242778414,,CHEMBL1937819,CHEMBL1932964,Fraction unbound in human plasma,7993030,unknown,human
Cc1nn(-c2cnc(OCC(C)C)c(Cl)c2)c2ccc(C(=O)NS(C)(=O)=O)cc12,=,-3.874468012581017,,CHEMBL4702833,CHEMBL4699523,Fraction unbound in human plasma,22763459,unknown,human
Cc1nn(-c2nc(C(F)(F)F)cc(=O)[nH]2)c(C)c1N1CCOCC1,=,-0.1982656506346964,,CHEMBL4712827,CHEMBL4706648,Protein binding in human plasma assessed as unbound fraction at 5 uM incubated for 1 hr at 37 degreeC and measured after 4 hrs by ultracentrifugation based LC-MS/MS analysis,22807416,unknown,human
Cc1nn(C)c(C)c1NS(=O)(=O)c1c(Cl)cc(-c2ccnc(N3CCNCC3)c2)cc1Cl,=,0.7024142200886537,,CHEMBL1954216,CHEMBL1949590,Fraction unbound in human plasma,8036508,unknown,human
Cc1nn(C)c2cc(N3CCN(C(=O)[C@@H]4CCCC[C@H]4C(=O)NC4(C#N)CC4)[C@H](C)C3)ccc12,=,0.9245142692517684,,CHEMBL2175117,CHEMBL2169826,Percentage unbound in human plasma,12105910,unknown,human
Cc1nn(C)c2cc(Nc3n[nH]c4cccnc34)ccc12,=,0.133123287443151,,CHEMBL4233473,CHEMBL4229425,Fraction unbound in human plasma,18665883,unknown,human
Cc1nn(C)c2ccc(N3CCN(C(=O)[C@@H]4CCCC[C@H]4C(=O)NC4(C#N)CC4)[C@H](C)C3)cc12,=,0.8675463182602577,,CHEMBL2175117,CHEMBL2169826,Percentage unbound in human plasma,12105908,unknown,human
Cc1nn(C)c2cnc(C(=O)NC3CN(c4cc(Cl)ncc4Cl)C3)cc12,=,-0.0663806427073687,,CHEMBL4610619,CHEMBL4609996,Unbound fraction in human plasma,20630132,unknown,human
Cc1nn(C)cc1NC(=O)[C@@H]1CCCC[C@H]1C(=O)c1ccc(-c2cc[nH]n2)cc1F,=,0.5760837328427963,,CHEMBL4351278,CHEMBL4350955,Protein binding in human plasma assessed as unbound fraction by LC-MS based equilibrium dialysis analysis,19037435,unknown,human
Cc1nn(C)cc1S(=O)(=O)N1CCC(C(=O)Nc2ccc3scnc3c2)CC1,=,0.5760837328427963,,CHEMBL5216728,CHEMBL5214935,Unbound fraction in human plasma,24964178,unknown,human
Cc1nn(C)cc1S(=O)(=O)N1CC[C@H](C(=O)Nc2ccc3scnc3c2)[C@@H](F)C1,=,0.8872617474008635,,CHEMBL5216728,CHEMBL5214935,Unbound fraction in human plasma,24964175,unknown,human
Cc1nn(C2CCCC2)c(C)c1S(=O)(=O)N[C@@H](C)CNc1cccc2c1cnn2-c1ccc(F)nc1,=,-3.4138678973853227,,CHEMBL3268085,CHEMBL3259563,Fraction unbound in human plasma,14666203,unknown,human
Cc1nn(C2CCOCC2)c(NS(=O)(=O)c2ccc(C3CC3)cc2)c1C(=O)N[C@@H](C)C(C)(C)C,=,0.2623344645609978,,CHEMBL1937819,CHEMBL1932964,Fraction unbound in human plasma,7993028,unknown,human
Cc1nn(CC(=O)N2CCN(c3sc(C(F)(F)F)nc3-c3nc4ccccc4[nH]3)C[C@H]2C)cc1CN(C)C,=,0.586741637530205,,CHEMBL5130052,CHEMBL5126609,Unbound fraction in human plasma by equilibrium based LC-MS/MS analysis,24783129,unknown,human
Cc1nnc(-c2ccc(-c3c(F)c(F)cc4c3C(=O)N([C@@H](C(C)(C)O)C(F)(F)F)C4)cc2)o1,=,0.2056345375731557,,CHEMBL5359291,CHEMBL5357022,Plasma protein binding in human assessed as unbound fraction,25604459,unknown,human
Cc1nnc(-c2ccc(-c3c(F)c(F)cc4c3C(=O)N([C@H](C3CC3)C(C)(C)O)C4)cc2)o1,=,0.396790726212057,,CHEMBL5359291,CHEMBL5357022,Plasma protein binding in human assessed as unbound fraction,25604457,unknown,human
Cc1nnc(-c2ccc(-c3cc(F)c(F)c4c3C(=O)N([C@H](C3CC3)C(C)(C)O)C4)cc2)o1,=,0.0585156666555915,,CHEMBL5359291,CHEMBL5357022,Plasma protein binding in human assessed as unbound fraction,25604458,unknown,human
Cc1nnc(-c2ccc(-c3cc(F)cc4c3C(=O)N([C@H](C3CC3)C(C)(C)O)C4)cc2)o1,=,0.016601482274423,,CHEMBL5359291,CHEMBL5357022,Plasma protein binding in human assessed as unbound fraction,25604456,unknown,human
Cc1nnc(-c2ccc(-c3cccc4c3C(=O)N([C@H](C3CC3)C(C)(C)O)C4)cc2)o1,=,-0.1658234909178525,,CHEMBL5359291,CHEMBL5357022,Plasma protein binding in human assessed as unbound fraction,25604455,unknown,human
Cc1nnc(-c2cnc(Nc3ccc4c(c3)C(C)(C)OC4=O)nc2N[C@H](CO)c2ccccc2)o1,=,-0.4020844485401025,,CHEMBL4689496,CHEMBL4680358,Protein binding in human plasma assessed as free fraction,22489974,unknown,human
Cc1nnc(C)c2cc(N3CCN(C(=O)[C@@H]4CCCC[C@H]4C(=O)NC4(C#N)CC4)[C@H](C)C3)ccc12,=,1.205821377816723,,CHEMBL2175117,CHEMBL2169826,Percentage unbound in human plasma,12105922,unknown,human
Cc1nnc(N2C[C@H]3CC[C@@H](C2)[C@@H]3Nc2nc3c(OC(C)C(F)(F)F)ccc(C(F)(F)F)n3n2)o1,=,-0.2329469187618698,,CHEMBL4622176,CHEMBL4619803,Fraction unbound in human plasma,20678274,unknown,human
Cc1nnc(N2C[C@H]3CC[C@@H](C2)[C@@H]3Nc2nc3c(O[C@@H](C)C(F)(F)F)ccc(C(F)(F)F)n3n2)o1,=,0.0585156666555915,,CHEMBL4622176,CHEMBL4619803,Fraction unbound in human plasma,20678276,unknown,human
Cc1nnc(SCC2=C(C(=O)O)N3C(=O)[C@@H](NC(=O)Cn4cnnn4)[C@H]3SC2)s1,=,0.7024142200886537,,CHEMBL1043580,CHEMBL1156824,Fraction unbound in human plasma,2990734,unknown,human
Cc1nnc2ccc(C(=O)NC3CN(c4cc(Cl)ncc4Cl)C3)cc2c1C,=,0.1501648857742756,,CHEMBL4363897,CHEMBL4359924,Fraction unbound in human plasma,19082256,unknown,human
Cc1nnc2ccc(C(=O)NC3CN(c4ccc(F)c(F)c4)C3)cc2c1C,=,0.0684700316802619,,CHEMBL4363897,CHEMBL4359924,Fraction unbound in human plasma,19082251,unknown,human
Cc1nnc2ccc(C(=O)NC3CN(c4ncc(C#N)cc4Cl)C3)cc2c1C,=,-0.1982656506346964,,CHEMBL4363897,CHEMBL4359924,Fraction unbound in human plasma,19082255,unknown,human
Cc1nnc2ccc(C(=O)NC3CN(c4ncc(Cl)cc4F)C3)cc2c1C,=,-0.1658234909178525,,CHEMBL4363897,CHEMBL4359924,Fraction unbound in human plasma,19082252,unknown,human
Cc1nnc2ccc(C(=O)NC3CN(c4ncc(F)cc4Cl)C3)cc2c1C,=,0.0379953069875534,,CHEMBL4363897,CHEMBL4359924,Fraction unbound in human plasma,19082253,unknown,human
Cc1nnc2n1-c1ccc(Cl)cc1C(c1ccccc1)=NC2,=,0.9421539390478172,,CHEMBL1043580,CHEMBL1156824,Fraction unbound in human plasma,2991906,unknown,human
Cc1nnc2n1-c1ccc(Cl)cc1C(c1ccccc1Cl)=NC2,=,0.4069462030645636,,CHEMBL1043580,CHEMBL1156824,Fraction unbound in human plasma,2990653,unknown,human
Cc1nnc2sc(C(=O)NC3CN(c4ncc(C(F)(F)F)cn4)C3)c(N)c2c1C,=,0.0379953069875534,,CHEMBL4667436,CHEMBL4665653,Fraction unbound in human plasma,22392865,unknown,human
Cc1nnc2sc(C(=O)NCc3ccc(-c4ccc(F)nc4)cc3)c(N)c2c1C,=,-0.331829054134549,,CHEMBL4030265,CHEMBL4028836,Unbound plasma concentration in human,18138098,unknown,human
Cc1nnc2sc(C(=O)NCc3ccc(-c4cccnc4F)cc3)c(N)c2c1C,=,-0.7026045584107611,,CHEMBL4030265,CHEMBL4028836,Unbound plasma concentration in human,18138099,unknown,human
Cc1nnc2sc(C(=O)NCc3ccc(-c4ccnc(F)c4)cc3)c(N)c2c1C,=,-0.2153072489658211,,CHEMBL4030265,CHEMBL4028836,Unbound plasma concentration in human,18138097,unknown,human
Cc1nnc2sc(C(=O)NCc3ccc(-c4ccncc4)cc3)c(N)c2c1C,=,-0.6186299770217468,,CHEMBL4030265,CHEMBL4028836,Unbound plasma concentration in human,18138096,unknown,human
Cc1nnc2sc(C(=O)NCc3ccc(S(=O)(=O)C(F)(F)F)cc3)c(N)c2c1C,=,-0.4278685108271337,,CHEMBL3874700,CHEMBL3872258,Unbound fraction in human plasma,16827984,unknown,human
Cc1nnc2sc(C(=O)NCc3ccc(S(=O)(=O)C(F)F)cc3)c(N)c2c1C,=,0.0878062235286654,,CHEMBL3874700,CHEMBL3872258,Unbound fraction in human plasma,16827983,unknown,human
Cc1nnc2sc(C(=O)NCc3ccc(S(F)(F)(F)(F)F)cc3)c(N)c2c1C,=,-0.7505149849490745,,CHEMBL3874700,CHEMBL3872258,Unbound fraction in human plasma,16827985,unknown,human
Cc1nnc2sc(C(=O)c3ccc(F)cc3F)c(N)c2c1C,=,-1.0989455213580468,,CHEMBL4479491,CHEMBL4477243,Fraction unbound in human plasma,19475796,unknown,human
Cc1nnc2sc(C(=O)c3ccccc3)c(N)c2c1C,=,-1.0989455213580468,,CHEMBL4479491,CHEMBL4477243,Fraction unbound in human plasma,19475794,unknown,human
Cc1nnc2sc(C(=O)c3cccnc3)c(N)c2c1C,=,-1.0989455213580468,,CHEMBL4479491,CHEMBL4477243,Fraction unbound in human plasma,19475797,unknown,human
Cc1nnc2sc(C(=O)c3ccncc3)c(N)c2c1C,=,-1.0989455213580468,,CHEMBL4479491,CHEMBL4477243,Fraction unbound in human plasma,19475798,unknown,human
Cc1noc(-c2cnc(Nc3ccc4c(c3)C(C)(C)OC4=O)nc2N[C@H](CO)c2ccccc2)n1,=,-0.8034775043339566,,CHEMBL4689496,CHEMBL4680358,Protein binding in human plasma assessed as free fraction,22489965,unknown,human
Cc1noc(C)c1S(=O)(=O)N1CCN(c2ccc(N3CCCC(C)(C)C3)nn2)CC1,=,0.2947766242778414,,CHEMBL4056095,CHEMBL4052689,Protein binding in human plasma assessed as unbound fraction,18258687,unknown,human
Cc1noc(C)c1S(=O)(=O)Nc1c(N2CCC(C)CC2)c(=O)c1=O,=,-0.5142540273268247,,CHEMBL3430050,CHEMBL3425489,Fraction unbound (%) in human plasma at 10 uM by LC/MS-MS analysis,15244091,unknown,human
Cc1noc(C)c1S(=O)(=O)Nc1c(N2CCC(N(C)CC3CCCCC3)CC2)c(=O)c1=O,=,1.0780232135954766,,CHEMBL3430050,CHEMBL3425489,Fraction unbound (%) in human plasma at 10 uM by LC/MS-MS analysis,15244103,unknown,human
Cc1noc(C)c1S(=O)(=O)Nc1c(N2CCC(N(C)Cc3ccc(Cl)cc3)CC2)c(=O)c1=O,=,-0.0794379744181615,,CHEMBL3430050,CHEMBL3425489,Fraction unbound (%) in human plasma at 10 uM by LC/MS-MS analysis,15244102,unknown,human
Cc1noc(C)c1S(=O)(=O)Nc1c(N2CCC(N(C)Cc3ccc(OC(F)F)cc3)CC2)c(=O)c1=O,=,0.1666476413497083,,CHEMBL3430050,CHEMBL3425489,Fraction unbound (%) in human plasma at 10 uM by LC/MS-MS analysis,15244101,unknown,human
Cc1noc(C)c1S(=O)(=O)Nc1c(N2CCC(NCc3ccc(C(F)(F)F)cc3)CC2)c(=O)c1=O,=,0.1980753123125893,,CHEMBL3430050,CHEMBL3425489,Fraction unbound (%) in human plasma at 10 uM by LC/MS-MS analysis,15244100,unknown,human
Cc1noc(C)c1S(=O)(=O)Nc1c(N2CCC(NCc3ccc(F)cc3)CC2)c(=O)c1=O,=,0.8872617474008635,,CHEMBL3430050,CHEMBL3425489,Fraction unbound (%) in human plasma at 10 uM by LC/MS-MS analysis,15244099,unknown,human
Cc1noc(C)c1S(=O)(=O)Nc1c(N2CCN(CCc3ccccc3)CC2)c(=O)c1=O,=,0.0483601898030849,,CHEMBL3430050,CHEMBL3425489,Fraction unbound (%) in human plasma at 10 uM by LC/MS-MS analysis,15244098,unknown,human
Cc1noc(C)c1S(=O)(=O)Nc1c(N2CCN(Cc3ccc(C#N)cc3)CC2)c(=O)c1=O,=,-0.2153072489658211,,CHEMBL3430050,CHEMBL3425489,Fraction unbound (%) in human plasma at 10 uM by LC/MS-MS analysis,15244096,unknown,human
Cc1noc(N2C[C@H]3CC[C@@H](C2)[C@@H]3Nc2nc3c(OCC(F)(F)C(F)(F)F)cccn3n2)n1,=,0.1064260931939052,,CHEMBL4622176,CHEMBL4619803,Fraction unbound in human plasma,20678270,unknown,human
Cc1noc(N2C[C@H]3CC[C@@H](C2)[C@@H]3Nc2nc3c(OCC(F)(F)F)ccc(C(F)(F)F)n3n2)n1,=,-0.4837793026341161,,CHEMBL4622176,CHEMBL4619803,Fraction unbound in human plasma,20678273,unknown,human
Cc1noc(NS(=O)(=O)c2ccc(N)cc2)c1C,=,0.2884535345291861,,CHEMBL1043580,CHEMBL1156824,Fraction unbound in human plasma,2990576,unknown,human
Cc1noc([C@H]2Cc3c([nH]c4ccccc34)[C@H](c3ccccc3)N2C(=O)CCl)n1,=,-0.6186299770217468,,CHEMBL5376065,CHEMBL5375942,Unbound fraction in human plasma,25670235,unknown,human
Cc1noc2c(Cl)c3c(cc12)CC1(C(=O)NC(=O)NC1=O)C1C(C)OC(C)CN31,=,-0.1982656506346964,,CHEMBL3389961,CHEMBL3352584,Fraction unbound in human plasma at 10 uM after 16 hrs by LC-MS/MS analysis,15068709,unknown,human
Cc1noc2c(F)c3c(cc12)CC1(C(=O)NC(=O)NC1=O)C1C(C)OC(C)CN31,=,0.1746906770489424,,CHEMBL3389961,CHEMBL3352584,Fraction unbound in human plasma at 10 uM after 16 hrs by LC-MS/MS analysis,15068719,unknown,human
Cc1noc2c(F)c3c(cc12)CC1(C(=O)NC(=O)NC1=O)[C@@H]1[C@@H](C)O[C@@H](C)CN31,=,-0.1207773399751477,,CHEMBL3389961,CHEMBL3352584,Fraction unbound in human plasma at 10 uM after 16 hrs by LC-MS/MS analysis,15068669,unknown,human
Cc1noc2c(F)c3c(cc12)CC1(C(=O)NC(=O)NC1=O)[C@@H]1[C@@H](C)O[C@H](C)CN31,=,0.3071890822543016,,CHEMBL3389961,CHEMBL3352584,Fraction unbound in human plasma at 10 uM after 16 hrs by LC-MS/MS analysis,15068729,unknown,human
Cc1noc2c(F)c3c(cc12)CC1(C(=O)NC(=O)NC1=O)[C@H]1[C@H](C)O[C@@H](C)CN31,=,0.0684700316802619,,CHEMBL3389961,CHEMBL3352584,Fraction unbound in human plasma at 10 uM after 16 hrs by LC-MS/MS analysis,15073345,unknown,human
Cc1noc2c(F)c3c(cc12)CC1(C(=O)NC(=O)NC1=O)[C@H]1[C@H](C)O[C@H](C)CN31,=,0.3758427365675943,,CHEMBL3389961,CHEMBL3352584,Fraction unbound in human plasma at 10 uM after 16 hrs by LC-MS/MS analysis,15073317,unknown,human
Cc1noc2c(F)cc(Nc3n[nH]c4cccnc34)cc12,=,-0.2153072489658211,,CHEMBL4310042,CHEMBL4308847,Fraction unbound in human plasma after 4 hrs by equilibrium dialysis method,18871291,unknown,human
Cc1noc2c(F)cc(Nc3n[nH]c4ncccc34)cc12,=,-0.2329469187618698,,CHEMBL4310042,CHEMBL4308847,Fraction unbound in human plasma after 4 hrs by equilibrium dialysis method,18871292,unknown,human
Cc1noc2cc(N3CCN(C(=O)[C@@H]4CCCC[C@H]4C(=O)NC4(C#N)CC4)[C@H](C)C3)ccc12,=,0.7553767394735358,,CHEMBL2175117,CHEMBL2169826,Percentage unbound in human plasma,12105912,unknown,human
Cc1noc2ccc(Nc3n[nH]c4cc(F)cnc34)cc12,=,0.0972023663893936,,CHEMBL4310042,CHEMBL4308847,Fraction unbound in human plasma after 4 hrs by equilibrium dialysis method,18871287,unknown,human
Cc1noc2ccc(Nc3n[nH]c4cccnc34)cc12,=,0.1666476413497083,,CHEMBL4310042,CHEMBL4308847,Fraction unbound in human plasma after 4 hrs by equilibrium dialysis method,18871286,unknown,human
Cc1noc2ccc(Nc3n[nH]c4ncc(F)cc34)cc12,=,0.0972023663893936,,CHEMBL4310042,CHEMBL4308847,Fraction unbound in human plasma after 4 hrs by equilibrium dialysis method,18871290,unknown,human
Cc1noc2ccc(Nc3n[nH]c4ncccc34)cc12,=,0.1980753123125893,,CHEMBL4310042,CHEMBL4308847,Fraction unbound in human plasma after 4 hrs by equilibrium dialysis method,18871289,unknown,human
Cc1noc2ccc(Nc3n[nH]c4nccnc34)cc12,=,0.1980753123125893,,CHEMBL4310042,CHEMBL4308847,Fraction unbound in human plasma after 4 hrs by equilibrium dialysis method,18871288,unknown,human
Cc1nsc(N2CC3CCC(C2)C3Nc2nc3c(-c4ccc(F)c(F)c4F)cccn3n2)n1,=,-1.2111151001447686,,CHEMBL4622176,CHEMBL4619803,Fraction unbound in human plasma,20678262,unknown,human
Cc1nsc(N2CC[C@@H](Nc3nc4c(-c5ccc(F)c(F)c5F)cccn4n3)C(F)(F)C2)n1,=,-2.5131880266619726,,CHEMBL4622176,CHEMBL4619803,Fraction unbound in human plasma,20678261,unknown,human
Cc1nsc(N2C[C@H]3CC[C@@H](C2)[C@@H]3Nc2nc3c(OCC(F)(F)F)cccn3n2)n1,=,-0.2329469187618698,,CHEMBL4622176,CHEMBL4619803,Fraction unbound in human plasma,20678264,unknown,human
Cc1nsc(N2C[C@H]3CC[C@@H](C2)[C@@H]3Nc2nc3c(OCCC(F)(F)F)cccn3n2)n1,=,-0.1982656506346964,,CHEMBL4622176,CHEMBL4619803,Fraction unbound in human plasma,20678265,unknown,human
Cc1nsc(N2C[C@H]3CC[C@@H](C2)[C@@H]3Nc2nc3c(O[C@@H](C)C(F)(F)F)cccn3n2)n1,=,-0.2329469187618698,,CHEMBL4622176,CHEMBL4619803,Fraction unbound in human plasma,20678266,unknown,human
Cc1onc(-c2c(Cl)cccc2Cl)c1C(=O)N[C@@H]1C(=O)N2[C@@H]1SC(C)(C)[C@@H]2C(=O)O,=,-0.1503552240963827,,CHEMBL1043580,CHEMBL1156824,Fraction unbound in human plasma,2990517,unknown,human
Cc1onc(-c2ccccc2)c1C(=O)N[C@@H]1C(=O)N2[C@@H]1SC(C)(C)[C@@H]2C(=O)O,=,0.2276531964338244,,CHEMBL1696173,CHEMBL1687729,Fraction unbound in human plasma,5306513,unknown,human
Cc1onc(C(=O)N2CCC(Nc3cc(=O)n(C)c4cc(F)c(F)cc34)CC2)c1C,=,0.0585156666555915,,CHEMBL3296301,CHEMBL3286182,Fraction unbound in human plasma at 20 uM after 18 hrs by equilibrium dialysis method,14744186,unknown,human
Cc1onc(C(=O)N2[C@@H]3CC[C@H]2C[C@@H](Nc2cc(=O)n(C)c4cc(F)c(F)cc24)C3)c1C,=,-0.1982656506346964,,CHEMBL3296301,CHEMBL3286182,Fraction unbound in human plasma at 20 uM after 18 hrs by equilibrium dialysis method,14744187,unknown,human
Cc1onc(C(=O)N2[C@@H]3CC[C@H]2C[C@@H](Nc2cc(=O)n(C)c4nccnc24)C3)c1C,=,0.0585156666555915,,CHEMBL3296301,CHEMBL3286182,Fraction unbound in human plasma at 20 uM after 18 hrs by equilibrium dialysis method,14744190,unknown,human
Cc1sc2ccccc2c1[C@@H]1C=CN=CN1,=,0.9591955373789416,,CHEMBL3824878,CHEMBL3822388,Fraction unbound in human plasma at 5 uM by LC-MS/MS based equilibrium dialysis method,16632248,unknown,human
Cc1sc2ncnc(N3CCC(C(=O)N4CCCC4)CC3)c2c1C,=,0.1501648857742756,,CHEMBL3810537,CHEMBL3808342,Fraction unbound in human plasma,16608330,unknown,human
Cc1sc2ncnc(N3CCC(C(=O)N4CC[C@H](F)C4)CC3)c2c1C,=,0.0585156666555915,,CHEMBL3810537,CHEMBL3808342,Fraction unbound in human plasma,16608331,unknown,human
Cc1sc2ncnc(N3CCC(C(=O)Nc4ccc(S(N)(=O)=O)cc4)CC3)c2c1C,=,-1.5595456365537408,,CHEMBL3810537,CHEMBL3808342,Fraction unbound in human plasma,16608333,unknown,human
Cl.Cl.O=C(CN1CCOCC1)Nc1ccc(OC2CCN(C3CCC3)CC2)cc1,=,1.3851143844474625,,CHEMBL4370231,CHEMBL4368912,Fraction unbound in human plasma at 1 uM by equilibrium dialysis,19110159,unknown,human
Cl.Clc1ccc(OC[C@@H]2C[C@H]3C[C@H]3N2)cn1,=,0.7799025307482025,,CHEMBL4604706,CHEMBL4602676,Protein binding in human plasma assessed as unbound fraction at 1 mg incubated for 6 hrs by LC-MS/MS analysis,20605125,unknown,human
Cl.NC(=O)Nc1cc(-c2ccccc2)sc1C(=O)N[C@H]1CCCNC1,=,0.9916376970957856,,CHEMBL2072701,CHEMBL2069189,Fraction unbound in human plasma,10995716,unknown,human
Cl.N[C@@H]1CCC=C(c2ccc(F)cc2)[C@H]1CNc1cc(F)c(S(=O)(=O)Nc2cscn2)cc1Cl,=,-1.2111151001447686,,CHEMBL4180172,CHEMBL4177611,Fraction unbound in human plasma at 2 uM after 4 hrs by LC-MS/MS analysis,18459177,unknown,human
Cl.N[C@H]1Cn2c(nc3cnccc32)C[C@@H]1c1cc(F)c(F)cc1F,=,1.1162197338589677,,CHEMBL1058143,CHEMBL1153045,Fraction unbound in human plasma,2707498,unknown,human
Cl.O=C(N1CCN2CCC1CC2)n1nc(-n2cc(C(F)(F)F)cn2)c2c1COCC2,=,-0.1982656506346964,,CHEMBL5225980,CHEMBL5223177,Unbound fraction in human plasma,24980993,unknown,human
Cl.c1ccc2oc(-c3ncc[nH]3)cc2c1,=,0.2347835146658341,,CHEMBL4826988,CHEMBL4825692,Plasma protein binding in human assessed as unbound fraction,23231417,unknown,human
Clc1ccc(-c2cc(C3(c4ccccc4)CCN(CCc4ccccc4)CC3)[nH]n2)cc1.O=C(O)C(F)(F)F,=,-0.1982656506346964,,CHEMBL3239291,CHEMBL3233009,Fraction unbound in human 100% plasma,14575486,unknown,human
Clc1ccc(CN2CCO[C@H](CCc3ccccc3)C2)cc1,=,-0.6588657658303905,,CHEMBL3383662,CHEMBL3352711,Fraction unbound in human plasma,15119285,unknown,human
Clc1ccc(CN2CCO[C@H](COc3cccc(Cl)n3)C2)cc1,=,-1.2111151001447686,,CHEMBL3796314,CHEMBL3792377,Fraction unbound in human plasma by equilibrium dialysis method,16546781,unknown,human
Clc1ccc(CN2CCO[C@H](COc3ccccc3)C2)cc1,=,-0.929807991579814,,CHEMBL3796314,CHEMBL3792377,Fraction unbound in human plasma by equilibrium dialysis method,16546764,unknown,human
Clc1ccc(CN2CCO[C@H](COc3ccccc3)C2)cc1Cl,=,-1.5595456365537408,,CHEMBL3796314,CHEMBL3792377,Fraction unbound in human plasma by equilibrium dialysis method,16546766,unknown,human
Clc1ccc(CN2CCO[C@H](CSc3ccccc3)C2)cc1,=,-0.8626845637357965,,CHEMBL3796314,CHEMBL3792377,Fraction unbound in human plasma by equilibrium dialysis method,16546782,unknown,human
Clc1ccc2c(CN3CCO[C@H](COc4ccccc4)C3)c[nH]c2c1,=,-1.0072963022393624,,CHEMBL3796314,CHEMBL3792377,Fraction unbound in human plasma by equilibrium dialysis method,16546774,unknown,human
Clc1ccc2nsnc2c1NC1=NCCN1,=,1.3851143844474625,,CHEMBL1043580,CHEMBL1156824,Fraction unbound in human plasma,2993422,unknown,human
Cn1c(-c2cc(=O)c(O)c[nH]2)nn(S(=O)(=O)NC(=O)N2C[C@H](NC(=O)/C(=N\OC(C)(C)C(=O)O)c3csc(N)n3)C2=O)c1=O,=,0.0585156666555915,,CHEMBL3584212,CHEMBL3580646,Unbound fraction in human plasma after 16 hrs by LC-MS/MS analysis,15615658,unknown,human
Cn1c(=O)[nH]c2c(C(=O)Nc3ccc4c(c3)CNC4)cc(Br)cc21,=,0.9421539390478172,,CHEMBL5674857,CHEMBL5674856,"Human plasma protein binding is determined by spiking test compound into plasma and dialyzing against buffer until equilibrium. Verapamil as test compound is used as reference. Peak areas of compound in both plasma and buffer are determined using HPLC-MS/MS and plasma protein-bound of compound is calculated. The assay has been performed by Enamine biological services, Bienta Ltd.",26265173,unknown,human
Cn1c(=O)[nH]c2c(Cl)cc3c(c21)CN(CC(F)(F)F)C(=O)[C@H](CC(=O)N1CCC(N2CCc4ccccc4NC2=O)CC1)C3,=,-0.331829054134549,,CHEMBL4835959,CHEMBL4834433,"Fraction unbound in plasma of human CGRPalpha-induced migraine marmoset model at 7 mg/kg, sc measured after 15 to 105 mins",23274837,unknown,human
Cn1c(=O)c2c(ncn2C)n(C)c1=O,=,1.3400682335047578,,CHEMBL1043580,CHEMBL1156824,Fraction unbound in human plasma,2993336,unknown,human
Cn1c(=O)c2ccc(-c3cncnc3)cc2n2nc(-c3ccccc3)cc12,=,-0.8626845637357965,,CHEMBL3295865,CHEMBL3286359,Fraction unbound in human plasma,14712584,unknown,human
Cn1c(=O)c2nc[nH]c2n(C)c1=O.O,=,1.3159350068786804,,CHEMBL1043580,CHEMBL1156824,Fraction unbound in human plasma,2993300,unknown,human
Cn1c(=O)n(C2CCC(=O)NC2=O)c2cccc(C#CCOC3CCN(C[C@H]4CC[C@H](n5cc(NC(=O)c6cnn7ccc(N8C[C@H]9C[C@@H]8CO9)nc67)c(C(F)F)n5)CC4)CC3)c21,=,-0.2512281700195782,,CHEMBL6072042,CHEMBL6071144,Protein binding in human plasma assessed as unbound fraction by ultracentrifugation based UPLC-MS/MS analysis,29056896,unknown,human
Cn1c(=O)n(CC(=O)N2CCC2)c2cc(-c3ccc(C(F)(F)F)s3)cnc21,=,0.016601482274423,,CHEMBL4728923,CHEMBL4725355,Protein binding in human plasma assessed as unbound fraction at 0.5 uM after 6 hrs by equilibrium dialysis method,22889036,unknown,human
Cn1c(=O)n([C@H]2CCC(=O)NC2=O)c2cccc(C#CCOC3CCN(C[C@H]4CC[C@H](n5cc(NC(=O)c6cnn7ccc(N8C[C@H]9C[C@@H]8CO9)nc67)c(C(F)F)n5)CC4)CC3)c21,=,-0.354174022001789,,CHEMBL6140266,CHEMBL6134898,Protein binding in human plasma assessed as free fraction at 5 uM incubated for 18 hrs by LC-MS/MS analysis,29265232,unknown,human
Cn1c(C(C)(C)C)nc(C(=O)NCc2ccc(F)cc2C(=O)NCC(F)(F)F)c(O)c1=O,=,-0.7505149849490745,,CHEMBL927109,CHEMBL1144749,Fraction unbound in human plasma proteins after 1 hr,2159749,unknown,human
Cn1c(C(C)(C)C)nc(C(=O)NCc2ccc(F)cc2C(N)=O)c(O)c1=O,=,0.1501648857742756,,CHEMBL927109,CHEMBL1144749,Fraction unbound in human plasma proteins after 1 hr,2159745,unknown,human
Cn1c(CO)c(-c2ccccc2)c2cc([N+](=O)[O-])ccc21,=,-1.0072963022393624,,CHEMBL3390702,CHEMBL3352238,Fraction unbound in human plasma,15076085,unknown,human
Cn1c([S+](C)[O-])nc(-c2ccc(F)cc2)c1-c1ccnc(N)c1,=,1.2159768546692298,,CHEMBL4030608,CHEMBL4028848,Fraction unbound in human plasma,18139135,unknown,human
Cn1c2c(c(=O)n(C)c1=O)C(C(F)(F)F)(C(F)(F)F)N=C(c1cccc([N+](=O)[O-])c1)N2,=,-1.0989455213580468,,CHEMBL3993861,CHEMBL3992536,Fraction unbound in human plasma at 5 uM after 4 hrs by LC-MS/MS based equilibrium dialysis method,17957079,unknown,human
Cn1c2c(c(=O)n(C)c1=O)C(C(F)(F)F)(C(F)(F)F)NC(c1ccc(Cl)cc1)=N2,=,-0.929807991579814,,CHEMBL3993861,CHEMBL3992536,Fraction unbound in human plasma at 5 uM after 4 hrs by LC-MS/MS based equilibrium dialysis method,17957080,unknown,human
Cn1cc(-c2ccc(C(=O)N[C@@H]3CCN(c4ncc(Cl)c5c(N)noc45)C3)c(Cl)c2)ccc1=O,=,-1.2111151001447686,,CHEMBL4018090,CHEMBL4017471,Unbound plasma concentration in human at 10 uM measured after 4 hrs by equilibrium dialysis method,18083607,unknown,human
Cn1cc(-c2ccc(C(=O)N[C@@H]3CCN(c4ncc(Cl)c5c(N)noc45)C3)c(Cl)c2)cnc1=O,=,-0.4837793026341161,,CHEMBL4018090,CHEMBL4017471,Unbound plasma concentration in human at 10 uM measured after 4 hrs by equilibrium dialysis method,18083613,unknown,human
Cn1cc(-c2ccc(C(F)(F)F)cc2)c2cc(F)c(C(=O)NS(=O)(=O)C3CC3)cc21,=,-1.4473760577670187,,CHEMBL4373225,CHEMBL4371076,Fraction unbound in human plasma,19123638,unknown,human
Cn1cc(-c2ccc(C(F)(F)F)cc2)c2cc(F)c(C(=O)NS(C)(=O)=O)cc21,=,-1.5595456365537408,,CHEMBL4373225,CHEMBL4371076,Fraction unbound in human plasma,19123637,unknown,human
Cn1cc(-c2ccc(C(F)(F)F)cc2)c2ccc(C(=O)NS(=O)(=O)C3CC3)cc21,=,-1.5595456365537408,,CHEMBL4373225,CHEMBL4371076,Fraction unbound in human plasma,19123636,unknown,human
Cn1cc(-c2ccc(C(F)F)cc2)c2cc(F)c(C(=O)NS(=O)(=O)C3CC3)cc21,=,-1.3557268386483343,,CHEMBL4373225,CHEMBL4371076,Fraction unbound in human plasma,19123639,unknown,human
Cn1cc(-c2ccc(Cc3cc(C(=O)NC4CCOCC4)nc4c3ccn4C)cn2)cn1,=,-0.0536539121311303,,CHEMBL4237188,CHEMBL4229572,Protein binding in human plasma assessed as unbound fraction at 5 uL measured after 4 hrs by LC-MS/MS based equilibrium dialysis method,18683833,unknown,human
Cn1cc(-c2ccc(Cc3cc(C(=O)N[C@@H]4CCCC[C@H]4O)nc4c3ccn4C)cn2)cn1,=,-0.0536539121311303,,CHEMBL4237188,CHEMBL4229572,Protein binding in human plasma assessed as unbound fraction at 5 uL measured after 4 hrs by LC-MS/MS based equilibrium dialysis method,18683834,unknown,human
Cn1cc(-c2ccc(F)c(C(F)(F)F)c2)nc1C1CCN(c2ncnc(N)c2-c2ccc(F)cc2)CC1,=,-2.0201457517494346,,CHEMBL4825324,CHEMBL4823315,Protein binding in human plasma assessed as unbound fraction,23225139,unknown,human
Cn1cc(-c2ccc3c(c2)C(=O)Nc2cccc(n2)-c2nncn2CCCCO3)cn1,=,-1.6412404906477542,,CHEMBL4324216,CHEMBL4321844,Unbound fraction in human plasma at 1 uM incubated for 4 hrs by rapid equilibrium dialysis method,18924426,unknown,human
Cn1cc(-c2cn3nccc3c(-c3cnn([C@]4(CC#N)C[C@@H](C#N)C4)c3)n2)cn1,=,1.0780232135954766,,CHEMBL4675818,CHEMBL4673239,Fraction unbound in human plasma,22429229,unknown,human
Cn1cc(-c2cn3nccc3c(-c3cnn([C@]4(CC#N)C[C@H](C#N)C4)c3)n2)cn1,=,1.022112421788494,,CHEMBL4675818,CHEMBL4673239,Fraction unbound in human plasma,22429230,unknown,human
Cn1cc(C(=O)N[C@@H]2CCc3cc(-c4noc(C(F)F)n4)ccc32)cn1,=,0.1243808234872447,,CHEMBL4833484,CHEMBL4831540,Plasma protein binding in human assessed as unbound fraction,23263288,unknown,human
Cn1cc(C(=O)N[C@@H]2CCc3cc(-c4noc(C5CC5)n4)ccc32)cn1,=,0.1154836176471022,,CHEMBL4833484,CHEMBL4831540,Plasma protein binding in human assessed as unbound fraction,23263287,unknown,human
Cn1cc(C(=O)O)c2ccc(N3CCC(OCc4c(-c5c(Cl)cccc5Cl)noc4C4CC4)CC3)cc21,=,-0.1658234909178525,,CHEMBL3749552,CHEMBL3745677,Fraction unbound in human plasma,16426612,unknown,human
Cn1cc(C(=O)O)c2ccc(N3CCC(OCc4c(-c5c(Cl)cccc5Cl)noc4C4CC4)CC3)cc21,=,-2.9654792087669,,CHEMBL4702833,CHEMBL4699523,Fraction unbound in human plasma,22763475,unknown,human
Cn1cc(NC(=O)[C@@H]2CCCC[C@H]2C(=O)c2ccc(-c3cc[nH]n3)cc2)c(C(F)(F)F)n1,=,0.1746906770489424,,CHEMBL4351278,CHEMBL4350955,Protein binding in human plasma assessed as unbound fraction by LC-MS based equilibrium dialysis analysis,19037432,unknown,human
Cn1cc(Nc2nccc(-c3ccc4c(c3)CCCC[C@H]4NC(=O)c3cn(C(C)(C)C)nn3)n2)cn1,=,-0.7026045584107611,,CHEMBL5043210,CHEMBL5042486,Protein binding in human plasma assessed as unbound fraction at 2 uM by rapid equilibrium dialysis method,24398571,unknown,human
Cn1cc(Nc2nccc(-c3ccc4c(c3)CCCC[C@H]4NC(=O)c3nc(C(C)(C)C)no3)n2)cn1,=,-0.8626845637357965,,CHEMBL5043210,CHEMBL5042486,Protein binding in human plasma assessed as unbound fraction at 2 uM by rapid equilibrium dialysis method,24398570,unknown,human
Cn1cc(Nc2nccc(-c3ccc4c(c3)CCCC[C@H]4NC(=O)c3nnc(C(C)(C)C)o3)n2)cn1,=,-0.0412414541546705,,CHEMBL5043210,CHEMBL5042486,Protein binding in human plasma assessed as unbound fraction at 2 uM by rapid equilibrium dialysis method,24398568,unknown,human
Cn1cc(Nc2nccc(-c3ccc4c(c3)CCCC[C@H]4NC(=O)c3noc(C(C)(C)C)n3)n2)cn1,=,-0.7505149849490745,,CHEMBL5043210,CHEMBL5042486,Protein binding in human plasma assessed as unbound fraction at 2 uM by rapid equilibrium dialysis method,24398569,unknown,human
Cn1cc(Nc2nccc(-c3ccc4c(c3)CCNC[C@H]4NC(=O)c3cn(C(C)(C)C)nn3)n2)cn1,=,0.4985954221832476,,CHEMBL5043210,CHEMBL5042486,Protein binding in human plasma assessed as unbound fraction at 2 uM by rapid equilibrium dialysis method,24398572,unknown,human
Cn1cc(Nc2nccc(-c3ccc4c(c3)CN(C3COC3)CC[C@H]4NC(=O)c3cn(C(C)(C)C)nn3)n2)cn1,=,0.8872617474008635,,CHEMBL5043210,CHEMBL5042486,Protein binding in human plasma assessed as unbound fraction at 2 uM by rapid equilibrium dialysis method,24398577,unknown,human
Cn1cc(Nc2nccc(-c3ccc4c(c3)CN(C3COC3)CC[C@H]4NC(=O)c3cn(C(C)(C)C)nn3)n2)cn1,=,0.8872617474008635,,CHEMBL5043320,CHEMBL5042486,Protein binding in human plasma assessed as unbound fraction,24398774,unknown,human
Cn1cc(Nc2nccc(-c3ccc4c(c3)CN(CC(F)(F)F)CC[C@H]4NC(=O)c3cn(C(C)(C)C)nn3)n2)cn1,=,-0.4020844485401025,,CHEMBL5043210,CHEMBL5042486,Protein binding in human plasma assessed as unbound fraction at 2 uM by rapid equilibrium dialysis method,24398575,unknown,human
Cn1cc(Nc2nccc(-c3ccc4c(c3)CNCC[C@H]4NC(=O)c3cn(C(C)(C)C)nn3)n2)cn1,=,0.7024142200886537,,CHEMBL5043210,CHEMBL5042486,Protein binding in human plasma assessed as unbound fraction at 2 uM by rapid equilibrium dialysis method,24398573,unknown,human
Cn1cc(Nc2nccc(N3C[C@H]4CC[C@H](C3)N4C(=O)[C@@H]3CC3(F)F)n2)cn1,=,1.3159350068786804,,CHEMBL4411546,CHEMBL4411260,Fraction unbound in human plasma,19292296,unknown,human
Cn1cc(S(=O)(=O)N2CCC(Nc3ncc(C(F)(F)F)c(-c4cnn(CC(F)(F)F)c4)n3)CC2)cn1,=,0.1417163002289445,,CHEMBL5529971,CHEMBL5528049,Protein binding in human plasma assessed as free fraction incubated for 2 hrs by LC-MS/MS analysis,25927773,unknown,human
Cn1cc2c(-c3cc(F)c(CN4C=CC5=NCCN5C4=O)c(F)c3)cccc2n1,=,-0.0536539121311303,,CHEMBL3824957,CHEMBL3822368,Fraction unbound in human plasma,16640370,unknown,human
Cn1cc2c(-c3cc(F)c(CN4CCc5ncccc5C4=O)c(F)c3)cccc2n1,=,-0.7505149849490745,,CHEMBL3824957,CHEMBL3822368,Fraction unbound in human plasma,16640369,unknown,human
Cn1cc2c(-c3cc(F)c(CN4Cc5cnn(CC6CCCO6)c5C4=O)c(F)c3)cccc2n1,=,-0.2899148697533803,,CHEMBL4813503,CHEMBL4811299,Protein binding in human plasma assessed as unbound fraction measured after 4 hrs by equilibrium dialysis assay,23167444,unknown,human
Cn1cc2c(-c3cc(F)c(Cn4c(=O)cnc5ccccc54)c(F)c3)cccc2n1,=,-0.7505149849490745,,CHEMBL3824957,CHEMBL3822368,Fraction unbound in human plasma,16640368,unknown,human
Cn1cc2c(-c3cc(F)c(Cn4cnc5ccccc5c4=O)c(F)c3)cccc2n1,=,-0.7505149849490745,,CHEMBL3824957,CHEMBL3822368,Fraction unbound in human plasma,16640366,unknown,human
Cn1cc2c(-c3cc(F)c(Cn4cnc5cnccc5c4=O)c(F)c3)cccc2n1,=,-0.7505149849490745,,CHEMBL3824957,CHEMBL3822368,Fraction unbound in human plasma,16640367,unknown,human
Cn1cc2c(C(=O)Nc3ccc4c(c3)CNC4)cc(F)cc2n1,=,1.3241088293633465,,CHEMBL5674857,CHEMBL5674856,"Human plasma protein binding is determined by spiking test compound into plasma and dialyzing against buffer until equilibrium. Verapamil as test compound is used as reference. Peak areas of compound in both plasma and buffer are determined using HPLC-MS/MS and plasma protein-bound of compound is calculated. The assay has been performed by Enamine biological services, Bienta Ltd.",26265353,unknown,human
Cn1cc2c(n1)c(=O)n(-c1cccnc1C1CC1)c1cc(Cl)c(F)cc21,=,0.1666476413497083,,CHEMBL5512271,CHEMBL5506071,Plasma protein binding in human assessed as unbound fraction,25870139,unknown,human
Cn1cc2c3cc(C(=O)O)ccc3n(-c3ccc(C(F)(F)F)cc3)c2n1,=,-1.2111151001447686,,CHEMBL5149079,CHEMBL5143725,Fraction unbound in human plasma,24857343,unknown,human
Cn1cc2cc(-c3cc(F)c(CN4CCn5nccc5C4=O)c(F)c3)ccc2n1,=,0.0585156666555915,,CHEMBL3824957,CHEMBL3822368,Fraction unbound in human plasma,16640371,unknown,human
Cn1cc2cc(-c3cc(F)c(Cn4c(=O)cnc5ncccc54)c(F)c3)ccc2n1,=,-0.0536539121311303,,CHEMBL3824957,CHEMBL3822368,Fraction unbound in human plasma,16640372,unknown,human
Cn1cc2cc(-c3cc4[nH]nc(C5CC5)c4n(-c4ccc(OC(F)F)cc4)c3=O)ccc2n1,=,-0.1658234909178525,,CHEMBL5521400,CHEMBL5518219,Plasma protein binding in human assessed as free fraction by equilibrium dialysis,25897673,unknown,human
Cn1cc2cc(-c3ccc(CN4Cc5ncsc5C4=O)c(F)c3)ccc2n1,=,0.0585156666555915,,CHEMBL4813503,CHEMBL4811299,Protein binding in human plasma assessed as unbound fraction measured after 4 hrs by equilibrium dialysis assay,23167443,unknown,human
Cn1ccc(-c2ccc(Cc3cc(C(=O)NC4CCOCC4)nc4c3ccn4C)cc2)n1,=,-0.4020844485401025,,CHEMBL4237188,CHEMBL4229572,Protein binding in human plasma assessed as unbound fraction at 5 uL measured after 4 hrs by LC-MS/MS based equilibrium dialysis method,18683832,unknown,human
Cn1ccc(-c2ccc(Cc3cc(C(=O)N[C@@H]4CCCC[C@H]4O)nc4c3ccn4C)cn2)n1,=,0.4985954221832476,,CHEMBL4237188,CHEMBL4229572,Protein binding in human plasma assessed as unbound fraction at 5 uL measured after 4 hrs by LC-MS/MS based equilibrium dialysis method,18683835,unknown,human
Cn1ccc(-c2ccc(Cc3cc(C(=O)N[C@@H]4CCOC[C@H]4O)nc4c3ccn4C)cc2)n1,=,-0.4020844485401025,,CHEMBL4237188,CHEMBL4229572,Protein binding in human plasma assessed as unbound fraction at 5 uL measured after 4 hrs by LC-MS/MS based equilibrium dialysis method,18683837,unknown,human
Cn1ccc(-c2cn3nccc3c(-c3cnn([C@]4(CC#N)C[C@@H](C#N)C4)c3)n2)n1,=,0.7553767394735358,,CHEMBL4675818,CHEMBL4673239,Fraction unbound in human plasma,22429227,unknown,human
Cn1ccc(CN(C(=O)Cn2nnc3ccccc32)c2ccc(NC(=O)C3CC3)cc2)c1,=,0.0379953069875534,,CHEMBL5257315,CHEMBL5257019,Plasma protein binding in human assessed as unbound fraction,25087290,unknown,human
Cn1ccc([C@H]2C[C@@H](C(F)(F)F)CCN2[C@H]2CCOc3cc(S(=O)(=O)Nc4ccncn4)c(F)cc32)n1,=,0.0684700316802619,,CHEMBL4386323,CHEMBL4385607,Protein binding in human plasma assessed as unbound fraction level at 5 uM after 4 hrs by equilibrium dialysis based LC-MS/MS analysis,19177013,unknown,human
Cn1ccc2c(Cc3ccc(-c4nccs4)cc3)cc(C(=O)N[C@@H]3CCOC[C@H]3O)nc21,=,-0.4020844485401025,,CHEMBL4237188,CHEMBL4229572,Protein binding in human plasma assessed as unbound fraction at 5 uL measured after 4 hrs by LC-MS/MS based equilibrium dialysis method,18683836,unknown,human
Cn1ccnc1SC[C@H]1CCN(S(=O)(=O)c2ccc3c(c2)CCO3)C[C@@H]1F,=,-1.9079761729627127,,CHEMBL5164535,CHEMBL5154860,Protein binding in human plasma assessed as unbound fraction at 5 uM incubated for 6 hrs by rapid equlibrium dialysis based LC/MS/MS analysis,24915285,unknown,human
Cn1ccnc1[C@]1(CNC(=O)c2cc3cc(C(F)(F)F)ccc3o2)NC(=O)NC1=O,=,0.8573908414077511,,CHEMBL4425626,CHEMBL4425099,Fraction unbound in human plasma,19402822,unknown,human
Cn1cnc(S(=O)(=O)N2CCC(Nc3ncc(C(F)(F)F)c(-c4cnn(CC(F)(F)F)c4)n3)CC2)c1,=,0.2689925619908105,,CHEMBL5529971,CHEMBL5528049,Protein binding in human plasma assessed as free fraction incubated for 2 hrs by LC-MS/MS analysis,25927774,unknown,human
Cn1cnc(S(=O)(=O)N2C[C@@H]3[C@H](C2)[C@@]3(CNC(=O)c2c(Cl)cccc2Cl)CC2CC2)c1,=,0.2947766242778414,,CHEMBL3119201,CHEMBL3112567,Fraction unbound in human plasma,13902079,unknown,human
Cn1cnc(S(=O)(=O)N2C[C@@H]3[C@H](C2)[C@@]3(CNC(=O)c2cc(Cl)cc(Cl)c2)CC2CC2)c1,=,-0.4020844485401025,,CHEMBL3119201,CHEMBL3112567,Fraction unbound in human plasma,13902074,unknown,human
Cn1cnc(S(=O)(=O)N2C[C@@H]3[C@H](C2)[C@@]3(CNC(=O)c2ccc(Cl)c(Cl)c2)CC2CC2)c1,=,-0.4020844485401025,,CHEMBL3119201,CHEMBL3112567,Fraction unbound in human plasma,13902075,unknown,human
Cn1cnc(S(=O)(=O)N2C[C@@H]3[C@H](C2)[C@@]3(CNC(=O)c2ccc(Cl)cc2)CC2CC2)c1,=,-0.1982656506346964,,CHEMBL3119201,CHEMBL3112567,Fraction unbound in human plasma,13902073,unknown,human
Cn1cnc(S(=O)(=O)N2C[C@@H]3[C@H](C2)[C@@]3(CNC(=O)c2ccc(Cl)cc2Cl)CC2CC2)c1,=,0.0585156666555915,,CHEMBL3119201,CHEMBL3112567,Fraction unbound in human plasma,13902080,unknown,human
Cn1cnc(S(=O)(=O)N2C[C@@H]3[C@H](C2)[C@@]3(CNC(=O)c2ccc(Cl)cc2Cl)c2ccccn2)c1,=,0.5760837328427963,,CHEMBL3119201,CHEMBL3112567,Fraction unbound in human plasma,13902082,unknown,human
Cn1cnc(S(=O)(=O)N2C[C@@H]3[C@H](C2)[C@@]3(CNC(=O)c2cccc(C(F)(F)F)c2)CC2CC2)c1,=,-0.0536539121311303,,CHEMBL3119201,CHEMBL3112567,Fraction unbound in human plasma,13902077,unknown,human
Cn1cnc(S(=O)(=O)N2C[C@@H]3[C@H](C2)[C@@]3(CNC(=O)c2ccccc2C(F)(F)F)CC2CC2)c1,=,0.2276531964338244,,CHEMBL3119201,CHEMBL3112567,Fraction unbound in human plasma,13902078,unknown,human
Cn1cnc(S(=O)(=O)N2C[C@@H]3[C@H](C2)[C@@]3(CNC(=O)c2ccccc2C(F)(F)F)c2ccccn2)c1,=,0.2689925619908105,,CHEMBL3119201,CHEMBL3112567,Fraction unbound in human plasma,13902081,unknown,human
Cn1cnc(S(=O)(=O)N2C[C@@H]3[C@H](C2)[C@@]3(CNC(=O)c2ccccc2Cl)CC2CC2)c1,=,-0.1982656506346964,,CHEMBL3119201,CHEMBL3112567,Fraction unbound in human plasma,13902076,unknown,human
Cn1cnc2cc(CN3CCC(OCc4ccc(Cl)c(F)c4)CC3)ccc21,=,0.5388312109918915,,CHEMBL5250281,CHEMBL5247621,Plasma protein binding in human assessed as unbound fraction,25060586,unknown,human
Cn1cnc2cc(CN3CCC(OCc4cccc(C(F)(F)F)c4)CC3)ccc21,=,-0.7505149849490745,,CHEMBL5145671,CHEMBL5143585,Protein binding in human plasma assessed as unbound fraction,24841839,unknown,human
Cn1cnc2ccc(-c3cc(F)c(Cn4cnc5cnccc5c4=O)c(F)c3)cc21,=,0.1501648857742756,,CHEMBL3824957,CHEMBL3822368,Fraction unbound in human plasma,16640374,unknown,human
Cn1cnc2ccc(-c3nc4ccc(C5CC5)cc4n(-c4ccc(OC(F)F)cc4)c3=O)cc21,=,-1.3557268386483343,,CHEMBL6099565,CHEMBL6096692,Plasma protein binding in human assessed as unbound fraction,29145436,unknown,human
Cn1cncc1-c1cc(F)ccc1CN1CCP(=O)(O)[C@](CCCCN)(C(=O)O)C1,=,1.538623328791171,,CHEMBL4835318,CHEMBL4834413,Fraction unbound in human plasma,23271031,unknown,human
Cn1nc(-c2ccc(F)cc2)cc1C1(c2ccccn2)CCN(CCc2ccccc2)CC1.O=C(O)C(F)(F)F,=,-0.7505149849490745,,CHEMBL3239291,CHEMBL3233009,Fraction unbound in human 100% plasma,14575489,unknown,human
Cn1nc(-c2ccccc2F)cc1CNC(=O)c1cc(-c2ccco2)ccc1Cl,=,-1.5595456365537408,,CHEMBL6098584,CHEMBL6096671,Plasma protein binding in human assessed as unbound fraction incubated for 4 hrs by LC/MS/MS analysis,29142979,unknown,human
Cn1nc(-c2cccnc2)cc1CNC(=O)c1cc(-c2ccco2)ccc1Cl,=,-0.331829054134549,,CHEMBL6098584,CHEMBL6096671,Plasma protein binding in human assessed as unbound fraction incubated for 4 hrs by LC/MS/MS analysis,29142980,unknown,human
Cn1nc(-c2cccs2)cc1CNC(=O)c1cc(-c2ccco2)ccc1Cl,=,-1.5595456365537408,,CHEMBL6098584,CHEMBL6096671,Plasma protein binding in human assessed as unbound fraction incubated for 4 hrs by LC/MS/MS analysis,29142978,unknown,human
Cn1nc(-c2ccncc2)cc1NC(=O)[C@H](Cc1ccccc1)NCC(=O)O,=,0.6432071606868136,,CHEMBL2432180,CHEMBL2429732,Fraction unbound in human plasma,13456175,unknown,human
Cn1nc(-c2ccnn2C)cc1CNC(=O)c1cc(-c2ccco2)ccc1Cl,=,-0.1982656506346964,,CHEMBL6098584,CHEMBL6096671,Plasma protein binding in human assessed as unbound fraction incubated for 4 hrs by LC/MS/MS analysis,29142981,unknown,human
Cn1nc(-c2ccnn2C)cc1CNC(=O)c1cc(-c2ccco2)ccc1Cl,=,-2.5131880266619726,,CHEMBL6098627,CHEMBL6096671,Unbound fraction in human plasma,29143039,unknown,human
Cn1nc(-c2cnc(N)c(-c3ccc(C(N)=O)c(F)c3)n2)nc1C1(c2ccccc2)CC1,=,0.7553767394735358,,CHEMBL4001609,CHEMBL4000207,Unbound fraction in human plasma,17997618,unknown,human
Cn1nc(-c2cnc(N)c(-c3ccc(C(N)=O)cc3)n2)nc1C1(c2ccccc2)CC1,=,0.8032871660118494,,CHEMBL4001609,CHEMBL4000207,Unbound fraction in human plasma,17997617,unknown,human
Cn1nc(-c2cnc(N)c(-c3cn[nH]c3)n2)nc1C1(c2ccccc2)CC1,=,1.0910805453062695,,CHEMBL4001609,CHEMBL4000207,Unbound fraction in human plasma,17997614,unknown,human
Cn1nc(-c2cnc(N)c(-c3nnc(C(C)(C)C)o3)n2)nc1C1(c2ccccc2)CC1,=,-0.1817828950592638,,CHEMBL4001609,CHEMBL4000207,Unbound fraction in human plasma,17997615,unknown,human
Cn1nc(-c2cnc3[nH]cc(C(=O)NC(C)(C)C)c3n2)c2cc(OC(F)F)ccc21,=,-1.9079761729627127,,CHEMBL2350846,CHEMBL2346624,Fraction unbound in human plasma,12717298,unknown,human
Cn1nc(-c2cnc3[nH]cc(C(=O)NC(C)(C)C)c3n2)c2ccc(Cl)cc21,=,-1.3557268386483343,,CHEMBL2350846,CHEMBL2346624,Fraction unbound in human plasma,12717302,unknown,human
Cn1nc(-c2cnc3[nH]cc(C(=O)NC(C)(C)C)c3n2)c2ccc(F)cc21,=,-1.73883864318448,,CHEMBL2350846,CHEMBL2346624,Fraction unbound in human plasma,12717301,unknown,human
Cn1nc(-c2cnc3[nH]cc(C(=O)NC(C)(C)CO)c3n2)c2ccc(Cl)cc21,=,-1.3557268386483343,,CHEMBL2350846,CHEMBL2346624,Fraction unbound in human plasma,12717299,unknown,human
Cn1nc(-c2cnc3[nH]cc(C(=O)N[C@]4(C)C[C@H](N)C4)c3n2)c2ccc(F)cc21,=,0.2947766242778414,,CHEMBL2350846,CHEMBL2346624,Fraction unbound in human plasma,12717296,unknown,human
Cn1nc(C(F)(F)F)cc1CNC(=O)c1cc(-c2ccco2)ccc1Cl,=,-0.1066164315160123,,CHEMBL6098584,CHEMBL6096671,Plasma protein binding in human assessed as unbound fraction incubated for 4 hrs by LC/MS/MS analysis,29142977,unknown,human
Cn1nc(C2CC2)c2ccc(Nc3n[nH]c4cccnc34)cc21,=,-0.354174022001789,,CHEMBL4233473,CHEMBL4229425,Fraction unbound in human plasma,18665885,unknown,human
Cn1nc(C2CC2)c2ccc(Nc3n[nH]c4ncccc34)cc21,=,-0.1982656506346964,,CHEMBL4233473,CHEMBL4229425,Fraction unbound in human plasma,18665886,unknown,human
Cn1nc(C2CC2)c2ccc(Nc3n[nH]c4nccnc34)cc21,=,-0.1982656506346964,,CHEMBL4233473,CHEMBL4229425,Fraction unbound in human plasma,18665887,unknown,human
Cn1nc(Cc2ccc(NS(N)(=O)=O)cc2)c2ccccc2c1=O,=,0.7024142200886537,,CHEMBL5375480,CHEMBL5370672,Protein binding in human plasma assessed as unbound fraction by equilibrium dialysis based LC-MS/MS analysis,25667773,unknown,human
Cn1nc2c3cc(C(=O)N4CC[C@H](O)C4)ccc3n(-c3ccc(C(F)(F)F)cc3)c2n1,=,-0.1207773399751477,,CHEMBL6104419,CHEMBL6103560,Protein binding in human plasma assessed as unbound fraction,29155582,unknown,human
Cn1ncc(-c2cc3c(N[C@@H](c4ccc5c(n4)OCCO5)C(C)(C)C)ncnc3[nH]2)c1C#N,=,-1.0072963022393624,,CHEMBL5442324,CHEMBL5442321,"To determine the human plasma protein binding, the plasma is diluted to 50 % with pH 7.4 phosphate buffer and warmed to 37 C before adding test compounds achieving 5 uM concentration. The dialysis buffer is added to one side of the chamber of the RED device, and the incubation is initiated by the addition of 300 uL of the test compound protein solution to the opposing chamber. The samples are incubated for 4 hours. Equal volumes from the buffer and the plasma chambers are transferred into separate wells. 50 uL of 50 % blank plasma are added to the buffer samples, and 50 uL of buffer are added to the 50 % plasma samples to ensure matrix matching of samples from both the free and bound fractions. Acetonitrile containing internal standard are added to precipitate the protein. The supernatants are analyzed by LC-MS/MS and the results are calculated. The assay has been performed by Concept Life Sciences Ltd.",25749821,unknown,human
Cn1ncc(-c2nn(C)c3ncnc(N4CCC4)c23)c1-c1ccc(C(F)(F)F)cc1,=,0.8256321338790893,,CHEMBL2384419,CHEMBL2380216,Fraction unbound in human plasma,13306602,unknown,human
Cn1ncc(-c2nn(C)c3ncnc(N4CCC4)c23)c1-c1ccc(C(F)(F)F)cc1,=,0.6736818853795221,,CHEMBL4017074,CHEMBL4014349,Fraction unbound in human plasma at 1 uM after 6 hrs by LC-MS/MS based equilibrium dialysis method,18079365,unknown,human
Cn1ncc(C(=O)N2CCC(Nc3cc(=O)[nH]c4cc(F)c(F)cc34)CC2)c1Cl,=,1.1038072758825077,,CHEMBL3296301,CHEMBL3286182,Fraction unbound in human plasma at 20 uM after 18 hrs by equilibrium dialysis method,14744184,unknown,human
Cn1ncc(C(=O)N2CCC(Nc3cc(=O)[nH]c4ccc(F)cc34)CC2)c1Cl,=,1.1038072758825077,,CHEMBL3296301,CHEMBL3286182,Fraction unbound in human plasma at 20 uM after 18 hrs by equilibrium dialysis method,14744183,unknown,human
Cn1ncc(C(=O)N2CCC(Nc3cc(=O)[nH]c4ccccc34)CC2)c1Cl,=,0.9591955373789416,,CHEMBL3296301,CHEMBL3286182,Fraction unbound in human plasma at 20 uM after 18 hrs by equilibrium dialysis method,14744182,unknown,human
Cn1ncc(C(=O)N2CCC(Nc3cc(=O)n(C)c4ccccc34)CC2)c1Cl,=,-0.1982656506346964,,CHEMBL3296301,CHEMBL3286182,Fraction unbound in human plasma at 20 uM after 18 hrs by equilibrium dialysis method,14744185,unknown,human
Cn1ncc(C(=O)N2[C@@H]3CC[C@H]2C[C@@H](Nc2cc(=O)n(C)c4ncccc24)C3)c1Cl,=,-0.7505149849490745,,CHEMBL3296301,CHEMBL3286182,Fraction unbound in human plasma at 20 uM after 18 hrs by equilibrium dialysis method,14744189,unknown,human
Cn1ncc(C(=O)N2[C@@H]3CC[C@H]2C[C@@H](Nc2n[nH]c4ccc(F)cc24)C3)c1Cl,=,0.2947766242778414,,CHEMBL3296301,CHEMBL3286182,Fraction unbound in human plasma at 20 uM after 18 hrs by equilibrium dialysis method,14744188,unknown,human
Cn1ncc(C(=O)N[C@@H](Cc2ccc(OC(F)(F)F)c(Cl)c2)C(=O)NC2(C#N)CC2)n1,=,0.8177018886682333,,CHEMBL4049117,CHEMBL4043300,Unbound fraction in human plasma,18227283,unknown,human
Cn1ncc(NC(=O)[C@@H]2CCCC[C@H]2C(=O)c2ccc(-c3cc[nH]n3)cc2)c1C(F)(F)F,=,0.2623344645609978,,CHEMBL4351278,CHEMBL4350955,Protein binding in human plasma assessed as unbound fraction by LC-MS based equilibrium dialysis analysis,19037433,unknown,human
Cn1ncc(NC(=O)[C@@H]2C[C@@H]3C[C@@H]3C[C@H]2C(=O)c2ccc(-c3cc[nH]n3)cc2)c1C(F)(F)F,=,0.1980753123125893,,CHEMBL4351278,CHEMBL4350955,Protein binding in human plasma assessed as unbound fraction by LC-MS based equilibrium dialysis analysis,19037436,unknown,human
Cn1ncc(S(=O)(=O)N2CCC(c3cn4ncnc4cc3Cl)CC2)c1Cl,=,0.7295926771865047,,CHEMBL5578548,CHEMBL5576133,Unbound fraction in human plasma at 5 uM incubated for 6 hrs under shaking condition by equilibrium dialysis method,26014647,unknown,human
Cn1ncc(S(=O)(=O)N2CC[C@H](C(=O)Nc3ccc4scnc4c3)[C@@H](F)C2)c1Cl,=,-0.4020844485401025,,CHEMBL5216728,CHEMBL5214935,Unbound fraction in human plasma,24964176,unknown,human
Cn1ncc2c(C(=O)Nc3ccc4c(c3)CNC4)cc(Cl)cc21,=,1.205821377816723,,CHEMBL5674857,CHEMBL5674856,"Human plasma protein binding is determined by spiking test compound into plasma and dialyzing against buffer until equilibrium. Verapamil as test compound is used as reference. Peak areas of compound in both plasma and buffer are determined using HPLC-MS/MS and plasma protein-bound of compound is calculated. The assay has been performed by Enamine biological services, Bienta Ltd.",26265468,unknown,human
Cn1ncc2cc(CN3CCC(OCc4ccc(Cl)c(F)c4)CC3)ccc21,=,-0.8034775043339566,,CHEMBL5145671,CHEMBL5143585,Protein binding in human plasma assessed as unbound fraction,24841841,unknown,human
Cn1ncc2cc(CN3CCC(OCc4ccc(Cl)c(F)c4)CC3)ccc21,=,-0.8034775043339566,,CHEMBL5250281,CHEMBL5247621,Plasma protein binding in human assessed as unbound fraction,25060589,unknown,human
Cn1ncc2cc(CN3CCC(OCc4ccc(F)c(F)c4)CC3)ccc21,=,-0.1066164315160123,,CHEMBL5145671,CHEMBL5143585,Protein binding in human plasma assessed as unbound fraction,24841840,unknown,human
Cn1ncc2cc(CN3CCC(OCc4ccc(F)c(F)c4)CC3)ccc21,=,-0.1066164315160123,,CHEMBL5250281,CHEMBL5247621,Plasma protein binding in human assessed as unbound fraction,25060588,unknown,human
Cn1ncc2cc(CN3CCC(OCc4cccc(C(F)(F)F)c4)CC3)ccc21,=,-0.7505149849490745,,CHEMBL5145671,CHEMBL5143585,Protein binding in human plasma assessed as unbound fraction,24841842,unknown,human
Cn1ncc2cc(CN3CCC(OCc4cccc(C(F)(F)F)c4)CC3)ccc21,=,-0.7505149849490745,,CHEMBL5250281,CHEMBL5247621,Plasma protein binding in human assessed as unbound fraction,25060590,unknown,human
Cn1ncc2cc(CN3CCO[C@H](COc4ccccc4)C3)ccc21,=,-0.0663806427073687,,CHEMBL3796314,CHEMBL3792377,Fraction unbound in human plasma by equilibrium dialysis method,16546772,unknown,human
Cn1ncc2cc(Nc3n[nH]c4cccnc34)ccc21,=,0.4901468366379165,,CHEMBL4233473,CHEMBL4229425,Fraction unbound in human plasma,18665881,unknown,human
Cn1ncc2ccc(Nc3n[nH]c4cccnc34)cc21,=,0.3704664392551143,,CHEMBL4233473,CHEMBL4229425,Fraction unbound in human plasma,18665882,unknown,human
Cn1nccc1-c1nccc2cc(Nc3n[nH]c4cccnc34)ccc12,=,-1.9284965326307508,,CHEMBL4665923,CHEMBL4665621,Protein binding in human plasma assessed as unbound fraction,22385546,unknown,human
Cn1nccc1CCOc1ccc(C2CCN(c3ccc4nnc(C(F)(F)F)n4n3)CC2)cc1,=,-1.6717152153404626,,CHEMBL2352668,CHEMBL2346572,Fraction unbound in human plasma by equilibrium dialysis method,12720195,unknown,human
Cn1nccc1Nc1nc(NCC(F)(F)F)c2nc[nH]c2n1,=,1.399275292906598,,CHEMBL4728145,CHEMBL4725343,Fraction unbound in human plasma after 18 hrs by equilibrium dialysis based LC-MS/MS analysis,22886168,unknown,human
Cn1nccc1Nc1nccc(-c2ccn([C@H](CO)c3ccc(Cl)c(F)c3)c(=O)c2)n1,=,0.2947766242778414,,CHEMBL4425951,CHEMBL4425105,Fraction unbound in human plasma,19403942,unknown,human
Cn1nccc1[C@H]1C[C@@H](C(F)(F)F)CCN1[C@H]1CCOc2cc(S(=O)(=O)Nc3ccncn3)c(F)cc21,=,-0.5142540273268247,,CHEMBL4386323,CHEMBL4385607,Protein binding in human plasma assessed as unbound fraction level at 5 uM after 4 hrs by equilibrium dialysis based LC-MS/MS analysis,19177012,unknown,human
Cn1nccc1[C@]1(CNC(=O)c2ccc(F)c(F)c2-c2ccc(C(F)(F)F)cc2)NC(=O)NC1=O,=,0.6107650009699698,,CHEMBL5530452,CHEMBL5528056,Fraction unbound in human plasma,25929384,unknown,human
Cn1ncn(-c2ccc(C(=O)N[C@@H]3CCN(c4ncc(Cl)c5c(N)noc45)C3)c(Cl)c2)c1=O,=,-0.5142540273268247,,CHEMBL4018090,CHEMBL4017471,Unbound plasma concentration in human at 10 uM measured after 4 hrs by equilibrium dialysis method,18083612,unknown,human
Cn1nnc(-c2c(CC(=O)N(C3CC4(CC4)C3)[C@@H](C(=O)NC34CC(C)(C3)C4)c3ccccc3Cl)cnn2C)n1,=,-1.2111151001447686,,CHEMBL6141156,CHEMBL6134910,Plasma protein binding in human assessed as unbound fraction incubated for 4 hrs by equilibrium dialysis based LC-MS/MS analysis,29267884,unknown,human
Cn1nnc(-c2ccc(NS(C)(=O)=O)cn2)c1NC(=O)O[C@H](CF)c1ccccc1,=,0.90623301799406,,CHEMBL6104063,CHEMBL6103545,Plasma protein binding in human assessed as unbound fraction incubated for 24 hrs by equilibrium dialysis based Rapidfire-QToF mass spectrometric analysis,29154147,unknown,human
Cn1nnc(-c2oncc2CC(=O)N(C2CC3(CC3)C2)[C@@H](C(=O)NC23CC(C)(C2)C3)c2cc(F)ccc2F)n1,=,-1.2111151001447686,,CHEMBL6141156,CHEMBL6134910,Plasma protein binding in human assessed as unbound fraction incubated for 4 hrs by equilibrium dialysis based LC-MS/MS analysis,29267885,unknown,human
Cn1nnc2ccc(C(=O)NC3CN(c4cc(Cl)ncc4Cl)C3)c(N)c21,=,0.3193024155525082,,CHEMBL4610695,CHEMBL4610000,Unbound fraction in human plasma,20630492,unknown,human
Cn1nnc2ccc(C(=O)NC3CN(c4cc(Cl)ncc4Cl)C3)cc21,=,0.5465058487215614,,CHEMBL4610619,CHEMBL4609996,Unbound fraction in human plasma,20630105,unknown,human
Cn1nnc2ccc(C(=O)NC3CN(c4cc(Cl)ncc4Cl)C3)cc21,=,0.5465058487215614,,CHEMBL4610695,CHEMBL4610000,Unbound fraction in human plasma,20630491,unknown,human
Cn1nnc2ccc3c(NC4CN(c5cc(Cl)ncc5Cl)C4)ncnc3c21,=,-0.3775586572654357,,CHEMBL4610695,CHEMBL4610000,Unbound fraction in human plasma,20630493,unknown,human
FC(F)(F)CNc1nc(Nc2ccsc2)nc2[nH]cnc12,=,1.538623328791171,,CHEMBL4728145,CHEMBL4725343,Fraction unbound in human plasma after 18 hrs by equilibrium dialysis based LC-MS/MS analysis,22886167,unknown,human
FC(F)(F)COc1cccn2nc(N[C@@H]3[C@@H]4CC[C@H]3CN(c3ccnc(C(F)(F)F)c3)C4)nc12,=,-0.6588657658303905,,CHEMBL4622176,CHEMBL4619803,Fraction unbound in human plasma,20678269,unknown,human
FC(F)(F)c1c(OC[C@H]2C[C@@H]2c2ccc(Cl)cc2)ccn2c(CC3CC3)nnc12,=,-1.5595456365537408,,CHEMBL3876542,CHEMBL3875193,Protein binding in human plasma assessed as fraction unbound,16839215,unknown,human
FC(F)(F)c1ccc(-c2ccc3nccc(NC4CCNCC4)c3n2)cn1,=,0.9591955373789416,,CHEMBL5525775,CHEMBL5523726,Protein binding in human plasma assessed as unbound fraction at 5 uM incubated for 5 hrs by LC-MS/MS method,25912348,unknown,human
FC(F)(F)c1ccc(-c2ccc3nccc(N[C@@H]4CCNC4)c3n2)cn1,=,0.7024142200886537,,CHEMBL5525775,CHEMBL5523726,Protein binding in human plasma assessed as unbound fraction at 5 uM incubated for 5 hrs by LC-MS/MS method,25912347,unknown,human
FC(F)(F)c1ccc(Nc2ccnc3nc(-c4ncccc4C(F)(F)F)ccc23)nc1,=,0.1904006745829195,,CHEMBL1114421,CHEMBL1156178,Fraction unbound in human plasma,3253628,unknown,human
FC(F)(F)c1ccc(Nc2noc3c(C(F)(F)F)cccc23)cc1,=,-0.929807991579814,,CHEMBL1044418,CHEMBL1156003,Fraction unbound in human plasma at 0.2 to 25 uM,3021544,unknown,human
FC(F)(F)c1cccc(COC2CCN(Cc3cc4ccc(Cl)cc4[nH]3)CC2)c1,=,-1.9079761729627127,,CHEMBL5145671,CHEMBL5143585,Protein binding in human plasma assessed as unbound fraction,24841844,unknown,human
FC(F)(F)c1cccc(COC2CCN(Cc3ccc4[nH]cnc4c3)CC2)c1,=,-0.2899148697533803,,CHEMBL5145671,CHEMBL5143585,Protein binding in human plasma assessed as unbound fraction,24841837,unknown,human
FC(F)(F)c1cccc(COC2CCN(Cc3cn4ccccc4n3)CC2)c1,=,-0.4550469679249845,,CHEMBL5145671,CHEMBL5143585,Protein binding in human plasma assessed as unbound fraction,24841830,unknown,human
FC(F)(F)c1cccc(COC2CCN(Cc3cn4ccccc4n3)CC2)c1,=,-0.354174022001789,,CHEMBL5250281,CHEMBL5247621,Plasma protein binding in human assessed as unbound fraction,25060596,unknown,human
FC(F)(F)c1nccc2cc(Nc3n[nH]c4ncccc34)ccc12,=,-0.5142540273268247,,CHEMBL5258206,CHEMBL5257040,Protein binding in human plasma assessed as fraction unbound incubated for 4 hrs by equilibrium dialysis based LC/MS/MS analysis,25090974,unknown,human
FC(F)c1nccc2cc(Nc3n[nH]c4cccnc34)ccc12,=,-2.5131880266619726,,CHEMBL4665923,CHEMBL4665621,Protein binding in human plasma assessed as unbound fraction,22385545,unknown,human
FC(F)c1nnc(-c2ccc(Cn3nnc(-c4ccccn4)n3)nc2)o1,=,0.5388312109918915,,CHEMBL5373342,CHEMBL5370608,Plasma protein binding in human assessed as unbound fraction,25660066,unknown,human
FCCCN1CC(Nc2ccc([C@@H]3c4ccc5[nH]ncc5c4C[C@@H](C(F)F)N3CC(F)F)nc2)C1,=,0.9245142692517684,,CHEMBL4731984,CHEMBL4725497,Fraction unbound in human plasma by equilibrium dialysis method,22902480,unknown,human
Fc1cc(CN2CCO[C@H](COc3ccccc3)C2)ccc1C(F)(F)F,=,-1.5595456365537408,,CHEMBL3796314,CHEMBL3792377,Fraction unbound in human plasma by equilibrium dialysis method,16546767,unknown,human
Fc1cc(CN2CCO[C@H](COc3ccccc3)C2)ccc1Cl,=,-1.0072963022393624,,CHEMBL3796314,CHEMBL3792377,Fraction unbound in human plasma by equilibrium dialysis method,16546765,unknown,human
Fc1cc(COC2CCN(Cc3ccc4[nH]cnc4c3)CC2)ccc1Cl,=,0.2755636229721379,,CHEMBL5145671,CHEMBL5143585,Protein binding in human plasma assessed as unbound fraction,24841836,unknown,human
Fc1cc(COC2CCN(Cc3ccc4[nH]cnc4c3)CC2)ccc1Cl,=,0.2755636229721379,,CHEMBL5250281,CHEMBL5247621,Plasma protein binding in human assessed as unbound fraction,25060585,unknown,human
Fc1cc(COC2CCN(Cc3ccc4[nH]ncc4c3)CC2)ccc1Cl,=,0.2276531964338244,,CHEMBL5250281,CHEMBL5247621,Plasma protein binding in human assessed as unbound fraction,25060587,unknown,human
Fc1cc(COC2CCN(Cc3cn4ccccc4n3)CC2)ccc1Cl,=,-0.4550469679249845,,CHEMBL5145671,CHEMBL5143585,Protein binding in human plasma assessed as unbound fraction,24841831,unknown,human
Fc1cc(COC2CCN(Cc3cn4ccccc4n3)CC2)ccc1Cl,=,-0.4550469679249845,,CHEMBL5250281,CHEMBL5247621,Plasma protein binding in human assessed as unbound fraction,25060595,unknown,human
Fc1cc(COC2CCN(Cc3ncc4ccccn34)CC2)ccc1Cl,=,-0.7505149849490745,,CHEMBL5145671,CHEMBL5143585,Protein binding in human plasma assessed as unbound fraction,24841832,unknown,human
Fc1cc(NC2=NCC3(CCOCC3)CO2)cc(F)c1Oc1ccnc2[nH]cc(C3(C(F)(F)F)CC3)c12,=,-0.1222156213768918,,CHEMBL6122693,CHEMBL6120966,Protein binding in human plasma assessed as unbound fraction at 3 uM incubated for 6 to 8 hrs by equilibrium dialysis method,29211451,unknown,human
Fc1ccc(-c2cc(C3(c4ccccc4)CCN(CCc4ccccc4)CC3)[nH]n2)cc1.O=C(O)C(F)(F)F,=,0.2276531964338244,,CHEMBL3239291,CHEMBL3233009,Fraction unbound in human 100% plasma,14575487,unknown,human
Fc1ccc(CC[C@@H]2CN(Cc3c[nH]c4cc(Cl)ccc34)CCC2(F)F)cc1,=,-1.9079761729627127,,CHEMBL3870262,CHEMBL3868641,Unbound fraction in human plasma by HPLC/MS based equilibrium dialysis method,16807485,unknown,human
Fc1ccc(CC[C@@H]2CN(Cc3c[nH]c4cc(F)ccc34)CCC2(F)F)cc1,=,-1.2111151001447686,,CHEMBL3870262,CHEMBL3868641,Unbound fraction in human plasma by HPLC/MS based equilibrium dialysis method,16807483,unknown,human
Fc1ccc(CN2CCCC23CCN(Cc2cn4ccccc4n2)C3)cc1F,=,-0.2512281700195782,,CHEMBL5250281,CHEMBL5247621,Plasma protein binding in human assessed as unbound fraction,25060606,unknown,human
Fc1ccc(CN2CCN(C3=Nn4c(nnc4C(F)(F)F)CC3)CC2)cc1,=,0.4985954221832476,,CHEMBL2352668,CHEMBL2346572,Fraction unbound in human plasma by equilibrium dialysis method,12720196,unknown,human
Fc1ccc(CN2CCN(c3ccc4nnc(C(F)(F)F)n4n3)CC2)cc1,=,-0.4020844485401025,,CHEMBL2352668,CHEMBL2346572,Fraction unbound in human plasma by equilibrium dialysis method,12720200,unknown,human
Fc1ccc(COC2CCN(Cc3ccc4[nH]cnc4c3)CC2)cc1F,=,0.823441807943151,,CHEMBL5145671,CHEMBL5143585,Protein binding in human plasma assessed as unbound fraction,24841838,unknown,human
Fc1ccc(COC2CCN(Cc3ccc4[nH]cnc4c3)CC2)cc1F,=,0.823441807943151,,CHEMBL5250281,CHEMBL5247621,Plasma protein binding in human assessed as unbound fraction,25060584,unknown,human
Fc1ccc(COC2CCN(Cc3cn4ccccc4n3)CC2)cc1F,=,0.1666476413497083,,CHEMBL5145671,CHEMBL5143585,Protein binding in human plasma assessed as unbound fraction,24841829,unknown,human
Fc1ccc(COC2CCN(Cc3cn4ccccc4n3)CC2)cc1F,=,0.1666476413497083,,CHEMBL5250281,CHEMBL5247621,Plasma protein binding in human assessed as unbound fraction,25060594,unknown,human
Fc1ccc(CO[C@H]2CCCN(Cc3cn4ccccc4n3)C2)cc1F,=,-1.5595456365537408,,CHEMBL5145671,CHEMBL5143585,Protein binding in human plasma assessed as unbound fraction,24841826,unknown,human
Fc1ccc(CO[C@H]2CCCN(Cc3ncn4ccccc34)C2)cc1F,=,-0.0663806427073687,,CHEMBL5145671,CHEMBL5143585,Protein binding in human plasma assessed as unbound fraction,24841827,unknown,human
Fc1ccc(Nc2n[nH]c3cccnc23)cc1Cl,=,-0.4837793026341161,,CHEMBL4233473,CHEMBL4229425,Fraction unbound in human plasma,18665880,unknown,human
Fc1ccc(OC[C@@H]2CN(Cc3cn4ccccc4n3)CCO2)cc1F,=,-0.3104352294214184,,CHEMBL5250281,CHEMBL5247621,Plasma protein binding in human assessed as unbound fraction,25060597,unknown,human
Fc1ccc(OCc2cc(OCC3(F)COC3)nc(-c3ccccn3)n2)c(F)c1F,=,-0.5466961870436686,,CHEMBL3744113,CHEMBL3739339,Fraction unbound in human plasma,16403291,unknown,human
Fc1ccc([C@@H]2CN(CCc3ccccc3)CC[C@H]2c2cc(-c3ccc(Cl)cc3)n[nH]2)cc1.O=C(O)C(F)(F)F,=,-0.1982656506346964,,CHEMBL3239291,CHEMBL3233009,Fraction unbound in human 100% plasma,14575484,unknown,human
Fc1ccc([C@]2(CCNCc3cccc(Cl)c3)CCO[C@]3(CCOC3)C2)nc1,=,1.022112421788494,,CHEMBL5043383,CHEMBL5042488,Plasma protein binding in human plasma assessed as unbound fraction,24399150,unknown,human
Fc1ccc2[nH]cc(CN3CCC(F)(F)[C@@H](CCc4ccccc4)C3)c2c1,=,-1.9079761729627127,,CHEMBL3870262,CHEMBL3868641,Unbound fraction in human plasma by HPLC/MS based equilibrium dialysis method,16807482,unknown,human
Fc1ccc2c(CN3CCC(F)(F)[C@H](CCc4ccccc4)C3)c[nH]c2c1,=,-1.9079761729627127,,CHEMBL3870262,CHEMBL3868641,Unbound fraction in human plasma by HPLC/MS based equilibrium dialysis method,16807481,unknown,human
Fc1ccc2c(CN3CCC(F)(F)[C@H](CCc4ccccc4F)C3)c[nH]c2c1,=,-1.0989455213580468,,CHEMBL3870262,CHEMBL3868641,Unbound fraction in human plasma by HPLC/MS based equilibrium dialysis method,16807488,unknown,human
Fc1ccc2c(CN3CCO[C@H](COc4cccc(Cl)n4)C3)c[nH]c2c1,=,-0.5466961870436686,,CHEMBL3796314,CHEMBL3792377,Fraction unbound in human plasma by equilibrium dialysis method,16546780,unknown,human
Fc1ccc2c(CN3CCO[C@H](COc4cccc(F)n4)C3)c[nH]c2c1,=,-0.8034775043339566,,CHEMBL3796314,CHEMBL3792377,Fraction unbound in human plasma by equilibrium dialysis method,16546779,unknown,human
Fc1ccc2c(CN3CCO[C@H](COc4ccccc4)C3)c[nH]c2c1,=,-0.4837793026341161,,CHEMBL3796314,CHEMBL3792377,Fraction unbound in human plasma by equilibrium dialysis method,16546776,unknown,human
Fc1cccc(CN2CCN(c3ccc4nnc(C(F)(F)F)n4n3)CC2)c1F,=,-0.4837793026341161,,CHEMBL2352668,CHEMBL2346572,Fraction unbound in human plasma by equilibrium dialysis method,12720199,unknown,human
Fc1cccc(COC2CCN(Cc3cn4ccccc4n3)CC2)c1,=,0.2276531964338244,,CHEMBL5145671,CHEMBL5143585,Protein binding in human plasma assessed as unbound fraction,24841828,unknown,human
Fc1cccc(COC2CCN(Cc3ncn4ccccc34)CC2)c1,=,-0.331829054134549,,CHEMBL5145671,CHEMBL5143585,Protein binding in human plasma assessed as unbound fraction,24841833,unknown,human
Fc1ccccc1CC[C@@H]1CN(Cc2c[nH]c3cc(Cl)ccc23)CCC1(F)F,=,-1.0989455213580468,,CHEMBL3870262,CHEMBL3868641,Unbound fraction in human plasma by HPLC/MS based equilibrium dialysis method,16807487,unknown,human
N#CC1(COc2nc(C3CC3)c(C(=O)N[C@H]3C4CC5CC3C[C@](O)(C5)C4)s2)CC1,=,0.6432071606868136,,CHEMBL3130509,CHEMBL3124933,Fraction unbound in human plasma by equilibrium dialysis method,13960391,unknown,human
N#CC1(NC(=O)[C@@H]2CCCC[C@H]2C(=O)N2CCN(c3nc4c(s3)COCC4)CC2)CC1,=,1.205821377816723,,CHEMBL2073648,CHEMBL2069241,Fraction unbound in human plasma,10992799,unknown,human
N#CC1(NC(=O)[C@@H]2CCCC[C@H]2C(=O)N2CCN(c3nc4ccccc4s3)CC2)CC1,=,0.6736818853795221,,CHEMBL2073648,CHEMBL2069241,Fraction unbound in human plasma,10992796,unknown,human
N#CC1(NC(=O)[C@@H]2CCCC[C@H]2C(=O)N2CCN(c3nc4cnccc4s3)CC2)CC1,=,1.0366838480384906,,CHEMBL2073648,CHEMBL2069241,Fraction unbound in human plasma,10992798,unknown,human
N#CC1(NC(=O)[C@@H]2CCCC[C@H]2C(=O)N2CCc3[nH]c4ccc(F)cc4c3C2)CC1,=,0.5760837328427963,,CHEMBL2168924,CHEMBL2163205,Fraction unbound in human serum,12092102,unknown,human
N#CC1(NC(=O)[C@@H]2CCCC[C@H]2C(=O)N2CCc3[nH]c4ncccc4c3C2)CC1,=,1.0071059639172557,,CHEMBL2168924,CHEMBL2163205,Fraction unbound in human serum,12092100,unknown,human
N#CC1(NC(=O)[C@H](Cc2ccc(OC(F)(F)F)c(Cl)c2)NC(=O)c2cnn(-c3ccc(F)nc3)n2)CC1,=,-0.5534436575747871,,CHEMBL4049117,CHEMBL4043300,Unbound fraction in human plasma,18227281,unknown,human
N#CC1(NC(=O)[C@H](Cc2ccc(OC(F)(F)F)c(Cl)c2)NC(=O)c2cnn(-c3cccnc3)n2)CC1,=,-0.0599770018797859,,CHEMBL4049117,CHEMBL4043300,Unbound fraction in human plasma,18227282,unknown,human
N#CC1(c2ccccc2)CCN(Cc2cc(C(=O)O)c(=O)n3ccccc23)CC1,=,0.4069462030645636,,CHEMBL1803802,CHEMBL1799933,Fraction unbound in human plasma,6286116,unknown,human
N#CC1(c2ccccn2)CCN(Cc2cc(C(=O)NC3CCOCC3)c(=O)n3ccccc23)CC1,=,1.205821377816723,,CHEMBL2211965,CHEMBL2203078,Fraction unbound in human plasma,12183271,unknown,human
N#CC1(c2ccccn2)CCN(Cc2cc3c(c4ccccc24)CN([C@H]2CCCC[C@@H]2O)C3=O)CC1,=,0.2947766242778414,,CHEMBL3363156,CHEMBL3297692,Fraction unbound in human plasma by equilibrium dialysis method,15023424,unknown,human
N#CCC(=O)N1CC2(CCC(c3cccc4nc(NC(=O)C5CC5)nn34)CC2)C1,=,1.2308354440272764,,CHEMBL5154513,CHEMBL5150077,Plasma protein binding in human assessed as unbound fraction at 2 uM incubated for 4 hrs by LC/MS/MS based balanced dialysis method,24876003,unknown,human
N#CCCCn1c(Cn2c(=O)n(C3CC3)c3ccncc32)cc2cc(Cl)ccc21,=,-0.1066164315160123,,CHEMBL4620886,CHEMBL4619758,Protein binding in human plasma assessed as unbound fraction,20672622,unknown,human
N#CCCNC(=O)[C@H](Nc1ccc2c(c1)CNC2)c1cc(Cl)cc(C2CC2)c1,=,0.2276531964338244,,CHEMBL5674857,CHEMBL5674856,"Human plasma protein binding is determined by spiking test compound into plasma and dialyzing against buffer until equilibrium. Verapamil as test compound is used as reference. Peak areas of compound in both plasma and buffer are determined using HPLC-MS/MS and plasma protein-bound of compound is calculated. The assay has been performed by Enamine biological services, Bienta Ltd.",26265358,unknown,human
N#CCNC(=O)[C@@H]1CCCC[C@H]1C(=O)N1CCN(c2ccc(C#N)cc2)CC1,=,1.2452674115423037,,CHEMBL2175117,CHEMBL2169826,Percentage unbound in human plasma,12107008,unknown,human
N#CCNC(=O)[C@@H]1CCCC[C@H]1C(=O)N1CCN(c2ccc(F)cc2)CC1,=,1.0910805453062695,,CHEMBL2175117,CHEMBL2169826,Percentage unbound in human plasma,12107010,unknown,human
N#CC[C@]1(n2cc(-c3nc(-c4cc[nH]n4)cn4nccc34)cn2)C[C@H](C#N)C1,=,0.9916376970957856,,CHEMBL4675818,CHEMBL4673239,Fraction unbound in human plasma,22429228,unknown,human
N#CN=C(NCCCCCCOc1ccc(Cl)cc1)Nc1ccncc1,=,-1.0989455213580468,,CHEMBL2423673,CHEMBL2417368,Fraction unbound in human plasma at 5 uM after 4 hrs by LC-MS/MS analysis,13427453,unknown,human
N#C[C@@H]1CC[C@H](C#N)N1C(=O)CNC1(CO)CCCC1,=,1.4330248109857762,,CHEMBL862648,CHEMBL1147795,Percent of unbound ligand in human plasma,1717987,unknown,human
N#C[C@@H]1C[C@H]1C(=O)N[C@@]12C[C@@H]1CN(c1nc(Nc3cnn(CCO)c3)ncc1F)C2,=,-1.1300489878550155,,CHEMBL4620436,CHEMBL4619733,Protein binding in human plasma assessed as free fraction at 2 uM relative to control,20669624,unknown,human
N#C[C@H]1C[C@@H]1C(=O)N[C@@]12C[C@@H]1CN(c1nc(Nc3cnn(CCO)c3)ncc1F)C2,=,-1.186589308870102,,CHEMBL4620436,CHEMBL4619733,Protein binding in human plasma assessed as free fraction at 2 uM relative to control,20669625,unknown,human
N#Cc1c(F)cc(-n2c(C(=O)NC3CC3)cc3cccnc32)cc1F,=,0.8364428517632886,,CHEMBL4730658,CHEMBL4725427,Protein binding in human plasma assessed as unbound fraction,22896900,unknown,human
N#Cc1cc(C(=O)NCCCN2CCCC2)cc(-c2ccccc2N2CCN(CCc3c[nH]c4ccccc34)CC2)c1,=,-0.0794379744181615,,CHEMBL4681719,CHEMBL4680102,Unbound fraction in human plasma by equilibrium dialysis,22454186,unknown,human
N#Cc1cc(S(=O)(=O)Nc2ccc(F)cn2)ccc1Oc1ccc(CO)c(Cl)c1,=,-0.8441789522837941,,CHEMBL3853447,CHEMBL3853264,Fraction unbound in human plasma,16663586,unknown,human
N#Cc1cc(S(=O)(=O)Nc2ncns2)ccc1Oc1ccc(-c2cccc(C(F)(F)F)c2)cc1-c1ccnc(CNCCC2CCNCC2)c1,=,-1.1019706799785436,,CHEMBL4179817,CHEMBL4177603,Protein binding in human plasma assessed as fraction unbound,18457899,unknown,human
N#Cc1cc(S(=O)(=O)Nc2ncns2)ccc1Oc1ccc(-c2cccc(C(F)(F)F)c2)cc1-c1ccnc(CNCCC2CCNCC2)c1,=,-1.9079761729627127,,CHEMBL4179928,CHEMBL4177603,Protein binding in non-human primate plasma assessed as fraction unbound at 2 uM,18458037,unknown,human
N#Cc1cc(S(=O)(=O)Nc2ncns2)ccc1Oc1ccc(C(F)(F)F)cc1-c1ccnnc1,=,-1.057473889254587,,CHEMBL4040142,CHEMBL4038312,Fraction unbound in human plasma,18183144,unknown,human
N#Cc1cc2c(cc1NC(=O)c1cc(F)cc3[nH]ncc13)CNC2,=,0.9756782929543744,,CHEMBL5674857,CHEMBL5674856,"Human plasma protein binding is determined by spiking test compound into plasma and dialyzing against buffer until equilibrium. Verapamil as test compound is used as reference. Peak areas of compound in both plasma and buffer are determined using HPLC-MS/MS and plasma protein-bound of compound is calculated. The assay has been performed by Enamine biological services, Bienta Ltd.",26265388,unknown,human
N#Cc1ccc(-c2ccc(N3CCOc4ncnc(N)c4C3=O)cc2)c(Cl)c1,=,0.3704664392551143,,CHEMBL3222766,CHEMBL3217691,Fraction unbound in human plasma,14536614,unknown,human
N#Cc1ccc(C(c2ccc(C#N)cc2)n2cncn2)cc1,=,1.1162197338589677,,CHEMBL1043580,CHEMBL1156824,Fraction unbound in human plasma,2992057,unknown,human
N#Cc1ccc(CN2CCN(c3ccc4nnc(C(F)(F)F)n4n3)CC2)cc1,=,-0.0057434855928168,,CHEMBL2352668,CHEMBL2346572,Fraction unbound in human plasma by equilibrium dialysis method,12720201,unknown,human
N#Cc1ccc(Nc2nccc(C(=O)Nc3cnccc3-c3ccc(F)cc3)n2)cc1,=,-0.7026045584107611,,CHEMBL5343427,CHEMBL5338804,Protein binding in human plasma assessed as unbound fraction at 10 uM incubated for 5 hrs by equilibrium dialysis method,25539896,unknown,human
N#Cc1ccc(OCCCN2CCC(C(O)(c3cccc(F)c3)c3nccs3)CC2)cc1,=,-0.0536539121311303,,CHEMBL3587288,CHEMBL3585303,Unbound fraction in human plasma,15626036,unknown,human
N#Cc1ccc(OCCCN2CCC(C(O)(c3ccccc3)C3CCCC3)CC2)cc1,=,-1.2111151001447686,,CHEMBL3587288,CHEMBL3585303,Unbound fraction in human plasma,15626039,unknown,human
N#Cc1ccc(OCCCN2CCC(C(O)(c3ccccn3)c3nccs3)CC2)cc1,=,0.1666476413497083,,CHEMBL3587288,CHEMBL3585303,Unbound fraction in human plasma,15626035,unknown,human
N#Cc1ccc(OCCCN2CCC(C(O)(c3nccs3)C3CCCC3)CC2)cc1,=,0.4858686916070096,,CHEMBL3587288,CHEMBL3585303,Unbound fraction in human plasma,15626038,unknown,human
N#Cc1ccc(Oc2ccc(S(=O)(=O)Nc3ccc(F)cn3)cc2C#N)cc1Cl,=,-1.816326953844029,,CHEMBL3853447,CHEMBL3853264,Fraction unbound in human plasma,16663587,unknown,human
N#Cc1ccc([C@@H]2[C@@H]3CC[C@@H](C[C@@H]3O)N2S(=O)(=O)c2ccc(Cl)cc2)cn1,=,0.6304804301105755,,CHEMBL5628725,CHEMBL5625242,Protein binding in human plasma assessed as free fraction at 5 uM incubated for 4.5 hrs by HPLC analysis,26161417,unknown,human
N#Cc1ccc2c(c1)C[C@H](CO)N[C@@H]2c1cc(F)cc(Cl)c1,=,0.5027670561411909,,CHEMBL5153269,CHEMBL5150049,Unbound fraction in human plasma,24872158,unknown,human
N#Cc1ccc2c(c1)N(CCN1CCC(NCc3ccc4c(n3)NC(=O)CO4)CC1)C(=O)CO2,=,0.8256321338790893,,CHEMBL1919742,CHEMBL1914454,Fraction unbound in human plasma at 10 uM after 16 hrs by equilibrium dialysis,7940011,unknown,human
N#Cc1ccc2ccc(=O)n(CCN3CCC(NCc4cc5c(cn4)OCCO5)CC3)c2c1,=,0.9245142692517684,,CHEMBL2167863,CHEMBL2163267,Fraction unbound in human plasma at 10 uM by equilibrium dialysis method,12084176,unknown,human
N#Cc1ccc2ccc(=O)n(CCN3CC[C@@H](NCc4cc5c(cn4)OCCO5)[C@@H](F)C3)c2c1,=,0.7553767394735358,,CHEMBL2167863,CHEMBL2163267,Fraction unbound in human plasma at 10 uM by equilibrium dialysis method,12084173,unknown,human
N#Cc1ccc2ccc(=O)n(CCN3CC[C@@H](NCc4cc5c(cn4)OCCO5)[C@@H](O)C3)c2c1,=,0.8470259585922197,,CHEMBL2167863,CHEMBL2163267,Fraction unbound in human plasma at 10 uM by equilibrium dialysis method,12084165,unknown,human
N#Cc1ccc2ccc(=O)n(CCN3CC[C@@H](NCc4ccc5c(n4)NC(=O)CO5)[C@@H](F)C3)c2c1,=,0.7553767394735358,,CHEMBL2167863,CHEMBL2163267,Fraction unbound in human plasma at 10 uM by equilibrium dialysis method,12084172,unknown,human
N#Cc1ccc2ccc(=O)n(CCN3CC[C@@H](NCc4ccc5c(n4)NC(=O)CO5)[C@@H](O)C3)c2c1,=,0.7024142200886537,,CHEMBL2167863,CHEMBL2163267,Fraction unbound in human plasma at 10 uM by equilibrium dialysis method,12084163,unknown,human
N#Cc1ccc2ccc(=O)n(CCN3CC[C@H](NCc4cc5c(cn4)OCCO5)[C@@H](F)C3)c2c1,=,0.3539836836796816,,CHEMBL2167863,CHEMBL2163267,Fraction unbound in human plasma at 10 uM by equilibrium dialysis method,12084169,unknown,human
N#Cc1ccc2ccc(=O)n(CCN3CC[C@H](NCc4cc5c(cn4)OCCO5)[C@H](F)C3)c2c1,=,0.8675463182602577,,CHEMBL2167863,CHEMBL2163267,Fraction unbound in human plasma at 10 uM by equilibrium dialysis method,12084174,unknown,human
N#Cc1ccc2ccc(=O)n(CCN3CC[C@H](NCc4cc5c(cn4)OCCO5)[C@H](O)C3)c2c1,=,0.7295926771865047,,CHEMBL2167863,CHEMBL2163267,Fraction unbound in human plasma at 10 uM by equilibrium dialysis method,12084166,unknown,human
N#Cc1ccc2ccc(=O)n(CCN3CC[C@H](NCc4ccc5c(n4)NC(=O)CO5)[C@H](O)C3)c2c1,=,0.7799025307482025,,CHEMBL2167863,CHEMBL2163267,Fraction unbound in human plasma at 10 uM by equilibrium dialysis method,12084164,unknown,human
N#Cc1cccc(-c2ccc(N3CCOc4ncnc(N)c4C3=O)cc2)c1Cl,=,0.1417163002289445,,CHEMBL3222766,CHEMBL3217691,Fraction unbound in human plasma,14536619,unknown,human
N#Cc1cccc(Cl)c1-c1ccc(N2CCOc3ncnc(N)c3C2=O)cc1,=,0.7702353288315823,,CHEMBL3222766,CHEMBL3217691,Fraction unbound in human plasma,14536628,unknown,human
N#Cc1ccccc1Oc1ccc(C(=O)NCc2ccncc2)cc1,=,0.3252513489705502,,CHEMBL3396512,CHEMBL3393028,Fraction unbound in human plasma by equilibrium dialysis method,15150689,unknown,human
N#Cc1ccccc1Oc1ccc(C(=O)NCc2ccncn2)cc1,=,0.90623301799406,,CHEMBL3396512,CHEMBL3393028,Fraction unbound in human plasma by equilibrium dialysis method,15150690,unknown,human
N#Cc1ccccc1SC1=C(O)CC(c2c(Cl)cccc2Br)CC1=O,=,-1.5595456365537408,,CHEMBL3369992,CHEMBL3352775,Fraction unbound in human plasma by LC-MS/MS analysis,15051429,unknown,human
N#Cc1ccccc1SC1=C(O)CC(c2ccccc2)CC1=O,=,-1.9079761729627127,,CHEMBL3369992,CHEMBL3352775,Fraction unbound in human plasma by LC-MS/MS analysis,15051424,unknown,human
N#Cc1cccnc1N1CCN(C(=O)c2cccc(Cc3n[nH]c(=O)c4ccccc34)c2)CC1,=,-0.1658234909178525,,CHEMBL3743819,CHEMBL3739394,Fraction unbound in human plasma,16406381,unknown,human
N#Cc1cnc(NC2CCN(S(=O)(=O)c3ccccn3)CC2)nc1-c1cnn(CC(F)(F)F)c1,=,-0.1207773399751477,,CHEMBL5529971,CHEMBL5528049,Protein binding in human plasma assessed as free fraction incubated for 2 hrs by LC-MS/MS analysis,25927775,unknown,human
N#Cc1cnc(Nc2cc(NC[C@H]3CNCCO3)c(C(F)(F)F)cn2)cn1,=,-1.5350198452790742,,CHEMBL4706967,CHEMBL4706475,Protein binding in human plasma assessed as unbound fraction by dialysis method,22779863,unknown,human
N#Cc1cnc2ccc(-c3c(-c4ccc(F)c(Cl)c4)ncn3CCO)nn12,=,0.4069462030645636,,CHEMBL4339036,CHEMBL4334552,Protein binding in human serum assessed as unbound fraction,18980265,unknown,human
N#Cc1cnc2ccc(F)cc2c1N1CCC(C(=O)NCc2ccccc2)CC1,=,-0.1817828950592638,,CHEMBL4046920,CHEMBL4043207,Fraction unbound in human plasma,18216453,unknown,human
N#Cc1cnc2ccc(F)cc2c1N1CCC(C(=O)Nc2ccc(S(N)(=O)=O)cc2)CC1,=,0.1826070454911193,,CHEMBL4046920,CHEMBL4043207,Fraction unbound in human plasma,18216452,unknown,human
N#Cc1cncc(Oc2cc(C(=O)Nc3ccc(F)cn3)c3ncnn3c2)c1,=,0.5578024815850879,,CHEMBL4047830,CHEMBL4043265,Fraction unbound in human plasma at 5 uM after 4 hrs by equilibrium dialysis method,18221547,unknown,human
N#Cc1cnn2c(NC3CC3)cc(-n3ccc4ccc(CO)cc43)nc12,=,-0.4278685108271337,,CHEMBL2065447,CHEMBL2062503,Fraction unbound in human plasma,10975203,unknown,human
N#Cc1csc(NC(=O)C2c3ccccc3Oc3ccccc32)n1,=,-0.2512281700195782,,CHEMBL3804549,CHEMBL3797099,Fraction unbound in human plasma,16566247,unknown,human
N=C(N)NC(=O)Cc1c(Cl)cccc1Cl,=,0.9245142692517684,,CHEMBL1043580,CHEMBL1156824,Fraction unbound in human plasma,2991900,unknown,human
N=C(N)NC(=O)c1cnn(-c2cccc3ncccc23)c1C1CC1,=,1.022112421788494,,CHEMBL2346304,CHEMBL2331555,Fraction unbound in human plasma,12682371,unknown,human
N=C(N)c1ccc(CNC(=O)[C@@H]2CCN2C(=O)[C@H](NCC(=O)O)C2CCCCC2)cc1,=,1.5279276272687528,,CHEMBL1043580,CHEMBL1156824,Fraction unbound in human plasma,2994948,unknown,human
N=C(N)c1ccc(CNC(=O)[C@@H]2Cc3ccc(cc3)NC(=O)CCN3CCN(CCC(=O)Nc4ccc(cc4)C[C@@H](NS(=O)(=O)Cc4ccccc4)C(=O)N2)CC3)cc1.O=C(O)C(F)(F)F,=,1.363095725586794,,CHEMBL2318292,CHEMBL2311491,Fraction unbound in human plasma,12615713,unknown,human
N=C(N)c1ccc(CNC(=O)[C@@H]2Cc3ccc(cc3)NC(=O)CN3CCN(CC3)CC(=O)Nc3ccc(cc3)C[C@@H](NS(=O)(=O)Cc3ccccc3)C(=O)N2)cc1.O=C(O)C(F)(F)F,=,1.3159350068786804,,CHEMBL2318292,CHEMBL2311491,Fraction unbound in human plasma,12615714,unknown,human
N=C1N[C@H]2[C@H](CN3C(=O)CCC3=O)NC(=N)N3C[C@H](NC(=O)c4cccc5c4CCCC5)C(O)(O)[C@]23N1,=,1.0071059639172557,,CHEMBL5131312,CHEMBL5126674,Unbound fraction in human plasma,24788116,unknown,human
NC(=O)Cc1ccc(-c2ccc(N3CCOc4ncnc(N)c4C3=O)cc2)c(Cl)c1,=,0.6795612390331823,,CHEMBL3222766,CHEMBL3217691,Fraction unbound in human plasma,14536599,unknown,human
NC(=O)NO,=,1.564407391078202,,CHEMBL1043580,CHEMBL1156824,Fraction unbound in human plasma,2978204,unknown,human
NC(=O)Nc1cc(-c2cccc(F)c2)sc1C(=O)N[C@H]1CCCNC1,=,0.8872617474008635,,CHEMBL2072701,CHEMBL2069189,Fraction unbound in human plasma,10995715,unknown,human
NC(=O)Nc1sc(-c2ccccc2)cc1C(=O)N[C@H]1CCCNC1,=,0.2755636229721379,,CHEMBL2072701,CHEMBL2069189,Fraction unbound in human plasma,10995717,unknown,human
NC(=O)[C@@H]1C[C@H](F)CN1Cc1ccc(OCc2cccc(F)c2)cc1,=,-0.1024447975580692,,CHEMBL5043578,CHEMBL5042493,Plasma protein binding in human assessed as unbound fraction at 1 uM measured after 5 hrs by LC-MS/MS analysis,24399775,unknown,human
NC(=O)[C@@H]1[C@H](c2ccccc2)CCN1C(=O)[C@@H](N)Cc1ccccc1,=,1.3076260737879135,,CHEMBL3375487,CHEMBL3351280,Fraction unbound in human plasma at 10 uM,14984318,unknown,human
NC(=O)[C@H](Cc1ccccc1)NC(=O)OCc1ccccc1,=,0.7295926771865047,,CHEMBL3375487,CHEMBL3351280,Fraction unbound in human plasma at 10 uM,14984319,unknown,human
NC(=O)c1c(F)ccc(OCc2nc3cc(Cl)ccc3s2)c1F,=,-3.065437360976351,,CHEMBL1113804,CHEMBL1157799,Fraction unbound in human plasma at 10 uM by equilibrium dialysis,3298493,unknown,human
NC(=O)c1c(F)ccc(OCc2nc3ncc(Cl)cc3s2)c1F,=,-1.9079761729627127,,CHEMBL1113804,CHEMBL1157799,Fraction unbound in human plasma at 10 uM by equilibrium dialysis,3298509,unknown,human
NC(=O)c1c(N)ncnc1N1CCC(c2nc(-c3ccc(F)c(C(F)(F)F)c3)cn2CCN2CCC2)CC1,=,0.7799025307482025,,CHEMBL4825324,CHEMBL4823315,Protein binding in human plasma assessed as unbound fraction,23225140,unknown,human
NC(=O)c1cc(-c2ccc(F)cc2)n2nc(CCc3ccnc(C(F)(F)F)c3)cc2n1,=,-0.4020844485401025,,CHEMBL4310455,CHEMBL4308859,Fraction unbound in human plasma after 4 hrs by equilibrium dialysis method,18873697,unknown,human
NC(=O)c1cc(-c2ccc(F)cc2)n2nc(COc3ccnc(Br)c3)cc2n1,=,-0.1982656506346964,,CHEMBL4310455,CHEMBL4308859,Fraction unbound in human plasma after 4 hrs by equilibrium dialysis method,18873673,unknown,human
NC(=O)c1cc(-c2ccc(F)cc2)n2nc(COc3ccnc(C(F)(F)F)c3)cc2n1,=,-0.7505149849490745,,CHEMBL4310455,CHEMBL4308859,Fraction unbound in human plasma after 4 hrs by equilibrium dialysis method,18873636,unknown,human
NC(=O)c1cc(-c2ccc(F)cc2F)n2nc(COc3ccnc(C(F)(F)F)c3)cc2n1,=,-0.1982656506346964,,CHEMBL4310455,CHEMBL4308859,Fraction unbound in human plasma after 4 hrs by equilibrium dialysis method,18873657,unknown,human
NC(=O)c1ccc(Cc2ccccc2)cc1,=,-0.4550469679249845,,CHEMBL4431155,CHEMBL4428134,Unbound fraction in human plasma,19439652,unknown,human
NC(=O)c1cccc(-c2cccc(OC(=O)NC3CCCCC3)c2)c1,=,-1.119465881026085,,CHEMBL2318387,CHEMBL2311315,Percentage unbound in human plasma after 10 mins by ultrafiltration method,12630484,unknown,human
NC(=O)c1cccc2c(N[C@H](CN3CCC3)c3ccc(Cl)c(C(F)(F)F)c3)ncnc12,=,0.0585156666555915,,CHEMBL4831269,CHEMBL4828767,Protein binding in human plasma assessed as unbound fraction,23251928,unknown,human
NC(=O)c1cccc2cn(-c3ccc([C@@H]4CCCNC4)cc3)nc12,=,0.6432071606868136,,CHEMBL3429714,CHEMBL3425485,Fraction unbound in human plasma,15251093,unknown,human
NC(=O)c1cccn2cc(-c3cccc(-c4cncc(OCCF)c4)c3)nc12,=,-0.7505149849490745,,CHEMBL2415783,CHEMBL2413009,Fraction unbound in human plasma after 5 hrs by rapid equilibrium dialysis method,13406826,unknown,human
NC(=O)c1ccn(-c2cnc(NC[C@]3(c4ncccc4F)C[C@H](F)C3)nc2)c1,=,1.205821377816723,,CHEMBL4845209,CHEMBL4842386,Plasma protein binding in human assessed as unbound fraction,23315921,unknown,human
NC(=O)c1cnc(N[C@@H]2CCCC[C@@H]2N)nc1Nc1cccc(-n2nccn2)c1,=,-0.5813774551708419,,CHEMBL2350846,CHEMBL2346624,Fraction unbound in human plasma,12717306,unknown,human
NC(=O)c1cnc2c(N[C@H]3C[C@H]3F)cc(Nc3cccc(-c4ccc(C(F)(F)F)cc4F)c3)nn12,=,-1.2111151001447686,,CHEMBL4251855,CHEMBL4251544,Fraction unbound in human plasma at 10 uM after 6.5 hrs by equilibrium dialysis method,18684743,unknown,human
NC(=O)c1cncc(-c2ccc([C@H]3CC[C@H](CC(=O)O)CC3)cc2)n1,=,-0.1207773399751477,,CHEMBL2183600,CHEMBL2176918,Fraction unbound in human plasma at 37 degC by LC-UV/MS method based equilibrium dialysis method,12150796,unknown,human
NC(=O)c1cncc(-c2ccc([C@H]3CC[C@H](CCO)CC3)cc2)n1,=,-0.2329469187618698,,CHEMBL2183600,CHEMBL2176918,Fraction unbound in human plasma at 37 degC by LC-UV/MS method based equilibrium dialysis method,12150793,unknown,human
NC1(C(=O)NCc2ccc(Cl)cc2)CCN(c2ncnc3[nH]ccc23)CC1,=,0.8032871660118494,,CHEMBL2330876,CHEMBL2321772,Fraction unbound in human plasma,12661991,unknown,human
NC1(C(=O)N[C@@H](CCO)c2ccc(Cl)cc2)CCN(c2nc[nH]c3nccc2-3)CC1,=,0.8100955636392152,,CHEMBL2330876,CHEMBL2321772,Fraction unbound in human plasma,12661990,unknown,human
NC1(C(=O)N[C@@H](CCO)c2ccc(Cl)cc2)CCN(c2nc[nH]c3nccc2-3)CC1,=,0.8100955636392152,,CHEMBL6129927,CHEMBL6127093,Protein binding in human plasma assessed as free fraction,29237373,unknown,human
NC1(COc2cc(F)c3c(c2)CC(CNCCC2CN(c4cnc5c(n4)NC(=O)CO5)C(=O)O2)C3)CC1,=,1.1038072758825077,,CHEMBL5393339,CHEMBL5390317,Protein binding in human plasma assessed as free fraction,25731714,unknown,human
NC12CC3CC(CC(C3)C1)C2,=,1.0071059639172557,,CHEMBL1043580,CHEMBL1156824,Fraction unbound in human plasma,2991967,unknown,human
NC1=NS(=O)(=O)c2ccccc21,=,1.1954564950011917,,CHEMBL4036848,CHEMBL4033761,Fraction unbound in human plasma,18167935,unknown,human
NC1=N[C@@]2(c3cc(NC(=O)c4ccc(F)cn4)ccc3F)CN(c3ncc(F)cn3)C[C@H]2CS1,=,-0.0412414541546705,,CHEMBL5034206,CHEMBL5033995,Unbound fraction in human plasma,24359669,unknown,human
NC1=N[C@@]2(c3cc(NC(=O)c4ccc(F)cn4)ccc3F)COC[C@H]2CS1,=,0.2487477183652802,,CHEMBL5034206,CHEMBL5033995,Unbound fraction in human plasma,24359668,unknown,human
NC1=N[C@@]2(c3cc(NC(=O)c4ncc(F)cc4F)ccc3F)CN(c3ncc(F)cn3)C[C@H]2CS1,=,0.2820498937016034,,CHEMBL5034206,CHEMBL5033995,Unbound fraction in human plasma,24359670,unknown,human
NC1CCC(CNC(=O)[C@@H]2CCCN2C(=O)[C@H](N)C(C2CCCCC2)C2CCCCC2)CC1,=,-0.4020844485401025,,CHEMBL629701,CHEMBL1130205,The fraction of free compound available in plasma of human,306885,unknown,human
NC1CCN(c2c(F)cc3c(=O)c(C(=O)O)cn(C4CC4)c3c2Cl)C1,=,1.5438870314101638,,CHEMBL1043580,CHEMBL1156824,Fraction unbound in human plasma,2996214,unknown,human
NCC(NC(=O)c1ccc(-c2cc(F)c(Cl)c(F)c2)[nH]1)c1ncc(CO)s1,=,0.4069462030645636,,CHEMBL4010381,CHEMBL4007461,Unbound fraction in human plasma at 5 uM by LC-MS/MS based equilibrium dialysis,18044652,unknown,human
NCC1(CC(=O)O)CCCCC1,=,1.5490961869066493,,CHEMBL1043580,CHEMBL1156824,Fraction unbound in human plasma,2996259,unknown,human
NCCCC[C@H](N[C@@H](CCc1ccccc1)C(=O)O)C(=O)N1CCC[C@H]1C(=O)O,=,1.564407391078202,,CHEMBL1043580,CHEMBL1156824,Fraction unbound in human plasma,2978207,unknown,human
NCCNc1nonc1/C(=N/O)Nc1ccc(F)c(Br)c1,=,0.1584738188650421,,CHEMBL3999989,CHEMBL3997850,Fraction unbound in human plasma after 2 hrs by equilibrium dialysis method,17990696,unknown,human
NCCOCCOCCOCCOCCOCCOCCOCCC(=O)N1CCC(c2ccc(-c3cc(C(=O)O)cc4cc(-c5ccc(C(F)(F)F)cc5)ccc34)cc2)CC1,=,-1.119465881026085,,CHEMBL4622324,CHEMBL4619807,Unbound fraction in human plasma,20678948,unknown,human
NC[C@H](NC(=O)c1ccc(-c2cc(F)c(Cl)c(F)c2)[nH]1)c1nc(CO)cs1,=,-1.3886160228561517,,CHEMBL4721720,CHEMBL4715822,Protein binding in human plasma assessed as unbound fraction at 5 uM by LC-MS/MS analysis,22845411,unknown,human
NC[C@H](NC(=O)c1ccc(-c2ccc(C(F)(F)F)c(F)c2)[nH]1)c1nc(CO)cs1,=,-0.7768284617210299,,CHEMBL4721720,CHEMBL4715822,Protein binding in human plasma assessed as unbound fraction at 5 uM by LC-MS/MS analysis,22845410,unknown,human
NCc1ccc2c(c1)nc(CN1C(=O)C3(CC3)c3ccc(F)cc31)n2C1CCOCC1,=,1.2620560259692608,,CHEMBL4825893,CHEMBL4825662,Protein binding in human plasma assessed as unbound fraction at 5 uM by LC-MS/MS analysis based equilibrium dialysis method,23227627,unknown,human
NCc1ccc2c(c1)nc(CN1C(=O)C3(CC3)c3ccc(F)cc31)n2CCCC(F)(F)F,=,1.363095725586794,,CHEMBL4825893,CHEMBL4825662,Protein binding in human plasma assessed as unbound fraction at 5 uM by LC-MS/MS analysis based equilibrium dialysis method,23227624,unknown,human
NS(=O)(=O)CCc1ccccc1,=,1.3136223159450588,,CHEMBL3801196,CHEMBL3797172,Percentage unbound in human plasma at 5 uM after 6 hrs by equilibrium dialysis method,16560842,unknown,human
NS(=O)(=O)NCCNc1nonc1/C(=N/O)Nc1ccc(F)c(Br)c1,=,-0.1817828950592638,,CHEMBL3999989,CHEMBL3997850,Fraction unbound in human plasma after 2 hrs by equilibrium dialysis method,17990699,unknown,human
NS(=O)(=O)NCCNc1nonc1/C(=N/O)Nc1ccc(F)c(Cl)c1,=,-0.0794379744181615,,CHEMBL3999989,CHEMBL3997850,Fraction unbound in human plasma after 2 hrs by equilibrium dialysis method,17990700,unknown,human
NS(=O)(=O)c1cc(C(=O)O)c(NCc2ccco2)cc1Cl,=,-0.6588657658303905,,CHEMBL1043580,CHEMBL1156824,Fraction unbound in human plasma,2990489,unknown,human
NS(=O)(=O)c1cc(C(=O)O)c(NCc2ccco2)cc1Cl,=,-1.2111151001447686,,CHEMBL3528936,CHEMBL3526069,Fraction unbound in human plasma by ultracentrifugation method,15461525,unknown,human
NS(=O)(=O)c1cc(C2(O)NC(=O)c3ccccc32)ccc1Cl,=,0.8470259585922197,,CHEMBL1043580,CHEMBL1156824,Fraction unbound in human plasma,2991857,unknown,human
NS(=O)(=O)c1ccc(OCCCN2CCC(C(O)(c3cccc(F)c3)c3nccs3)CC2)cc1,=,0.6736818853795221,,CHEMBL3587288,CHEMBL3585303,Unbound fraction in human plasma,15626034,unknown,human
NS(=O)(=O)c1ccc(OCCCN2CCC(C(O)(c3ccccn3)C3CCCC3)CC2)cc1,=,0.9438843332073894,,CHEMBL3587288,CHEMBL3585303,Unbound fraction in human plasma,15626037,unknown,human
NS(=O)(=O)c1ccc(OCCCN2CCC(C(O)(c3ccccn3)c3nccs3)CC2)cc1,=,0.9006164343448003,,CHEMBL3587288,CHEMBL3585303,Unbound fraction in human plasma,15626033,unknown,human
NS(=O)(=O)c1cccc(-c2ccc3nccc(-c4ccnc(C(F)(F)F)c4)c3n2)c1,=,0.4069462030645636,,CHEMBL4125256,CHEMBL4118268,Fraction unbound in human plasma at 5 uM after 4 hrs by LC-MS/MS analysis,18303743,unknown,human
NS(=O)(=O)c1cccc(-c2ccc3nccc(-c4ccnc(C(F)(F)F)c4)c3n2)c1,=,-0.1982656506346964,,CHEMBL5525775,CHEMBL5523726,Protein binding in human plasma assessed as unbound fraction at 5 uM incubated for 5 hrs by LC-MS/MS method,25912345,unknown,human
NS(=O)(=O)c1nccc(-c2ccc(CO)cc2)c1-c1nn[nH]n1,=,0.8256321338790893,,CHEMBL5239634,CHEMBL5236617,Plasma protein binding in human assessed as unbound fraction,25021410,unknown,human
NS1(=O)=NC(=O)c2ccccc21,=,1.1038072758825077,,CHEMBL4036848,CHEMBL4033761,Fraction unbound in human plasma,18167942,unknown,human
N[C@@H](C(=O)N1CCC[C@H]1C(=O)NCc1cc(Cl)ccc1OCC(=O)NC1CC1)C1CCCCC1,=,0.4985954221832476,,CHEMBL1685165,CHEMBL1681657,Fraction unbound in human plasma,5247926,unknown,human
N[C@@H](C(=O)N[C@@H]1C(=O)N2C(C(=O)O)=C(CSc3c[nH]nn3)CS[C@H]12)c1ccc(O)cc1,=,1.1038072758825077,,CHEMBL1043580,CHEMBL1156824,Fraction unbound in human plasma,2992049,unknown,human
N[C@@H](CC(=O)N1CCn2c(nnc2C(F)(F)F)C1)Cc1cc(F)c(F)cc1F,=,1.3241088293633465,,CHEMBL1043580,CHEMBL1156824,Fraction unbound in human plasma,2993314,unknown,human
N[C@@H](Cn1c(=O)cnc2ccc(F)cc21)[C@H]1CC[C@H](NCc2ccc3c(n2)NC(=O)CO3)CC1,=,1.3851143844474625,,CHEMBL3361751,CHEMBL3352316,Fraction unbound in human plasma by LC/MS-MS analysis,15071033,unknown,human
N[C@@H](Cn1c(=O)cnc2ccc(F)cc21)[C@H]1CC[C@H](NCc2ncc3c(n2)NC(=O)CO3)CC1,=,1.4062089063789185,,CHEMBL3361751,CHEMBL3352316,Fraction unbound in human plasma by LC/MS-MS analysis,15071041,unknown,human
N[C@@H]1CCC=C(c2ccc(F)cc2)[C@H]1COc1cc(F)c(S(=O)(=O)Nc2cscn2)cc1Cl,=,-0.8626845637357965,,CHEMBL4180172,CHEMBL4177611,Fraction unbound in human plasma at 2 uM after 4 hrs by LC-MS/MS analysis,18459175,unknown,human
N[C@@H]1CN(c2c(F)cc3c(=O)c(C(=O)O)cn([C@@H]4C[C@@H]4F)c3c2Cl)CC12CC2,=,1.2259312196939005,,CHEMBL1043580,CHEMBL1156824,Fraction unbound in human plasma,2993181,unknown,human
N[C@@H]1C[C@H](C(=O)O)[C@@H](c2ccc(-c3cc(C(=O)O)cc4cc(-c5ccc(C(F)(F)F)cc5)ccc34)cc2)C1,=,1.564407391078202,,CHEMBL5045633,CHEMBL5042543,Plasma protein binding in human assessed as bound fraction,24409089,unknown,human
N[C@@H]1[C@H]2CN(c3nc4c(cc3F)c(=O)c(C(=O)O)cn4-c3ccc(F)cc3F)C[C@@H]12,=,0.8470259585922197,,CHEMBL1043580,CHEMBL1156824,Fraction unbound in human plasma,2991858,unknown,human
N[C@@H]1c2cccnc2[C@H](OC(=O)N2CCC(n3c(=O)[nH]c4ncccc43)CC2)CC[C@H]1c1cccc(F)c1F,=,0.2204202801798293,,CHEMBL2183298,CHEMBL2176923,Fraction unbound in human plasma,12142827,unknown,human
N[C@H]1CN(c2ncnc(N3CCC(F)(F)C3)n2)C[C@@H]1N1CC(F)(F)CCC1=O,=,1.4707434237434824,,CHEMBL1685348,CHEMBL1681744,Fraction unbound in human plasma,5240879,unknown,human
Nc1[nH]ncc1-c1cc(Cl)ccc1Oc1cc(F)c(S(=O)(=O)Nc2cscn2)cc1Cl,=,-1.7041573750573065,,CHEMBL4040142,CHEMBL4038312,Fraction unbound in human plasma,18183146,unknown,human
Nc1[nH]ncc1-c1cc(Cl)ccc1Oc1cc(F)c(S(=O)(=O)Nc2cscn2)cc1Cl,=,-4.019079751084583,,CHEMBL4702833,CHEMBL4699523,Fraction unbound in human plasma,22763458,unknown,human
Nc1c(C(=O)c2ccncc2)sc2nc(O)c3c(c12)CCCC3,=,-1.0989455213580468,,CHEMBL4479491,CHEMBL4477243,Fraction unbound in human plasma,19475799,unknown,human
Nc1c(C(=O)c2ccncc2)sc2nc(OCCN3CCOCC3)c3c(c12)CCC3,=,-1.0989455213580468,,CHEMBL4479491,CHEMBL4477243,Fraction unbound in human plasma,19475800,unknown,human
Nc1c(C(=O)c2ccncc2)sc2nc(OCc3ccncc3)c3c(c12)CCC3,=,-1.0989455213580468,,CHEMBL4479491,CHEMBL4477243,Fraction unbound in human plasma,19475801,unknown,human
Nc1c(CC(=O)O)cccc1C(=O)c1ccc(Br)cc1,=,0.4548566296028772,,CHEMBL1043580,CHEMBL1156824,Fraction unbound in human plasma,2990658,unknown,human
Nc1cc(Cc2ccccc2)c2nn[nH]c2n1,=,0.6736818853795221,,CHEMBL4703116,CHEMBL4699540,Protein binding in human plasma assessed as free fraction,22765269,unknown,human
Nc1cc(Nc2cnnc(-c3cc(Cl)ccc3F)c2)ccn1,=,-0.2311548348425133,,CHEMBL6132383,CHEMBL6127142,Plasma protein binding in human plasma assessed as fraction unbound at 0.5 uM incubated for 5 hrs under shaking conditions by LC-MS/MS analysis,29245148,unknown,human
Nc1ccc(S(=O)(=O)Nc2ncccn2)cc1,=,1.1517177024208214,,CHEMBL1043580,CHEMBL1156824,Fraction unbound in human plasma,2992078,unknown,human
Nc1ccc(S(=O)(=O)c2ccc(N)cc2)cc1,=,0.8675463182602577,,CHEMBL1043580,CHEMBL1156824,Fraction unbound in human plasma,2991869,unknown,human
Nc1cccc(-c2ccc(Cn3cc(C(=O)O)c(=O)c4cccc(F)c43)nc2)c1,=,-0.0536539121311303,,CHEMBL1042954,CHEMBL1153183,Fraction unbound in human serum,3077497,unknown,human
Nc1cccnc1C(=O)Nc1ccc(N2C(=O)c3ccccc3C2=O)c(Cl)c1,=,-0.929807991579814,,CHEMBL3804047,CHEMBL3797196,Fraction unbound in human plasma,16581542,unknown,human
Nc1ccn(C[C@@H](CO)OCP(=O)(O)O)c(=O)n1.O.O,=,1.564407391078202,,CHEMBL1043580,CHEMBL1156824,Fraction unbound in human plasma,2978200,unknown,human
Nc1ccn([C@@H]2CS[C@H](CO)O2)c(=O)n1,=,1.5333039245812323,,CHEMBL1043580,CHEMBL1156824,Fraction unbound in human plasma,2994976,unknown,human
Nc1ccncc1-c1cc(F)cc(C(=O)Nc2ccc3c(c2)CNC3)c1,=,1.5114448716933202,,CHEMBL5674857,CHEMBL5674856,"Human plasma protein binding is determined by spiking test compound into plasma and dialyzing against buffer until equilibrium. Verapamil as test compound is used as reference. Peak areas of compound in both plasma and buffer are determined using HPLC-MS/MS and plasma protein-bound of compound is calculated. The assay has been performed by Enamine biological services, Bienta Ltd.",26265478,unknown,human
Nc1cncc(-c2cn3ccnc3c(Nc3ccc(N4CCN(C5COC5)CC4)cc3)n2)n1,=,0.7653311044982061,,CHEMBL4605705,CHEMBL4602710,Fraction unbound in human plasma,20609325,unknown,human
Nc1nc(-c2ccccc2)c2ccccc2n1,=,0.0684700316802619,,CHEMBL4673826,CHEMBL4673201,Plasma protein binding in human assessed as fraction unbound,22422476,unknown,human
Nc1nc(-n2cc(C(=O)O)c(=O)c3cc(F)c(N4CC(N)C4)c(Cl)c32)c(F)cc1F,=,0.9541434445323737,,CHEMBL4729399,CHEMBL4725368,Protein binding in human plasma assessed as free fraction,22891062,unknown,human
Nc1nc(-n2cc(C(=O)O)c(=O)c3cc(F)c(N4CC(O)C4)c(Cl)c32)c(F)cc1F,=,0.6074025870486831,,CHEMBL4729399,CHEMBL4725368,Protein binding in human plasma assessed as free fraction,22891064,unknown,human
Nc1nc(-n2cc(C(=O)O)c(=O)c3cc(F)c([C@H]4C[C@@H](O)C4)c(Cl)c32)c(F)cc1F,=,0.5150781777586803,,CHEMBL4729399,CHEMBL4725368,Protein binding in human plasma assessed as free fraction,22891061,unknown,human
Nc1nc(-n2cc(C(=O)O)c(=O)c3cc(F)c([C@H]4C[C@H](O)C4)c(Cl)c32)c(F)cc1F,=,0.4314719943392304,,CHEMBL4729399,CHEMBL4725368,Protein binding in human plasma assessed as free fraction,22891060,unknown,human
Nc1nc(=O)[nH]cc1F,=,1.564407391078202,,CHEMBL1043580,CHEMBL1156824,Fraction unbound in human plasma,2978201,unknown,human
Nc1nc(=O)c2c([nH]1)NCC(CNc1ccc(C(=O)N[C@@H](CCC(=O)O)C(=O)O)cc1)N2C=O,=,0.336942085348557,,CHEMBL1043580,CHEMBL1156824,Fraction unbound in human plasma,2990591,unknown,human
Nc1nc(F)nc2c1ncn2[C@@H]1O[C@H](CO)C[C@H]1O,=,1.564407391078202,,CHEMBL3110742,CHEMBL3108778,Fraction unbound in human plasma at 10 uM after 4 hrs by equilibrium dialysis method,13898031,unknown,human
Nc1nc(O)c2ncn(CCC(CO)CO)c2n1,=,1.4767636035661464,,CHEMBL1043580,CHEMBL1156824,Fraction unbound in human plasma,2994702,unknown,human
Nc1nc(OC2CCCC2)nc2c1ncn2[C@@H]1O[C@H](CO)[C@@H](O)[C@H]1O,=,1.3555365003262276,,CHEMBL1811199,CHEMBL1806435,Plasma protein binding in human assessed as fraction unbound by by equilibrium dialysis method,6287891,unknown,human
Nc1nc(OCc2ccccc2)c2[nH]nnc2n1,=,-1.0072963022393624,,CHEMBL4703116,CHEMBL4699540,Protein binding in human plasma assessed as free fraction,22765268,unknown,human
Nc1nc2c(ncn2COC(CO)CO)c(=O)[nH]1,=,1.5593552982316337,,CHEMBL1043580,CHEMBL1156824,Fraction unbound in human plasma,2996357,unknown,human
Nc1nc2c(ncn2COCCO)c(=O)[nH]1,=,1.482712536984188,,CHEMBL1043580,CHEMBL1156824,Fraction unbound in human plasma,2994727,unknown,human
Nc1nc2ccc(OC3CCOC3)nc2n1CC(O)c1ccc(C(F)(F)F)cc1Cl,=,-0.2701994406127747,,CHEMBL3296726,CHEMBL3286148,Fraction unbound in human plasma,14725775,unknown,human
Nc1nc2cccnc2n1CC(O)c1cccc(Cl)c1Cl,=,0.4901468366379165,,CHEMBL3296726,CHEMBL3286148,Fraction unbound in human plasma,14725813,unknown,human
Nc1nc2cnc(C(=O)N3CCOC[C@@H]3c3ccc(C(F)(F)F)cc3)cc2c2c1COC2,=,0.4548566296028772,,CHEMBL6112711,CHEMBL6109134,Protein binding in human plasma assessed as unbound fraction by ultracentrifugation,29181745,unknown,human
Nc1ncc(-c2cc(N3CCC(F)(F)C3)nc(N3C[C@@H]4C[C@H]3CO4)n2)nc1OC(F)F,=,-1.9284965326307508,,CHEMBL5239506,CHEMBL5236614,Protein binding in human plasma assessed as unbound fraction by LC-MS/MS analysis,25020895,unknown,human
Nc1ncnc2c1C(=O)N(c1ccc(-c3c(F)cccc3F)c(F)c1)CCO2,=,-0.0536539121311303,,CHEMBL3222766,CHEMBL3217691,Fraction unbound in human plasma,14536626,unknown,human
Nc1ncnc2c1C(=O)N(c1ccc(-c3c(F)cccc3F)cc1)CCO2,=,0.3811621407775327,,CHEMBL3222766,CHEMBL3217691,Fraction unbound in human plasma,14536623,unknown,human
Nc1ncnc2c1C(=O)N(c1ccc(-c3cc(Cl)ccc3Cl)cc1)CCO2,=,-0.6588657658303905,,CHEMBL3222766,CHEMBL3217691,Fraction unbound in human plasma,14536620,unknown,human
Nc1ncnc2c1C(=O)N(c1ccc(-c3ccc(C(F)F)cc3Cl)cc1)CCO2,=,-0.354174022001789,,CHEMBL3222766,CHEMBL3217691,Fraction unbound in human plasma,14536616,unknown,human
Nc1ncnc2c1C(=O)N(c1ccc(-c3ccc(CC(=O)N4CC(O)C4)cc3Cl)cc1)CCO2,=,0.8100955636392152,,CHEMBL3222766,CHEMBL3217691,Fraction unbound in human plasma,14536601,unknown,human
Nc1ncnc2c1C(=O)N(c1ccc(-c3ccc(CC(=O)N4CCNC(=O)C4)cc3Cl)cc1)CCO2,=,0.962535609514542,,CHEMBL3222766,CHEMBL3217691,Fraction unbound in human plasma,14536602,unknown,human
Nc1ncnc2c1C(=O)N(c1ccc(-c3ccc(CC(=O)N4CC[C@@H](O)C4)cc3Cl)cc1)CCO2,=,0.8491161030047274,,CHEMBL3222766,CHEMBL3217691,Fraction unbound in human plasma,14536600,unknown,human
Nc1ncnc2c1C(=O)N(c1ccc(-c3ccc(CC(=O)O)cc3Cl)cc1)CCO2,=,0.1154836176471022,,CHEMBL3222766,CHEMBL3217691,Fraction unbound in human plasma,14536598,unknown,human
Nc1ncnc2c1C(=O)N(c1ccc(-c3ccc(CN4CC[C@H](O)C4=O)cc3Cl)cc1)CCO2,=,0.5110078801597077,,CHEMBL3222766,CHEMBL3217691,Fraction unbound in human plasma,14536609,unknown,human
Nc1ncnc2c1C(=O)N(c1ccc(-c3ccc(Cl)cc3Cl)cc1)CCO2,=,-0.929807991579814,,CHEMBL3222766,CHEMBL3217691,Fraction unbound in human plasma,14536617,unknown,human
Nc1ncnc2c1C(=O)N(c1ccc(-c3ccc(Cn4cccnc4=O)cc3Cl)cc1)CCO2,=,0.8145837988753759,,CHEMBL3222766,CHEMBL3217691,Fraction unbound in human plasma,14536608,unknown,human
Nc1ncnc2c1C(=O)N(c1ccc(-c3cccc(Cl)c3Cl)cc1)CCO2,=,-0.6588657658303905,,CHEMBL3222766,CHEMBL3217691,Fraction unbound in human plasma,14536618,unknown,human
Nc1ncnc2c1C(=O)N(c1ccc(-c3ccccc3)cc1)CCO2,=,0.3864258433965256,,CHEMBL3222766,CHEMBL3217691,Fraction unbound in human plasma,14536621,unknown,human
Nc1ncnc2c1C(=O)N(c1ccc(-c3ccccc3Cl)c(F)c1)CCO2,=,0.1154836176471022,,CHEMBL3222766,CHEMBL3217691,Fraction unbound in human plasma,14536624,unknown,human
Nc1ncnc2c1C(=O)N(c1ccc(-c3ccccc3Cl)cc1)CCO2,=,-0.1066164315160123,,CHEMBL3222766,CHEMBL3217691,Fraction unbound in human plasma,14536613,unknown,human
Nc1ncnc2c1C(=O)N(c1ccc(-c3ccccc3F)cc1)CCO2,=,0.2947766242778414,,CHEMBL3222766,CHEMBL3217691,Fraction unbound in human plasma,14536726,unknown,human
Nc1ncnc2c1C(=O)N(c1ccc(-c3ncccc3Cl)cc1)CCO2,=,0.7079687407701242,,CHEMBL3222766,CHEMBL3217691,Fraction unbound in human plasma,14536627,unknown,human
Nc1ncnc2c1ncn2CCOCP(=O)(O)O,=,1.5438870314101638,,CHEMBL1043580,CHEMBL1156824,Fraction unbound in human plasma,2996213,unknown,human
Nc1ncnc2c1ncn2[C@@H]1O[C@@H]2CO[P@@](=O)(S)O[C@@H]3[C@H](O)[C@@H](CO[P@@](=O)(S)O[C@H]2[C@H]1F)O[C@H]3n1cnc2c(=O)[nH]ncc21,=,1.4130481820435172,,CHEMBL5351421,CHEMBL5346967,Protein binding in human plasma assessed as unbound fraction at 3 uM incubated for 2 hrs by equilibrium dialysis based HPLC/MS/MS analysis,25571078,unknown,human
Nc1noc2c(N3CC[C@@H](NC(=O)c4ccc(-c5cncnc5)cc4Cl)C3)ncc(Cl)c12,=,-1.5595456365537408,,CHEMBL4018090,CHEMBL4017471,Unbound plasma concentration in human at 10 uM measured after 4 hrs by equilibrium dialysis method,18083605,unknown,human
Nc1noc2c(N3CC[C@@H](NC(=O)c4ccc(-n5cnc(CCO)c5)cc4Cl)C3)ncc(Cl)c12,=,-1.0989455213580468,,CHEMBL4018090,CHEMBL4017471,Unbound plasma concentration in human at 10 uM measured after 4 hrs by equilibrium dialysis method,18083608,unknown,human
Nc1noc2c(N3CC[C@@H](NC(=O)c4ccc(-n5cnc6ccccc65)cc4Cl)C3)ncc(Cl)c12,=,-1.9079761729627127,,CHEMBL4018090,CHEMBL4017471,Unbound plasma concentration in human at 10 uM measured after 4 hrs by equilibrium dialysis method,18083604,unknown,human
Nc1noc2c(N3CC[C@@H](NC(=O)c4ccc(-n5cnc6ncccc65)cc4Cl)C3)ncc(Cl)c12,=,-0.8626845637357965,,CHEMBL4018090,CHEMBL4017471,Unbound plasma concentration in human at 10 uM measured after 4 hrs by equilibrium dialysis method,18083609,unknown,human
Nc1noc2c(N3CC[C@@H](NC(=O)c4ccc(-n5cnnc5)cc4Cl)C3)ncc(Cl)c12,=,-0.6588657658303905,,CHEMBL4018090,CHEMBL4017471,Unbound plasma concentration in human at 10 uM measured after 4 hrs by equilibrium dialysis method,18083610,unknown,human
Nc1noc2c(N3CC[C@@H](NC(=O)c4ccc(-n5cnnc5C(F)F)cc4Cl)C3)ncc(Cl)c12,=,-0.6588657658303905,,CHEMBL4018090,CHEMBL4017471,Unbound plasma concentration in human at 10 uM measured after 4 hrs by equilibrium dialysis method,18083611,unknown,human
O=C(/C=C(\O)C(F)(F)C(F)(F)F)c1cccnc1,=,0.3403969374839644,,CHEMBL6073209,CHEMBL6071172,Plasma protein binding in pooled human plasma assessed as free fraction at 5 uM incubated for 1 hrs by ultracentrifugation based HPLC-MS/MS analysis,29060391,unknown,human
O=C(/C=C/c1cccnc1)NCCCCC1CCN(C(=O)c2ccccc2)CC1,=,-0.929807991579814,,CHEMBL2423673,CHEMBL2417368,Fraction unbound in human plasma at 5 uM after 4 hrs by LC-MS/MS analysis,13427452,unknown,human
O=C(C#Cc1ccccc1)NCCN1CCC2(CC1)C(=O)NC[C@H]2c1ccc(F)cc1,=,-1.7460715594384753,,CHEMBL4329652,CHEMBL4325916,Fraction unbound in human plasma,18945348,unknown,human
O=C(C1CC12CCN(C1CCCCC1)CC2)N1CCN(C2CCCCC2)CC1,=,1.458482352308438,,CHEMBL3132254,CHEMBL3124793,Percentage unbound in human plasma,13957311,unknown,human
O=C(C1CC12CCN(C1CCOCC1)CC2)N1CCN(C2CCC2)CC1,=,1.5169993923747904,,CHEMBL3132254,CHEMBL3124793,Percentage unbound in human plasma,13957313,unknown,human
O=C(C1CC12CCN(C1CCOCC1)CC2)N1CCN(C2CCCC2)CC1,=,1.2159768546692298,,CHEMBL3132254,CHEMBL3124793,Percentage unbound in human plasma,13957312,unknown,human
O=C(C1CC2(CCN(C3CCOCC3)CC2)C1)N1CCN(C2CCC2)CC1,=,1.2259312196939005,,CHEMBL3132254,CHEMBL3124793,Percentage unbound in human plasma,13957310,unknown,human
O=C(C1CN(S(=O)(=O)c2cccc3cnccc23)C1)N1CC2CN(c3ccncc3)CC2C1,=,-0.8034775043339566,,CHEMBL2061627,CHEMBL2057199,Fraction unbound in human plasma,10963122,unknown,human
O=C(CCCCCONC(=O)c1nc(-c2ccc(N3CCCC3)cc2)cs1)NO,=,-1.2111151001447686,,CHEMBL6087140,CHEMBL6083289,Plasma protein binding in human assessed as unbound fraction at 1 uM incubated for 24 hrs (Rvb = 99.7%),29106187,unknown,human
O=C(CCCCCONC(=O)c1nc(-c2ccc(N3CCCC3)cc2)cs1)NO,=,-0.4550469679249845,,CHEMBL6087141,CHEMBL6083289,Plasma protein binding in human assessed as unbound fraction at 50 nM incubated for 24 hrs (Rvb = 99.7%),29106189,unknown,human
O=C(CCCCCONC(=O)c1nc(-c2ccc(N3CCCC3)cc2)cs1)NO,=,0.6677329519614803,,CHEMBL6087142,CHEMBL6083289,Plasma protein binding in human assessed as unbound fraction at 2.5 nM incubated for 24 hrs (Rvb = 99.7%),29106191,unknown,human
O=C(CCCN1CCC(O)(c2ccc(Cl)cc2)CC1)c1ccc(F)cc1,=,0.2947766242778414,,CHEMBL1043580,CHEMBL1156824,Fraction unbound in human plasma,2990580,unknown,human
O=C(CCCN1CCC(O)(c2ccc(Cl)cc2)CC1)c1ccc(F)cc1,=,0.2947766242778414,,CHEMBL3790153,CHEMBL3784949,Unbound fraction in human serum,16544891,unknown,human
O=C(CCCc1c[nH]nn1)NC1CCN(C(=O)OCc2cc(Cl)cc(Cl)c2)CC1,=,-0.2701994406127747,,CHEMBL4123930,CHEMBL4118209,Fraction unbound in human plasma at 5 uM after 2 to 6 hrs by rapid equilibrium dialysis method,18297108,unknown,human
O=C(CCN1CCOCC1)Nc1cc(Nc2cnnc(-c3cc(Cl)ccc3F)c2)ccn1,=,0.4639141540560742,,CHEMBL6132383,CHEMBL6127142,Plasma protein binding in human plasma assessed as fraction unbound at 0.5 uM incubated for 5 hrs under shaking conditions by LC-MS/MS analysis,29245151,unknown,human
O=C(CCc1ccccc1)NO,=,0.9421539390478172,,CHEMBL3801196,CHEMBL3797172,Percentage unbound in human plasma at 5 uM after 6 hrs by equilibrium dialysis method,16560834,unknown,human
O=C(CCn1cnc([N+](=O)[O-])n1)Nc1cccc(-c2ccccc2)c1,=,-0.1503552240963827,,CHEMBL4179627,CHEMBL4177599,Fraction unbound in human plasma at 5 uM after 4 hrs by LC-MS/MS analysis,18457333,unknown,human
O=C(CCn1cnc([N+](=O)[O-])n1)Nc1cccc(OCc2ccccc2)c1,=,-0.0291281208564636,,CHEMBL4179627,CHEMBL4177599,Fraction unbound in human plasma at 5 uM after 4 hrs by LC-MS/MS analysis,18457332,unknown,human
O=C(CN1C(=O)C2(CCCC2)NC[C@H]1c1cc(F)cc(F)c1)Nc1ccc2c(c1)C[C@@]1(C2)C(=O)Nc2ncccc21,=,0.3758427365675943,,CHEMBL2040010,CHEMBL2034981,Fraction unbound in human plasma,10912584,unknown,human
O=C(CN1CCN(CCO)CC1)Nc1ccc(-c2cccc3c(=O)cc(N4CCOCC4)oc23)c2sc3ccccc3c12,=,0.396790726212057,,CHEMBL2423443,CHEMBL2417539,Fraction unbound in human Plasma,13424188,unknown,human
O=C(COc1cccc(Cl)c1)NC1CCN(Cc2ccn(-c3ccc(C(F)(F)F)cc3)c2)CC1,=,-0.6588657658303905,,CHEMBL973620,CHEMBL1156734,Fraction unbound in human plasma,2231434,unknown,human
O=C(COc1cccc(Cl)c1)NC1CCN(Cc2ccn(-c3ccc(OC(F)(F)F)cc3)c2)CC1,=,-0.1658234909178525,,CHEMBL973620,CHEMBL1156734,Fraction unbound in human plasma,2231443,unknown,human
O=C(C[C@@H]1Cc2cc(Cl)c3[nH]c(=O)n(CC(F)(F)F)c3c2CN(CC(F)(F)F)C1=O)N1CCC(N2CCc3ccccc3NC2=O)CC1,=,-0.8034775043339566,,CHEMBL4835959,CHEMBL4834433,"Fraction unbound in plasma of human CGRPalpha-induced migraine marmoset model at 7 mg/kg, sc measured after 15 to 105 mins",23274838,unknown,human
O=C(C[C@@H]1Cc2cc(Cl)c3[nH]ncc3c2CN(CC(F)(F)F)C1=O)N1CCC(N2CCc3ccccc3NC2=O)CC1,=,-0.2329469187618698,,CHEMBL4676580,CHEMBL4673257,Protein binding human plasma assessed as unbound fraction,22432303,unknown,human
O=C(C[C@@H]1Cc2cc(Cl)c3c(c2CN(CC(F)(F)F)C1=O)C(F)(F)C(=O)N3)N1CCC(n2c(=O)[nH]c3ncccc32)CC1,=,0.0972023663893936,,CHEMBL4835959,CHEMBL4834433,"Fraction unbound in plasma of human CGRPalpha-induced migraine marmoset model at 7 mg/kg, sc measured after 15 to 105 mins",23274839,unknown,human
O=C(Cc1cccc(OC(F)(F)F)c1)Nc1ccc(CCCCc2nnc(NC(=O)Cc3ccccn3)s2)nn1,=,-0.8034775043339566,,CHEMBL4360341,CHEMBL4359817,Protein binding in human plasma assessed as unbound fraction by LC-MS-based equilibrium dialysis analysis,19065965,unknown,human
O=C(Cc1ccccc1)Nc1nnc(N[C@@H]2CCN(c3cccnn3)C2)s1,=,0.7024142200886537,,CHEMBL4360341,CHEMBL4359817,Protein binding in human plasma assessed as unbound fraction by LC-MS-based equilibrium dialysis analysis,19065966,unknown,human
O=C(Cc1ccccc1)Nc1nnc(N[C@@H]2CCN(c3nccnn3)C2)s1,=,0.4069462030645636,,CHEMBL4360341,CHEMBL4359817,Protein binding in human plasma assessed as unbound fraction by LC-MS-based equilibrium dialysis analysis,19065967,unknown,human
O=C(Cc1cccnc1)N(Cc1cccc(Cl)c1)c1ccc(-c2cn[nH]c2)cc1,=,-1.2111151001447686,,CHEMBL5043054,CHEMBL5042481,Protein binding in human plasma assessed as unbound fraction,24397847,unknown,human
O=C(Cc1cncnc1)N(Cc1cccc(Cl)c1)c1ccc(-c2cn[nH]c2)cc1,=,-0.4550469679249845,,CHEMBL5043054,CHEMBL5042481,Protein binding in human plasma assessed as unbound fraction,24397848,unknown,human
O=C(Cn1nnc2ccccc21)N(Cc1cccc(Cl)c1)c1ccc(-c2c[nH]cn2)cc1,=,-0.929807991579814,,CHEMBL5043054,CHEMBL5042481,Protein binding in human plasma assessed as unbound fraction,24397846,unknown,human
O=C(Cn1nnc2ccccc21)N(Cc1cccc(Cl)c1)c1ccc(-c2cn[nH]c2)cc1,=,-1.9079761729627127,,CHEMBL5043054,CHEMBL5042481,Protein binding in human plasma assessed as unbound fraction,24397845,unknown,human
O=C(Cn1nnc2ccccc21)N(Cc1ccsc1)c1ccc(-c2c[nH]cn2)cc1,=,-0.7505149849490745,,CHEMBL5043054,CHEMBL5042481,Protein binding in human plasma assessed as unbound fraction,24397849,unknown,human
O=C(N/N=C/c1ccc2no[n+]([O-])c2c1)c1ccncc1,=,1.1794970908597806,,CHEMBL4031553,CHEMBL4028867,Fraction unbound in human plasma at 5 uM by LC-MS/MS analysis,18142277,unknown,human
O=C(N1CCN2CCC1CC2)n1nc(-c2ccc(F)cc2)c2c1COCC2,=,-0.1982656506346964,,CHEMBL5225980,CHEMBL5223177,Unbound fraction in human plasma,24980992,unknown,human
O=C(N1CC[C@@]2(S(=O)(=O)c3ccc(F)cc3)c3ccc(C(F)(C(F)(F)F)C(F)(F)F)cc3CC[C@@H]12)C1(O)CCS(=O)(=O)CC1,=,-0.7026045584107611,,CHEMBL4338068,CHEMBL4334512,Unbound fraction in human serum,18975451,unknown,human
O=C(N1CC[C@@]2(S(=O)(=O)c3ccc(F)cc3)c3ccc(C(F)(C(F)(F)F)C(F)(F)F)cc3NC[C@@H]12)C1(O)CCS(=O)(=O)CC1,=,-1.0072963022393624,,CHEMBL4338068,CHEMBL4334512,Unbound fraction in human serum,18975458,unknown,human
O=C(NC1CC(F)(F)C1)c1nsc2cc(Nc3n[nH]c4cccnc34)ccc12,=,-0.3104352294214184,,CHEMBL4310042,CHEMBL4308847,Fraction unbound in human plasma after 4 hrs by equilibrium dialysis method,18871307,unknown,human
O=C(NC1CC(F)(F)C1)c1nsc2cc(Nc3n[nH]c4nccnc34)ccc12,=,-1.2111151001447686,,CHEMBL4310042,CHEMBL4308847,Fraction unbound in human plasma after 4 hrs by equilibrium dialysis method,18871308,unknown,human
O=C(NC1CC1)C(=O)C(Cc1ccccc1)NC(=O)[C@H]1CCC(=O)N1Cc1ccccc1,=,0.9591955373789416,,CHEMBL4389031,CHEMBL4387740,Fraction unbound in human plasma,19191153,unknown,human
O=C(NC1CC1)c1nc2cccnc2n1-c1ccc(Cl)c(Cl)c1,=,-0.2701994406127747,,CHEMBL4730658,CHEMBL4725427,Protein binding in human plasma assessed as unbound fraction,22896895,unknown,human
O=C(NC1CCC1)Oc1ccc(O)c(-c2ccccc2)c1,=,-0.5080094873098663,,CHEMBL2318387,CHEMBL2311315,Percentage unbound in human plasma after 10 mins by ultrafiltration method,12630482,unknown,human
O=C(NC1CCCC1)Oc1ccc(O)c(-c2ccccc2)c1,=,-0.5111220607652883,,CHEMBL2318387,CHEMBL2311315,Percentage unbound in human plasma after 10 mins by ultrafiltration method,12630483,unknown,human
O=C(NC1CCCC1)Oc1cccc(C2=NCCO2)c1,=,0.5457436362829208,,CHEMBL2318387,CHEMBL2311315,Percentage unbound in human plasma after 10 mins by ultrafiltration method,12630479,unknown,human
O=C(NC1CCCCC1)N1CCC(c2nc(-c3ccc4ccccc4n3)no2)CC1,=,-1.0989455213580468,,CHEMBL1827528,CHEMBL1821555,Fraction unbound in human plasma,6346604,unknown,human
O=C(NC1CCCCC1)Oc1ccc(O)c(-c2ccccc2)c1,=,-0.8951267234526404,,CHEMBL2318387,CHEMBL2311315,Percentage unbound in human plasma after 10 mins by ultrafiltration method,12630485,unknown,human
O=C(NC1CCCCC1)Oc1cccc(C2=NCCO2)c1,=,0.133123287443151,,CHEMBL2318387,CHEMBL2311315,Percentage unbound in human plasma after 10 mins by ultrafiltration method,12630480,unknown,human
O=C(NCC(=O)N1CC[C@H](N[C@H]2CC[C@@](O)(c3ccc(-c4ncccn4)cn3)CC2)C1)c1cccc(C(F)(F)F)c1,=,0.8256321338790893,,CHEMBL2032965,CHEMBL2029240,Fraction unbound in human serum,10885419,unknown,human
O=C(NCC(F)F)[C@H](Nc1ccc2c(c1)CNC2)c1cc(Cl)cc(C2CC2)c1,=,0.3252513489705502,,CHEMBL5674857,CHEMBL5674856,"Human plasma protein binding is determined by spiking test compound into plasma and dialyzing against buffer until equilibrium. Verapamil as test compound is used as reference. Peak areas of compound in both plasma and buffer are determined using HPLC-MS/MS and plasma protein-bound of compound is calculated. The assay has been performed by Enamine biological services, Bienta Ltd.",26265153,unknown,human
O=C(NCC(F)F)[C@H](Nc1cnc2c(c1)CNC2)c1cc(Cl)cc(C2CC2)c1,=,0.5388312109918915,,CHEMBL5674857,CHEMBL5674856,"Human plasma protein binding is determined by spiking test compound into plasma and dialyzing against buffer until equilibrium. Verapamil as test compound is used as reference. Peak areas of compound in both plasma and buffer are determined using HPLC-MS/MS and plasma protein-bound of compound is calculated. The assay has been performed by Enamine biological services, Bienta Ltd.",26265458,unknown,human
O=C(NCC1(N2CCCCC2)CCCC1)N1CCC(c2nc(-c3ccc4ccccc4n3)no2)CC1,=,1.5252177608302393,,CHEMBL1827063,CHEMBL1821583,Protein binding in human plasma assessed as fraction unbound,6341359,unknown,human
O=C(NCC1(N2CCOCC2)CCCC1)N1CCC(c2nc(-c3ccc4ccccc4n3)no2)CC1,=,1.5475391004567651,,CHEMBL1827063,CHEMBL1821583,Protein binding in human plasma assessed as fraction unbound,6341360,unknown,human
O=C(NCC1(O)CCCC(F)(F)C1)c1c(Cl)ccc2nc(N3CC[C@H](F)C3)ccc12,=,0.396790726212057,,CHEMBL4341893,CHEMBL4340547,Protein binding in human plasma assessed as unbound fraction,18994167,unknown,human
O=C(NCC1(O)CCCCCC1)c1cc(-n2ncc(=O)[nH]c2=O)ccc1Cl,=,0.7024142200886537,,CHEMBL1780701,CHEMBL1777794,Fraction unbound in human plasma,6202451,unknown,human
O=C(NCC1CCC(F)(F)CC1)c1c(Cl)ccc2nc(N3CC[C@H](F)C3)ccc12,=,0.1064260931939052,,CHEMBL4341893,CHEMBL4340547,Protein binding in human plasma assessed as unbound fraction,18994166,unknown,human
O=C(NCC1CCCCN1)c1cc(OCC(F)(F)F)ccc1OCC(F)(F)F,=,1.2356922838098356,,CHEMBL1043580,CHEMBL1156824,Fraction unbound in human plasma,2993194,unknown,human
O=C(NCCCN1CCCC1)c1cccc(-c2ccccc2N2CCN(CCc3c[nH]c4ccccc34)CC2)c1,=,-0.1503552240963827,,CHEMBL4681719,CHEMBL4680102,Unbound fraction in human plasma by equilibrium dialysis,22454182,unknown,human
O=C(NCCCN1CCCC1)c1cccc(-c2ccccc2N2CCN(CCc3ccc(Cl)cc3)CC2)c1,=,-0.6588657658303905,,CHEMBL4681719,CHEMBL4680102,Unbound fraction in human plasma by equilibrium dialysis,22454180,unknown,human
O=C(NCCCN1CCCC1)c1cccc(-c2ccccc2N2CCN(CCc3ccccc3)CC2)c1,=,0.2947766242778414,,CHEMBL4681719,CHEMBL4680102,Unbound fraction in human plasma by equilibrium dialysis,22454181,unknown,human
O=C(NCCCN1CCCC1)c1ccnc(-c2ccccc2N2CCN(CCc3c[nH]c4ccccc34)CC2)c1,=,1.022112421788494,,CHEMBL4681719,CHEMBL4680102,Unbound fraction in human plasma by equilibrium dialysis,22454192,unknown,human
O=C(NCCCN1CCCC1)c1ccnc(-c2ccccc2N2CCN(CCc3ccc(Cl)c(Cl)c3)CC2)c1,=,-0.5813774551708419,,CHEMBL4681719,CHEMBL4680102,Unbound fraction in human plasma by equilibrium dialysis,22454191,unknown,human
O=C(NCCCN1CCCC1)c1ccnc(-c2ccccc2N2CCN(CCc3ccc(Cl)cc3)CC2)c1,=,0.5388312109918915,,CHEMBL4681719,CHEMBL4680102,Unbound fraction in human plasma by equilibrium dialysis,22454190,unknown,human
O=C(NCCCN1CCCC1)c1cncc(-c2ccccc2N2CCN(CCc3c[nH]c4ccccc34)CC2)c1,=,0.6736818853795221,,CHEMBL4681719,CHEMBL4680102,Unbound fraction in human plasma by equilibrium dialysis,22454194,unknown,human
O=C(NCCCN1CCCC1)c1cncc(-c2ccccc2N2CCN(CCc3ccc(Cl)c(Cl)c3)CC2)c1,=,-0.7026045584107611,,CHEMBL4681719,CHEMBL4680102,Unbound fraction in human plasma by equilibrium dialysis,22454193,unknown,human
O=C(NCCCN1CCCC1)c1cncc(-c2ccccc2OC2CN(CCc3ccc(Cl)c(Cl)c3)C2)c1,=,0.4548566296028772,,CHEMBL4681719,CHEMBL4680102,Unbound fraction in human plasma by equilibrium dialysis,22454195,unknown,human
O=C(NCCN1CCC2(CC1)C(=O)NCN2c1cccc(F)c1)c1ccc(F)c(F)c1,=,-0.1982656506346964,,CHEMBL2330312,CHEMBL2321744,Fraction unbound in human plasma after 4 hrs by equilibrium dialysis method,12659357,unknown,human
O=C(NCCN1CCC2(CC1)C(=O)NCN2c1cccc(F)c1)c1ccc2ccccc2c1,=,-0.4020844485401025,,CHEMBL1250966,CHEMBL1250519,Fraction unbound in human plasma by equilibrium dialysis,3464570,unknown,human
O=C(NCCN1CCC2(CC1)C(=O)NC[C@H]2c1ccc(F)cc1)c1cc2ccccc2[nH]1,=,-1.799844198268596,,CHEMBL4329652,CHEMBL4325916,Fraction unbound in human plasma,18945349,unknown,human
O=C(NCCN1CCC2(CC1)C(O)=NC[C@H]2c1ccc(F)cc1)c1ccc(F)cc1,=,-1.8692894732289105,,CHEMBL4329652,CHEMBL4325916,Fraction unbound in human plasma,18945352,unknown,human
O=C(NCCN1CCC2(CC1)C(O)=NC[C@H]2c1ccc(F)cc1)c1cnc2ccccc2c1,=,-1.808018020753262,,CHEMBL4329652,CHEMBL4325916,Fraction unbound in human plasma,18945351,unknown,human
O=C(NCCN1CCOCC1)c1ccc(Cl)cc1,=,1.4330248109857762,,CHEMBL1043580,CHEMBL1156824,Fraction unbound in human plasma,2993503,unknown,human
O=C(NCCNCC(O)COc1ccc(O)cc1)N1CCOCC1,=,1.5490961869066493,,CHEMBL1043580,CHEMBL1156824,Fraction unbound in human plasma,2996261,unknown,human
O=C(NCCc1ccccc1Cl)c1cc(-n2ncc(=O)[nH]c2=O)ccc1Cl,=,-1.0989455213580468,,CHEMBL1780701,CHEMBL1777794,Fraction unbound in human plasma,6202450,unknown,human
O=C(NC[C@@H](Cc1ccccc1)N1CCC(O)(C(F)(F)F)CC1)C1(c2ccc(Cl)cc2)CCCC1,=,-1.8600657464243997,,CHEMBL4190639,CHEMBL4190175,Fraction unbound in human plasma,18506817,unknown,human
O=C(NCc1c(F)cc(F)cc1F)c1cn2c(c(O)c1=O)C(=O)N1[C@H]3CC[C@H](C3)O[C@@H]1C2,=,-1.3557268386483343,,CHEMBL5247098,CHEMBL5244275,Unbound fraction in human plasma,25050290,unknown,human
O=C(NCc1cc(-c2ccccc2)no1)c1cc(-c2ccco2)ccc1Cl,=,-1.9079761729627127,,CHEMBL6098584,CHEMBL6096671,Plasma protein binding in human assessed as unbound fraction incubated for 4 hrs by LC/MS/MS analysis,29142974,unknown,human
O=C(NCc1cc(Cl)ccc1-n1cnnn1)[C@@H]1CC=NN1C(=O)[C@H](O)c1ccc(F)cc1,=,1.022112421788494,,CHEMBL3790413,CHEMBL3785091,Plasma protein binding in human assessed as fraction unbound,16533063,unknown,human
O=C(NCc1cc(F)cc(Cl)c1)[C@@]1(O)CCN(c2ccc3[nH]ccc3c2)C1=O,=,-0.7026045584107611,,CHEMBL4417052,CHEMBL4414652,Protein binding in human plasma assessed as unbound fraction,19316175,unknown,human
O=C(NCc1cc(F)cc(Cl)c1)[C@@]1(O)CCN(c2ccc3[nH]ncc3c2)C1=O,=,-0.2329469187618698,,CHEMBL4417052,CHEMBL4414652,Protein binding in human plasma assessed as unbound fraction,19316169,unknown,human
O=C(NCc1cc(F)cc(Cl)c1)[C@@]1(O)CCN(c2cnc3[nH]cc(Cl)c3c2)C1=O,=,-1.2111151001447686,,CHEMBL4417052,CHEMBL4414652,Protein binding in human plasma assessed as unbound fraction,19316173,unknown,human
O=C(NCc1cc(F)cc(Cl)c1)[C@@]1(O)CCN(c2cnc3[nH]ccc3c2)C1=O,=,-0.1207773399751477,,CHEMBL4417052,CHEMBL4414652,Protein binding in human plasma assessed as unbound fraction,19316171,unknown,human
O=C(NCc1cc(F)cc(F)c1)[C@@]1(O)CCN(c2ccc3[nH]ccc3c2)C1=O,=,-0.4550469679249845,,CHEMBL4417052,CHEMBL4414652,Protein binding in human plasma assessed as unbound fraction,19316176,unknown,human
O=C(NCc1cc(F)cc(F)c1)[C@@]1(O)CCN(c2ccc3[nH]ncc3c2)C1=O,=,0.7295926771865047,,CHEMBL4417052,CHEMBL4414652,Protein binding in human plasma assessed as unbound fraction,19316170,unknown,human
O=C(NCc1cc(F)cc(F)c1)[C@@]1(O)CCN(c2cnc3[nH]cc(Cl)c3c2)C1=O,=,-0.5466961870436686,,CHEMBL4417052,CHEMBL4414652,Protein binding in human plasma assessed as unbound fraction,19316174,unknown,human
O=C(NCc1cc(F)cc(F)c1)[C@@]1(O)CCN(c2cnc3[nH]ccc3c2)C1=O,=,0.2623344645609978,,CHEMBL4417052,CHEMBL4414652,Protein binding in human plasma assessed as unbound fraction,19316172,unknown,human
O=C(NCc1ccc(F)cc1)c1nc(C2CCCCN2)nc(O)c1O,=,1.022112421788494,,CHEMBL1060103,CHEMBL1154041,Fraction unbound in human plasma at pH7.4 after 1 hr by ultrafiltration method,2726544,unknown,human
O=C(NCc1ccc(F)cc1)c1nc(C2CCCN2)[nH]c(=O)c1O,=,0.7553767394735358,,CHEMBL1060103,CHEMBL1154041,Fraction unbound in human plasma at pH7.4 after 1 hr by ultrafiltration method,2726538,unknown,human
O=C(NCc1ccc(S(=O)(=O)c2cc(F)cc(F)c2)cc1)c1cc2ccncc2s1,=,-0.8034775043339566,,CHEMBL2423673,CHEMBL2417368,Fraction unbound in human plasma at 5 uM after 4 hrs by LC-MS/MS analysis,13427446,unknown,human
O=C(NCc1ccc(S(=O)(=O)c2cc(F)cc(F)c2)cc1)c1cc2cnccc2[nH]1,=,-0.2329469187618698,,CHEMBL2423673,CHEMBL2417368,Fraction unbound in human plasma at 5 uM after 4 hrs by LC-MS/MS analysis,13427450,unknown,human
O=C(NCc1ccc(S(=O)(=O)c2cc(F)cc(F)c2)cc1)c1ccc2nccn2c1,=,0.1501648857742756,,CHEMBL2423673,CHEMBL2417368,Fraction unbound in human plasma at 5 uM after 4 hrs by LC-MS/MS analysis,13427444,unknown,human
O=C(NCc1ccc(S(=O)(=O)c2cc(F)cc(F)c2)cc1)c1cnc2nccn2c1,=,0.5069043552740142,,CHEMBL2423673,CHEMBL2417368,Fraction unbound in human plasma at 5 uM after 4 hrs by LC-MS/MS analysis,13427442,unknown,human
O=C(NCc1ccc(S(=O)(=O)c2cc(F)cc(F)c2)cn1)c1cc2ccncc2o1,=,0.4069462030645636,,CHEMBL3395025,CHEMBL3393056,Fraction unbound in human plasma,15146599,unknown,human
O=C(NCc1ccc(S(=O)(=O)c2ccc(N3CCOCC3)nc2)cc1)c1cc2ccncc2o1,=,-1.0989455213580468,,CHEMBL2423673,CHEMBL2417368,Fraction unbound in human plasma at 5 uM after 4 hrs by LC-MS/MS analysis,13427447,unknown,human
O=C(NCc1ccc(S(=O)(=O)c2ccc(N3CCOCC3)nc2)cc1)c1cc2cnccc2[nH]1,=,-0.7026045584107611,,CHEMBL2423673,CHEMBL2417368,Fraction unbound in human plasma at 5 uM after 4 hrs by LC-MS/MS analysis,13427449,unknown,human
O=C(NCc1ccc(S(=O)(=O)c2ccc(N3CCOCC3)nc2)cc1)c1ccc2nccn2c1,=,-0.6588657658303905,,CHEMBL2423673,CHEMBL2417368,Fraction unbound in human plasma at 5 uM after 4 hrs by LC-MS/MS analysis,13427443,unknown,human
O=C(NCc1ccc(S(=O)(=O)c2ccc(N3CCOCC3)nc2)cc1)c1cnc2nccn2c1,=,-0.2329469187618698,,CHEMBL2423673,CHEMBL2417368,Fraction unbound in human plasma at 5 uM after 4 hrs by LC-MS/MS analysis,13427441,unknown,human
O=C(NCc1ccc(S(=O)(=O)c2cccc(C(F)(F)F)c2)cc1)c1cc2ccncc2o1,=,-0.7505149849490745,,CHEMBL2423673,CHEMBL2417368,Fraction unbound in human plasma at 5 uM after 4 hrs by LC-MS/MS analysis,13427448,unknown,human
O=C(NCc1ccc(S(=O)(=O)c2cccc(C(F)(F)F)c2)cc1)c1cc2ccncc2s1,=,-1.2111151001447686,,CHEMBL2423673,CHEMBL2417368,Fraction unbound in human plasma at 5 uM after 4 hrs by LC-MS/MS analysis,13427445,unknown,human
O=C(NCc1ccc(S(=O)(=O)c2cccc(C(F)(F)F)c2)cc1)c1cc2cnccc2[nH]1,=,-1.0072963022393624,,CHEMBL2423673,CHEMBL2417368,Fraction unbound in human plasma at 5 uM after 4 hrs by LC-MS/MS analysis,13427451,unknown,human
O=C(NCc1ccc([S+]([O-])c2cc(F)cc(F)c2)cn1)c1cc2ccncc2o1,=,0.5760837328427963,,CHEMBL3395025,CHEMBL3393056,Fraction unbound in human plasma,15146600,unknown,human
O=C(NCc1ccccc1)c1nnc(N[C@@H]2CCN(c3cccnn3)C2)s1,=,0.7295926771865047,,CHEMBL4360341,CHEMBL4359817,Protein binding in human plasma assessed as unbound fraction by LC-MS-based equilibrium dialysis analysis,19065968,unknown,human
O=C(NCc1ccccc1)c1nnc(N[C@@H]2CCN(c3nccnn3)C2)s1,=,0.8256321338790893,,CHEMBL4360341,CHEMBL4359817,Protein binding in human plasma assessed as unbound fraction by LC-MS-based equilibrium dialysis analysis,19065969,unknown,human
O=C(NCc1ccncn1)c1ccc(Oc2ccc(C#C[C@]3(O)CN4CCC3CC4)cc2)cc1,=,0.8470259585922197,,CHEMBL1798930,CHEMBL1795206,Fraction unbound in human plasma,6259467,unknown,human
O=C(NCc1cnc(-c2cccs2)s1)c1cc(-c2ccco2)ccc1Cl,=,-1.9079761729627127,,CHEMBL6098584,CHEMBL6096671,Plasma protein binding in human assessed as unbound fraction incubated for 4 hrs by LC/MS/MS analysis,29142976,unknown,human
O=C(NCc1ncc(C(F)(F)F)cc1Cl)c1ccc2c(c1)C1(CCS(=O)(=O)CC1)[C@H](C1CC1)N2S(=O)(=O)c1ccc(F)cc1,=,-0.5813774551708419,,CHEMBL4676204,CHEMBL4673248,Fraction unbound in human plasma,22430543,unknown,human
O=C(NCc1noc(-c2ccccc2)n1)c1cc(-c2ccco2)ccc1Cl,=,-1.9079761729627127,,CHEMBL6098584,CHEMBL6096671,Plasma protein binding in human assessed as unbound fraction incubated for 4 hrs by LC/MS/MS analysis,29142975,unknown,human
O=C(NO)c1cnc(NC2(c3ccccc3)CCC(F)(F)CC2)nc1,=,0.8256321338790893,,CHEMBL5373342,CHEMBL5370608,Plasma protein binding in human assessed as unbound fraction,25660067,unknown,human
O=C(NS(=O)(=O)N1CCC1)c1cc(C2CC2)c(OCC23CC4CC(CC(C4)C2)C3)cc1F,=,-2.604837245780657,,CHEMBL5055706,CHEMBL5055616,Plasma protein binding in human assessed as unbound fraction at 5 uM after 6 hrs by LC-MS/MS analysis based equilibrium dialysis method,24510279,unknown,human
O=C(N[C@@H](C1CC1)C(F)(F)F)c1cn(-c2c(F)cc(F)cc2F)c2nc(N3C[C@@H](O)[C@H](O)C3)ccc2c1=O,=,-0.1503552240963827,,CHEMBL6085926,CHEMBL6083268,Fraction unbound in human plasma,29102242,unknown,human
O=C(N[C@@H](c1ccccc1)c1cccc(OCc2ccc(CCNC[C@H](O)c3ccc(O)c4[nH]c(=O)ccc34)cc2)c1)O[C@H]1CN2CCC1CC2,=,1.5542519142256952,,CHEMBL5129808,CHEMBL5126603,Protein binding in human plasma assessed as unbound fraction at 5 uM measured after 4 hrs by LC-MS/MS analysis,24781897,unknown,human
O=C(N[C@@H]1CCOC[C@@H]1C(=O)NO)c1ccc(Cn2c(C(F)(F)F)nc3ccccc32)cc1,=,0.7799025307482025,,CHEMBL927212,CHEMBL1141492,Protein binding in human serum,2078979,unknown,human
O=C(N[C@@H]1CC[C@@H](c2cccc(F)c2F)CN(CC(F)(F)F)C1=O)N1CCC(n2c(=O)[nH]c3ncccc32)CC1,=,-0.0412414541546705,,CHEMBL3370559,CHEMBL3352722,Unbound fraction in human plasma,15010713,unknown,human
O=C(N[C@@H]1CC[C@@H](c2cccc(F)c2F)CN(CC(F)(F)F)C1=O)N1CCC(n2c(=O)[nH]c3ncccc32)CC1,=,-0.0412414541546705,,CHEMBL4617615,CHEMBL4616627,Protein binding in human plasma assessed as unbound fraction,20657845,unknown,human
O=C(N[C@@]12C[C@@H]1CN(c1nc(Nc3cnn(CCO)c3)ncc1F)C2)C1CC1,=,-1.198702642168309,,CHEMBL4620436,CHEMBL4619733,Protein binding in human plasma assessed as free fraction at 2 uM relative to control,20669622,unknown,human
O=C(N[C@H](CO)[C@H](O)c1ccc([N+](=O)[O-])cc1)C(Cl)Cl,=,1.022112421788494,,CHEMBL1043580,CHEMBL1156824,Fraction unbound in human plasma,2991975,unknown,human
O=C(N[C@H]1C2CC3CC1C[C@](O)(C3)C2)c1cnc(N2CCOCC2)nc1C1CC1,=,1.0780232135954766,,CHEMBL2161678,CHEMBL2157961,Fraction unbound in human plasma by equilibrium dialysis,12073249,unknown,human
O=C(N[C@H]1C2CC3CC1C[C@](O)(C3)C2)c1cnc(NC2CCOCC2)nc1C1CCC1,=,1.2356922838098356,,CHEMBL2186451,CHEMBL2177079,Fraction unbound in human plasma,12148752,unknown,human
O=C(N[C@H]1C2CC3CC1C[C@](O)(C3)C2)c1cnc(N[C@H]2CCOC2)nc1C1CCCC1,=,1.0780232135954766,,CHEMBL2186451,CHEMBL2177079,Fraction unbound in human plasma,12148751,unknown,human
O=C(N[C@H]1C2CC3CC1C[C@](O)(C3)C2)c1sc(OC2CCOCC2)nc1[C@H]1CCCO1,=,0.8256321338790893,,CHEMBL3130509,CHEMBL3124933,Fraction unbound in human plasma by equilibrium dialysis method,13960392,unknown,human
O=C(N[C@H]1CN(S(=O)(=O)c2ccccc2)C[C@@H]1C(=O)N[C@H]1CCCNC1)c1cc(-c2ccccc2)on1,=,0.3539836836796816,,CHEMBL4626047,CHEMBL4622972,Protein binding in human plasma assessed as unbound fraction,20693589,unknown,human
O=C(N[C@H]1CN(S(=O)(=O)c2ccccc2)C[C@@H]1C(=O)N[C@H]1CCCNC1)c1cc(-c2ccccc2Cl)on1,=,-0.1503552240963827,,CHEMBL4626047,CHEMBL4622972,Protein binding in human plasma assessed as unbound fraction,20693590,unknown,human
O=C(N[C@H]1C[C@@H](c2ccccc2)CN(CC(F)(F)F)C1=O)c1ccc2c(c1)C[C@@]1(C2)C(=O)Nc2ncccc21,=,0.2755636229721379,,CHEMBL6092680,CHEMBL6092144,Plasma protein binding in human assessed as unbound fraction,29122402,unknown,human
O=C(Nc1c(Cl)c[n+]([O-])cc1Cl)c1ccc(OC(F)F)c(OCC2CC2)c1,=,-0.0536539121311303,,CHEMBL4030608,CHEMBL4028848,Fraction unbound in human plasma,18139137,unknown,human
O=C(Nc1c(Cl)cncc1Cl)c1ccc(OC(F)F)c(OCC2CC2)c1,=,-0.4020844485401025,,CHEMBL4030608,CHEMBL4028848,Fraction unbound in human plasma,18139136,unknown,human
O=C(Nc1cc(Br)c2c(c1)CNC2)c1cc(F)cc2[nH]ncc12,=,0.4548566296028772,,CHEMBL5674857,CHEMBL5674856,"Human plasma protein binding is determined by spiking test compound into plasma and dialyzing against buffer until equilibrium. Verapamil as test compound is used as reference. Peak areas of compound in both plasma and buffer are determined using HPLC-MS/MS and plasma protein-bound of compound is calculated. The assay has been performed by Enamine biological services, Bienta Ltd.",26265158,unknown,human
O=C(Nc1cc(F)c(Br)cc1C(=O)O)c1ccc(SC(F)(F)F)cc1,=,-1.3557268386483343,,CHEMBL4667333,CHEMBL4665650,Fraction unbound in human plasma,22392363,unknown,human
O=C(Nc1cc2c(cc1Br)CNC2)c1cc(F)cc2[nH]ncc12,=,1.064617645634545,,CHEMBL5674857,CHEMBL5674856,"Human plasma protein binding is determined by spiking test compound into plasma and dialyzing against buffer until equilibrium. Verapamil as test compound is used as reference. Peak areas of compound in both plasma and buffer are determined using HPLC-MS/MS and plasma protein-bound of compound is calculated. The assay has been performed by Enamine biological services, Bienta Ltd.",26265163,unknown,human
O=C(Nc1cc2c(cc1C1CC1)CNC2)c1cc(F)cc2[nH]ncc12,=,1.2818420115008826,,CHEMBL5674857,CHEMBL5674856,"Human plasma protein binding is determined by spiking test compound into plasma and dialyzing against buffer until equilibrium. Verapamil as test compound is used as reference. Peak areas of compound in both plasma and buffer are determined using HPLC-MS/MS and plasma protein-bound of compound is calculated. The assay has been performed by Enamine biological services, Bienta Ltd.",26265378,unknown,human
O=C(Nc1ccc(Br)cc1C(=O)O)c1ccc(SC(F)(F)F)cc1,=,-1.3557268386483343,,CHEMBL4667333,CHEMBL4665650,Fraction unbound in human plasma,22392362,unknown,human
O=C(Nc1ccc(Cl)c(Cl)c1)N1CCN(C[C@@H]2CCCN(C3CC3)C2)CC1,=,0.0585156666555915,,CHEMBL2038477,CHEMBL2034889,Fraction unbound in human plasma,10897744,unknown,human
O=C(Nc1ccc(Cl)cn1)[C@H]1CN(CC(F)F)C[C@@H]1C(=O)Nc1ccc(-n2ccccc2=O)cc1F,=,0.8256321338790893,,CHEMBL1227347,CHEMBL1221236,Fraction unbound in human plasma,3422970,unknown,human
O=C(Nc1ccc(F)cc1)N1N=C(c2ccncc2)CC1c1ccc(F)cc1,=,-0.4020844485401025,,CHEMBL3855348,CHEMBL3853331,Fraction unbound in human plasma,16671032,unknown,human
O=C(Nc1ccc(F)cn1)c1cc(Oc2cnc(F)c(F)c2)cn2ncnc12,=,-0.1817828950592638,,CHEMBL4047830,CHEMBL4043265,Fraction unbound in human plasma at 5 uM after 4 hrs by equilibrium dialysis method,18221548,unknown,human
O=C(Nc1ccc(F)cn1)c1cc(Oc2cncc(F)c2)cn2ccnc12,=,-0.4020844485401025,,CHEMBL4047830,CHEMBL4043265,Fraction unbound in human plasma at 5 uM after 4 hrs by equilibrium dialysis method,18221489,unknown,human
O=C(Nc1ccc(F)cn1)c1cc(Oc2cncc(F)c2)cn2cnnc12,=,0.4069462030645636,,CHEMBL4047830,CHEMBL4043265,Fraction unbound in human plasma at 5 uM after 4 hrs by equilibrium dialysis method,18221492,unknown,human
O=C(Nc1ccc(F)cn1)c1cc(Oc2cncc(F)c2)cn2ncnc12,=,0.2347835146658341,,CHEMBL4047830,CHEMBL4043265,Fraction unbound in human plasma at 5 uM after 4 hrs by equilibrium dialysis method,18221493,unknown,human
O=C(Nc1ccc(F)cn1)c1cc(Oc2cncc(F)c2)cn2ncnc12,=,0.2347835146658341,,CHEMBL4195059,CHEMBL4190386,Unbound fraction in human plasma at 5 uM after 4 hrs by equilibrium dialysis assay,18529092,unknown,human
O=C(Nc1ccc(F)cn1)c1cc(Oc2cncc(F)c2F)cn2ncnc12,=,0.2056345375731557,,CHEMBL4047830,CHEMBL4043265,Fraction unbound in human plasma at 5 uM after 4 hrs by equilibrium dialysis method,18221549,unknown,human
O=C(Nc1ccc(F)cn1)c1cc(Oc2cncnc2)cn2ncnc12,=,0.9805195407145072,,CHEMBL4047830,CHEMBL4043265,Fraction unbound in human plasma at 5 uM after 4 hrs by equilibrium dialysis method,18221439,unknown,human
O=C(Nc1ccc(N(Cc2ccsc2)C(=O)Cn2nnc3ccccc32)cc1)C1CC1,=,0.0379953069875534,,CHEMBL2445676,CHEMBL2439951,Fraction unbound in human plasma,13513189,unknown,human
O=C(Nc1ccc(N2C(=O)CC(c3ccccc3)C2=O)c(Cl)c1)c1ccccn1,=,-2.717006824567379,,CHEMBL1925089,CHEMBL1921795,Fraction unbound in human plasma,7947613,unknown,human
O=C(Nc1ccc(N2C(=O)CC3(CCCCC3)C2=O)c(Cl)c1)c1ccccn1,=,-0.99081354666393,,CHEMBL1925089,CHEMBL1921795,Fraction unbound in human plasma,7947612,unknown,human
O=C(Nc1ccc(N2C(=O)[C@@H]3[C@H](C2=O)[C@@H]2C=C[C@H]3C2)c(Cl)c1)c1ccccn1,=,-0.0412414541546705,,CHEMBL1925089,CHEMBL1921795,Fraction unbound in human plasma,7947611,unknown,human
O=C(Nc1ccc(O)c(C(=O)O)c1)c1ccc(NC(=O)c2ccco2)cc1,=,-0.4278685108271337,,CHEMBL4179423,CHEMBL4177587,Fraction unbound in human plasma at 1 ug/ml by rapid equilibrium dialysis,18455735,unknown,human
O=C(Nc1ccc(O)c(C(=O)O)c1)c1ccc(NC(=O)c2ccco2)cc1,=,-0.3104352294214184,,CHEMBL4179424,CHEMBL4177587,Fraction unbound in human plasma at 10 ug/ml by rapid equilibrium dialysis,18455737,unknown,human
O=C(Nc1ccc(Oc2ccc(F)cc2)cc1)N1CCc2ncccc2[C@@H]1c1ccc(Cl)cc1,=,-1.5595456365537408,,CHEMBL4323803,CHEMBL4321836,Protein binding in human plasma assessed as unbound fraction,18922695,unknown,human
O=C(Nc1ccc(S(=O)(=O)Nc2ccccc2Cl)c(Cl)c1)c1ccccn1,=,-1.9079761729627127,,CHEMBL1228197,CHEMBL1221266,Fraction unbound in human plasma,3424991,unknown,human
O=C(Nc1ccc(S(=O)(=O)Nc2ccccc2Cl)cc1)c1ccccn1,=,-1.9079761729627127,,CHEMBL1228197,CHEMBL1221266,Fraction unbound in human plasma,3424986,unknown,human
O=C(Nc1ccc(S(=O)(=O)Nc2ccccc2Cl)cc1)c1nccs1,=,-1.9079761729627127,,CHEMBL1228197,CHEMBL1221266,Fraction unbound in human plasma,3424987,unknown,human
O=C(Nc1ccc2c(c1)CNC2)c1cc(Cl)cc2c1cnn2C1CCC1,=,0.1501648857742756,,CHEMBL5674857,CHEMBL5674856,"Human plasma protein binding is determined by spiking test compound into plasma and dialyzing against buffer until equilibrium. Verapamil as test compound is used as reference. Peak areas of compound in both plasma and buffer are determined using HPLC-MS/MS and plasma protein-bound of compound is calculated. The assay has been performed by Enamine biological services, Bienta Ltd.",26265408,unknown,human
O=C(Nc1ccc2c(c1)CNC2)c1cc(Cl)cc2ccncc12,=,1.1848733881722604,,CHEMBL5674857,CHEMBL5674856,"Human plasma protein binding is determined by spiking test compound into plasma and dialyzing against buffer until equilibrium. Verapamil as test compound is used as reference. Peak areas of compound in both plasma and buffer are determined using HPLC-MS/MS and plasma protein-bound of compound is calculated. The assay has been performed by Enamine biological services, Bienta Ltd.",26265188,unknown,human
O=C(Nc1ccc2c(c1)CNC2)c1cc(Cl)cc2cn[nH]c12,=,0.8256321338790893,,CHEMBL5674857,CHEMBL5674856,"Human plasma protein binding is determined by spiking test compound into plasma and dialyzing against buffer until equilibrium. Verapamil as test compound is used as reference. Peak areas of compound in both plasma and buffer are determined using HPLC-MS/MS and plasma protein-bound of compound is calculated. The assay has been performed by Enamine biological services, Bienta Ltd.",26265183,unknown,human
O=C(Nc1ccc2c(c1)CNC2)c1cc(F)cc2c1CCC2,=,0.8872617474008635,,CHEMBL5674857,CHEMBL5674856,"Human plasma protein binding is determined by spiking test compound into plasma and dialyzing against buffer until equilibrium. Verapamil as test compound is used as reference. Peak areas of compound in both plasma and buffer are determined using HPLC-MS/MS and plasma protein-bound of compound is calculated. The assay has been performed by Enamine biological services, Bienta Ltd.",26265178,unknown,human
O=C(Nc1ccc2c(c1)CNC2)c1cccc2[nH]c(C(F)(F)F)cc12,=,1.3478618625965575,,CHEMBL5674857,CHEMBL5674856,"Human plasma protein binding is determined by spiking test compound into plasma and dialyzing against buffer until equilibrium. Verapamil as test compound is used as reference. Peak areas of compound in both plasma and buffer are determined using HPLC-MS/MS and plasma protein-bound of compound is calculated. The assay has been performed by Enamine biological services, Bienta Ltd.",26265168,unknown,human
O=C(Nc1ccc2scnc2c1)[C@@H]1CCN(S(=O)(=O)c2ccc3ncsc3c2)C1,=,0.4985954221832476,,CHEMBL5237946,CHEMBL5236576,Unbound fraction in human plasma,25014674,unknown,human
O=C(Nc1ccc[n+]([O-])c1)c1cc(C(F)(F)F)cnc1Oc1ccc(F)cc1Cl,=,0.4069462030645636,,CHEMBL6115344,CHEMBL6114946,Protein binding in human plasma assessed as unbound fraction,29189565,unknown,human
O=C(Nc1cccc(C(F)(F)F)c1)c1ccccn1,=,-0.6186299770217468,,CHEMBL1035546,CHEMBL1158444,Fraction unbound in human plasma by at 10 mM,2645767,unknown,human
O=C(Nc1cccc(F)n1)c1cc(Oc2cncc(F)c2)cn2ccnc12,=,-0.2701994406127747,,CHEMBL4047830,CHEMBL4043265,Fraction unbound in human plasma at 5 uM after 4 hrs by equilibrium dialysis method,18221487,unknown,human
O=C(Nc1cccc(OC(F)(F)F)c1)c1ccccn1,=,-0.8626845637357965,,CHEMBL1035546,CHEMBL1158444,Fraction unbound in human plasma by at 10 mM,2645768,unknown,human
O=C(Nc1cccc(OC(F)F)c1)c1ccccn1,=,-0.0536539121311303,,CHEMBL1035546,CHEMBL1158444,Fraction unbound in human plasma by at 10 mM,2645769,unknown,human
O=C(Nc1cccc([C@@H]2CN(c3ncnc4[nH]ccc34)CCN2CCO)c1)Nc1c(F)cccc1N1CCCC1,=,-0.7505149849490745,,CHEMBL4390033,CHEMBL4387741,Protein binding in human plasma assessed as unbound fraction at 2 uM by rapid equilibrium dialysis method,19192225,unknown,human
O=C(Nc1ccccc1-c1ccccc1)N1CCN2C(=O)N([C@H]3C[C@@H]3c3ccccc3)C(=O)[C@@H]2C1,=,-0.0057434855928168,,CHEMBL1816323,CHEMBL1811786,Plasma protein binding in human assessed as unbound fraction,6319457,unknown,human
O=C(Nc1ccccc1C(=O)O)c1ccc(SC(F)(F)F)cc1,=,-0.2701994406127747,,CHEMBL4667333,CHEMBL4665650,Fraction unbound in human plasma,22392361,unknown,human
O=C(Nc1ccccc1Cl)N1CCC(c2nc(-c3ccc4ccccc4n3)no2)CC1,=,-1.0989455213580468,,CHEMBL1827528,CHEMBL1821555,Fraction unbound in human plasma,6346603,unknown,human
O=C(Nc1ccccc1F)N[C@H]1N=C(c2ccccc2)c2ccccc2NC1=O,=,0.0585156666555915,,CHEMBL918057,CHEMBL1142977,Fraction unbound ligand in human serum,1825853,unknown,human
O=C(Nc1ccnn1-c1ccccc1)N1CCN2C(=O)N([C@H]3C[C@@H]3c3ccccc3)C(=O)[C@@H]2C1,=,0.6736818853795221,,CHEMBL1816323,CHEMBL1811786,Plasma protein binding in human assessed as unbound fraction,6319458,unknown,human
O=C(Nc1cnc(Oc2ccc(F)cc2)nc1)N1CCc2ncccc2[C@@H]1c1ccc(F)cc1,=,-0.4837793026341161,,CHEMBL4323803,CHEMBL4321836,Protein binding in human plasma assessed as unbound fraction,18922696,unknown,human
O=C(Nc1cncc(Oc2cncnc2)n1)c1cc(Cl)ccn1,=,0.4985954221832476,,CHEMBL3363401,CHEMBL3352741,Fraction unbound in human plasma by equilibrium dialysis method,15050298,unknown,human
O=C(Nc1cnccc1-c1ccc(F)cc1)c1ccnc(Nc2ccc(Cl)cc2)n1,=,-1.5595456365537408,,CHEMBL5343427,CHEMBL5338804,Protein binding in human plasma assessed as unbound fraction at 10 uM incubated for 5 hrs by equilibrium dialysis method,25539895,unknown,human
O=C(Nc1cnccc1-c1ccc(F)cc1)c1ccnc(Nc2ccc(F)cc2)n1,=,-1.5595456365537408,,CHEMBL5343427,CHEMBL5338804,Protein binding in human plasma assessed as unbound fraction at 10 uM incubated for 5 hrs by equilibrium dialysis method,25539897,unknown,human
O=C(Nc1cnccc1-c1ccc(F)cc1)c1ccnc(Nc2ccc(OC(F)F)cc2)n1,=,-1.3557268386483343,,CHEMBL5343427,CHEMBL5338804,Protein binding in human plasma assessed as unbound fraction at 10 uM incubated for 5 hrs by equilibrium dialysis method,25539898,unknown,human
O=C(Nc1cnccc1-c1ccc(F)cc1)c1ccnn2cc(-c3ccccc3)nc12,=,-1.3557268386483343,,CHEMBL5252028,CHEMBL5247659,Plasma protein binding in human assessed as unbound fraction at 10 uM measured for 5 hrs by equilibrium dialysis based LC-MS/MS analysis,25067309,unknown,human
O=C(Nc1cnccc1N1CCC(F)(F)CC1)c1ccnn2cc(-c3ccccc3)nc12,=,-1.0989455213580468,,CHEMBL5252028,CHEMBL5247659,Plasma protein binding in human assessed as unbound fraction at 10 uM measured for 5 hrs by equilibrium dialysis based LC-MS/MS analysis,25067310,unknown,human
O=C(Nc1cnccc1N1CCOCC1)c1ccnn2cc(-c3ccccc3)nc12,=,-0.6588657658303905,,CHEMBL5252028,CHEMBL5247659,Plasma protein binding in human assessed as unbound fraction at 10 uM measured for 5 hrs by equilibrium dialysis based LC-MS/MS analysis,25067311,unknown,human
O=C(Nc1nc(C(F)(F)F)co1)C1c2ccccc2Oc2ccccc21,=,-0.5813774551708419,,CHEMBL3631342,CHEMBL3627606,Fraction unbound in human plasma,15749786,unknown,human
O=C(Nc1nc(C(F)(F)F)co1)C1c2ccccc2Oc2ccccc21,=,-0.5813774551708419,,CHEMBL3804549,CHEMBL3797099,Fraction unbound in human plasma,16566246,unknown,human
O=C(Nc1nc2cccc(-c3ccc(CN4CCS(=O)(=O)CC4)cc3)n2n1)C1CC1,=,1.2337551754127778,,CHEMBL5154513,CHEMBL5150077,Plasma protein binding in human assessed as unbound fraction at 2 uM incubated for 4 hrs by LC/MS/MS based balanced dialysis method,24875998,unknown,human
O=C(Nc1nc2cccc(C3CCC(NC(=O)C4(F)CC4)CC3)n2n1)C1CC1,=,0.9691499024036122,,CHEMBL5154513,CHEMBL5150077,Plasma protein binding in human assessed as unbound fraction at 2 uM incubated for 4 hrs by LC/MS/MS based balanced dialysis method,24875999,unknown,human
O=C(Nc1nc2cccc(C3CCC4(CC3)CCN(C(=O)[C@@H]3CC3(F)F)C4)n2n1)C1CC1,=,0.3426870508161552,,CHEMBL5154513,CHEMBL5150077,Plasma protein binding in human assessed as unbound fraction at 2 uM incubated for 4 hrs by LC/MS/MS based balanced dialysis method,24876002,unknown,human
O=C(Nc1nc2cccc(C3CCC4(CC3)CCN(C(=O)[C@@H]3CC3(F)F)CC4)n2n1)C1CC1,=,0.1154836176471022,,CHEMBL5154513,CHEMBL5150077,Plasma protein binding in human assessed as unbound fraction at 2 uM incubated for 4 hrs by LC/MS/MS based balanced dialysis method,24876001,unknown,human
O=C(Nc1nc2cccc(C3CCC4(CC3)CN(C(=O)[C@@H]3CC3(F)F)C4)n2n1)C1CC1,=,0.6911175872251272,,CHEMBL5154513,CHEMBL5150077,Plasma protein binding in human assessed as unbound fraction at 2 uM incubated for 4 hrs by LC/MS/MS based balanced dialysis method,24876004,unknown,human
O=C(Nc1nc2cccc([C@H]3CC[C@@H](NC(=O)[C@@H]4CC4(F)F)CC3)n2n1)C1CC1,=,0.3252513489705502,,CHEMBL5154513,CHEMBL5150077,Plasma protein binding in human assessed as unbound fraction at 2 uM incubated for 4 hrs by LC/MS/MS based balanced dialysis method,24876000,unknown,human
O=C(Nc1ncc(C2(O)CCC2)s1)c1ccc(F)c(Cl)c1,=,-0.1207773399751477,,CHEMBL4021907,CHEMBL4020760,Fraction unbound in human plasma,18100497,unknown,human
O=C(O)/C=C/C(=O)O.[2H]C([2H])(Cc1c[nH]c2ccccc12)N(C)C,=,1.3851143844474625,,CHEMBL5372848,CHEMBL5370593,Plasma protein binding in human assessed as unbound fraction by rapid equilibrium dialysis analysis,25658225,unknown,human
O=C(O)/C=C/c1ccc(C2c3ccc(O)cc3CCN2Cc2ccccc2)cc1,=,-0.929807991579814,,CHEMBL3776156,CHEMBL3774369,Percentage unbound in human plasma by equilibrium dialysis method,16505156,unknown,human
O=C(O)/C=C/c1ccc(C2c3ccc(O)cc3CCN2c2ccc(OC(F)(F)F)cc2)cc1,=,-2.164757490253001,,CHEMBL3776156,CHEMBL3774369,Percentage unbound in human plasma by equilibrium dialysis method,16505155,unknown,human
O=C(O)/C=C/c1ccc(C2c3ccc(O)cc3CCN2c2ccccc2)cc1,=,-0.6588657658303905,,CHEMBL3776156,CHEMBL3774369,Percentage unbound in human plasma by equilibrium dialysis method,16505157,unknown,human
O=C(O)/C=C/c1ccc(Cc2c(-c3ccccc3)c(=O)oc3cc(O)ccc23)cc1,=,-0.6588657658303905,,CHEMBL3429922,CHEMBL3425438,Free plasma concentration in human by LC-UV-MS analysis,15243339,unknown,human
O=C(O)CCCc1ccc(N(CCCl)CCCl)cc1,=,-0.7505149849490745,,CHEMBL1043580,CHEMBL1156824,Fraction unbound in human plasma,2990479,unknown,human
O=C(O)CCc1ccccc1,=,0.3811621407775327,,CHEMBL3801196,CHEMBL3797172,Percentage unbound in human plasma at 5 uM after 6 hrs by equilibrium dialysis method,16560833,unknown,human
O=C(O)CN1C(=O)[C@@]2(NC(=O)N(Cc3cc(Cl)ccc3F)C2=O)c2cc(Cl)ccc21,=,-0.331829054134549,,CHEMBL2044976,CHEMBL2040789,Fraction unbound in human plasma,10922653,unknown,human
O=C(O)COc1ccc(Cl)cc1C#Cc1cccc(S(=O)(=O)CCO)c1,=,0.0274122001586224,,CHEMBL1920742,CHEMBL1914440,Percentage unbound in human plasma,7923166,unknown,human
O=C(O)COc1ccc(Cl)cc1C#Cc1cccnc1,=,-0.2153072489658211,,CHEMBL1920742,CHEMBL1914440,Percentage unbound in human plasma,7923343,unknown,human
O=C(O)C[C@@H]1O[C@@H](c2cccc(Cl)c2)[C@@H](c2ccc(Cl)cc2)N(CC2CC2)C1=O,=,-0.0291281208564636,,CHEMBL2351542,CHEMBL2346599,Fraction unbound in human plasma,12720636,unknown,human
O=C(O)C[C@H](O)C[C@H](O)/C=C/c1c(C2CC2)nc2ccccc2c1-c1ccc(F)cc1,=,-3.1776069397630726,,CHEMBL4702833,CHEMBL4699523,Fraction unbound in human plasma,22763457,unknown,human
O=C(O)C[C@H]1CC[C@H](c2ccc(NC(=O)c3nnc(Nc4ccc(F)c(F)c4)o3)cc2)CC1,=,-1.3557268386483343,,CHEMBL2038291,CHEMBL2034922,Fraction unbound in human plasma,10915248,unknown,human
O=C(O)Cc1ccccc1Nc1c(Cl)cccc1Cl,=,-1.0989455213580468,,CHEMBL1043580,CHEMBL1156824,Fraction unbound in human plasma,2990460,unknown,human
O=C(O)Cc1ccccc1Nc1c(Cl)cccc1Cl,=,-1.2111151001447686,,CHEMBL3533033,CHEMBL3526056,Fraction unbound in human plasma,15470069,unknown,human
O=C(O)Cc1ccccc1Nc1c(Cl)cccc1Cl,=,-3.5571409426690144,,CHEMBL4702833,CHEMBL4699523,Fraction unbound in human plasma,22763440,unknown,human
O=C(O)P(=O)(O)O,=,1.482712536984188,,CHEMBL1043580,CHEMBL1156824,Fraction unbound in human plasma,2994731,unknown,human
O=C(O)[C@@H]1CCC[C@H]1C(=O)c1ccc(-c2ccc(Nc3nc4ccc(F)cc4s3)c(F)c2)cc1,=,-4.298714049430343,,CHEMBL4702833,CHEMBL4699523,Fraction unbound in human plasma,22763471,unknown,human
O=C(O)[C@@H]1C[C@H](Oc2nc3c(F)c(-c4ccc(-c5ccccc5)cc4)c(F)cc3[nH]2)CCO1,=,0.7553767394735358,,CHEMBL4144377,CHEMBL4138270,Unbound fraction in 10% human serum,18375380,unknown,human
O=C(O)[C@@H]1C[C@H](Oc2nc3c(F)c(-c4ccc(-c5ccccc5)cc4)c(F)cc3[nH]2)CCO1,=,0.4069462030645636,,CHEMBL4144378,CHEMBL4138270,Unbound fraction in 100% human serum,18375377,unknown,human
O=C(O)[C@H](Oc1cccc(C(F)(F)F)c1)c1ccc(Cl)cc1,=,-0.8034775043339566,,CHEMBL3363663,CHEMBL3351754,Fraction unbound in 100% human serum,15043864,unknown,human
O=C(O)[C@H]1/C(=C/CO)O[C@@H]2CC(=O)N21,=,1.5169993923747904,,CHEMBL1043580,CHEMBL1156824,Fraction unbound in human plasma,2994892,unknown,human
O=C(O)[C@H]1CC[C@@H](Oc2nc3c(F)c(-c4ccc(-c5ccccc5)cc4)c(F)cc3[nH]2)CC1,=,0.9591955373789416,,CHEMBL4144377,CHEMBL4138270,Unbound fraction in 10% human serum,18375383,unknown,human
O=C(O)[C@H]1CC[C@@H](Oc2nc3c(F)c(-c4ccc(N5CCCC5)cc4)c(F)cc3[nH]2)CC1,=,1.564407391078202,,CHEMBL4144377,CHEMBL4138270,Unbound fraction in 10% human serum,18375382,unknown,human
O=C(O)[C@H]1CC[C@@H](Oc2nc3c(F)c(-c4ccc(N5CCCC5)cc4)c(F)cc3[nH]2)CC1,=,1.3076260737879135,,CHEMBL4144378,CHEMBL4138270,Unbound fraction in 100% human serum,18375378,unknown,human
O=C(O)[C@H]1CC[C@H](C(=O)N2CC[C@@]3(S(=O)(=O)c4ccc(F)cc4)c4ccc(C(F)(C(F)(F)F)C(F)(F)F)cc4NC[C@@H]23)CC1,=,-0.5813774551708419,,CHEMBL4338068,CHEMBL4334512,Unbound fraction in human serum,18975452,unknown,human
O=C(O)[C@H]1CC[C@H](C(=O)N2CC[C@@]3(S(=O)(=O)c4ccc(F)cc4)c4ccc(C(F)(C(F)(F)F)C(F)(F)F)cc4OC[C@@H]23)CC1,=,-1.3557268386483343,,CHEMBL4338068,CHEMBL4334512,Unbound fraction in human serum,18975456,unknown,human
O=C(O)[C@H]1CC[C@H](C(=O)N2CC[C@](c3ccc(C(F)(C(F)(F)F)C(F)(F)F)cc3)(S(=O)(=O)c3ccc(F)cc3)C2)CC1,=,-0.0928435423790931,,CHEMBL4339780,CHEMBL4339200,Protein binding in human plasma assessed as unbound fraction,18984524,unknown,human
O=C(O)[C@H]1CC[C@H](OC2CCN(c3ccc(-c4nc5cc(C(F)(F)F)ccc5[nH]4)cn3)CC2)CC1,=,0.2820498937016034,,CHEMBL3386704,CHEMBL3351398,Unbound fraction in human plasma,15088235,unknown,human
O=C(O)[C@H]1NCC[C@H]1CCCB(O)O,=,1.4459147225428244,,CHEMBL6076288,CHEMBL6074669,Plasma protein binding in human assessed as free fraction by LC-MS-MS analysis,29070626,unknown,human
O=C(O)c1c[nH]c2cc(Cl)c(-c3ccc(C4(O)CCC4)cc3)cc12,=,-2.7987016786613923,,CHEMBL3854732,CHEMBL3853317,Fraction unbound in human plasma by equilibrium dialysis,16667925,unknown,human
O=C(O)c1c[nH]c2cc(Cl)c(-c3ccc(C4(O)CCC4)cc3)cc12,=,-0.4837793026341161,,CHEMBL4234624,CHEMBL4229467,Protein binding in human plasma assessed as unbound fraction,18670929,unknown,human
O=C(O)c1cc(-c2ccc(C3CCNCC3)cc2)cc(-c2cn(-c3ccc(C(F)(F)F)cc3)nn2)c1,=,-0.6383454061623525,,CHEMBL4622324,CHEMBL4619807,Unbound fraction in human plasma,20678951,unknown,human
O=C(O)c1cc(-c2ccc([C@@H]3C[C@@H]4C[C@H]3NC4=O)cc2)c2ccc(-c3ccc(C(F)(F)F)cc3)cc2c1,=,1.5587964554759417,,CHEMBL5045633,CHEMBL5042543,Plasma protein binding in human assessed as bound fraction,24409093,unknown,human
O=C(O)c1cc(-c2ccc([C@H]3C[C@H]4C[C@@H]3CN4)cc2)c2ccc(-c3ccc(C(F)(F)F)cc3)cc2c1,=,1.5000339806165566,,CHEMBL5045633,CHEMBL5042543,Plasma protein binding in human assessed as bound fraction,24409092,unknown,human
O=C(O)c1ccc(NC(=O)[C@H](CC2CCCC2)n2cnc(C(F)(F)F)c2)nc1,=,0.5388312109918915,,CHEMBL2168791,CHEMBL2163316,Fraction unbound in human plasma at 50 uM by equilibrium dialysis,12082359,unknown,human
O=C(O)c1ccc(NC(=O)[C@H](CC2CCCC2)n2cnc(C(F)(F)F)c2)nc1,=,-1.8600657464243997,,CHEMBL4702833,CHEMBL4699523,Fraction unbound in human plasma,22763478,unknown,human
O=C(O)c1cccc(Cc2cc(Cl)ccc2OCc2ccc(Cl)cc2F)n1,=,-3.782818793462333,,CHEMBL4702833,CHEMBL4699523,Fraction unbound in human plasma,22763454,unknown,human
O=C(O)c1cn(C2CC2)c2cc(N3CCNCC3)c(F)cc2c1=O,=,1.3851143844474625,,CHEMBL1043580,CHEMBL1156824,Fraction unbound in human plasma,2993419,unknown,human
O=C(O)c1cn(C2CC2)c2cc(N3CCNCC3)c(F)cc2c1=O,=,1.4130481820435172,,CHEMBL3389961,CHEMBL3352584,Fraction unbound in human plasma at 10 uM after 16 hrs by LC-MS/MS analysis,15073371,unknown,human
O=C(O)c1cn(C2CC2)c2cc(N3CCNCC3)c(F)cc2c1=O,=,1.4652629199561722,,CHEMBL4729399,CHEMBL4725368,Protein binding in human plasma assessed as free fraction,22891063,unknown,human
O=C(O)c1cn(Cc2ccc(-n3cccn3)cc2)c2cccc(F)c2c1=O,=,0.4069462030645636,,CHEMBL1070736,CHEMBL1156905,Fraction unbound in human plasma,3098772,unknown,human
O=C(O)c1cn(Cc2ccc(-n3cnc4ccccc43)cc2)c2cccc(F)c2c1=O,=,0.3539836836796816,,CHEMBL1070736,CHEMBL1156905,Fraction unbound in human plasma,3098774,unknown,human
O=C(O)c1cn(Cc2ccc3ccccc3c2)c2cccc(F)c2c1=O,=,-0.1503552240963827,,CHEMBL1772351,CHEMBL1770115,Fraction unbound in human plasma,6177309,unknown,human
O=C(O[C@@H]1CC[C@@H](c2cccc(F)c2F)[C@H](O)c2cccnc21)N1CCC(n2c(=O)[nH]c3ncccc32)CC1,=,-0.0412414541546705,,CHEMBL2183298,CHEMBL2176923,Fraction unbound in human plasma,12142826,unknown,human
O=C(O[C@@H]1O[C@H](C(=O)O)[C@@H](O)[C@H](O)[C@H]1O)c1c[nH]c2cc(Cl)c(-c3ccc(C4(O)CCC4)cc3)cc12,=,-0.4278685108271337,,CHEMBL4234624,CHEMBL4229467,Protein binding in human plasma assessed as unbound fraction,18670930,unknown,human
O=C(O[C@H]1CN2CCC1CC2)N1CCc2ccccc2[C@@H]1c1ccccc1,=,-0.4020844485401025,,CHEMBL1043580,CHEMBL1156824,Fraction unbound in human plasma,2990503,unknown,human
O=C([C@@H]1C=C2c3cccc4[nH]cc(c34)C[C@H]2N(C(=O)Nc2ccccc2)C1)N1CCCC1,=,-0.1982656506346964,,CHEMBL1810324,CHEMBL1806382,Fraction unbound in human serum,6293436,unknown,human
O=C([C@@H]1C=C2c3cccc4c3c(cn4CCO)C[C@H]2N(C(=O)Nc2ccccc2)C1)N1CCCC1,=,0.2947766242778414,,CHEMBL1810324,CHEMBL1806382,Fraction unbound in human serum,6293437,unknown,human
O=C([C@@H]1CNC[C@H]1c1ccc(F)cc1F)N1CCC(c2ccnn2-c2ccc(F)c(Cl)c2)CC1,=,0.4985954221832476,,CHEMBL2026496,CHEMBL2021890,Plasma protein binding in 10% human plasma assessed as percentage unbound,10873257,unknown,human
O=C([C@H]1Cc2c([nH]c3ccccc23)[C@H](c2ccccc2)N1C(=O)CCl)N1CCCC1,=,0.1584738188650421,,CHEMBL5376065,CHEMBL5375942,Unbound fraction in human plasma,25670234,unknown,human
O=C([O-])C[C@H](O)C[C@H](O)CCn1c(-c2ccc(F)cc2)nc(C(=O)NCc2cccc(F)c2)c1C1CC1.[Na+],=,0.9421539390478172,,CHEMBL1787325,CHEMBL1781963,Fraction unbound in human plasma at 0.5 ug/ml,6231677,unknown,human
O=C([O-])Cc1ccccc1Nc1c(Cl)cccc1Cl.[Na+],=,-1.3557268386483343,,CHEMBL3528936,CHEMBL3526069,Fraction unbound in human plasma by ultracentrifugation method,15461534,unknown,human
O=C(c1cc([C@H]2CCCN2c2cc(F)cc(F)c2)c2oc(N3CCOCC3)cc(=O)c2c1)N1CCOCC1,=,0.6736818853795221,,CHEMBL4015061,CHEMBL4014298,Fraction unbound in human plasma,18069833,unknown,human
O=C(c1cc([C@H]2CCCN2c2cccc(F)c2)c2oc(N3CCOCC3)cc(=O)c2c1)N1CCOCC1,=,0.4548566296028772,,CHEMBL4015061,CHEMBL4014298,Fraction unbound in human plasma,18069834,unknown,human
O=C(c1cc2cccnc2n1-c1cc(F)c(Cl)c(F)c1)N1CC(F)(F)C1,=,0.4683824413167973,,CHEMBL4730658,CHEMBL4725427,Protein binding in human plasma assessed as unbound fraction,22896899,unknown,human
O=C(c1cc2cccnc2n1-c1ccnc(F)c1)N1CC(F)C1,=,1.1891334052525364,,CHEMBL4730658,CHEMBL4725427,Protein binding in human plasma assessed as unbound fraction,22896902,unknown,human
O=C(c1ccc(-c2cnn3cccnc23)cc1)N(c1ncccc1C(F)(F)F)[C@@H]1CCCNC1,=,-1.198702642168309,,CHEMBL5365882,CHEMBL5365408,Unbound fraction in human plasma by equilibrium dialysis analysis,25631862,unknown,human
O=C(c1ccc(F)c(F)c1)N1CCN2C(=O)c3ccccc3C12C1CCCCC1,=,-0.8626845637357965,,CHEMBL3380866,CHEMBL3351438,Fraction unbound in human plasma,14971492,unknown,human
O=C(c1ccc(F)c(F)c1)N1CCN2C(=O)c3ccccc3C12c1ccc(Cl)cc1,=,-0.5466961870436686,,CHEMBL3380866,CHEMBL3351438,Fraction unbound in human plasma,14971493,unknown,human
O=C(c1ccc(F)c(F)c1)N1CCN2C(=O)c3ccccc3[C@@]12c1ccc(Cl)cc1,=,-0.6186299770217468,,CHEMBL3107829,CHEMBL3102750,Fraction unbound in human plasma at 5 uM after 4 hrs by equilibrium dialysis method,13880537,unknown,human
O=C(c1ccc(F)c(F)c1N[14c]1[14cH][14cH][14c](I)[14cH][14c]1F)N1CC(O)([C@@H]2CCCCN2)C1,=,0.0782310957961973,,CHEMBL3539130,CHEMBL3526097,Percentage unbound in human plasma at 1 uM after 5 hrs by equilibrium dialysis,15461626,unknown,human
O=C(c1ccc(F)c(F)c1N[14c]1[14cH][14cH][14c](I)[14cH][14c]1F)N1CC(O)([C@@H]2CCCCN2)C1,=,0.1904006745829195,,CHEMBL3539131,CHEMBL3526097,Percentage unbound in human plasma at 5 uM after 5 hrs by equilibrium dialysis,15461625,unknown,human
O=C(c1ccc(F)c(F)c1N[14c]1[14cH][14cH][14c](I)[14cH][14c]1F)N1CC(O)([C@@H]2CCCCN2)C1,=,0.133123287443151,,CHEMBL3539132,CHEMBL3526097,Percentage unbound in human plasma at 10 uM after 5 hrs by equilibrium dialysis,15461624,unknown,human
O=C(c1ccc(F)cc1)C1CCN(CCn2c(=O)[nH]c3ccccc3c2=O)CC1,=,0.1064260931939052,,CHEMBL1043580,CHEMBL1156824,Fraction unbound in human plasma,2990556,unknown,human
O=C(c1ccc(OCCN2CCCCC2)cc1)c1c(-c2ccc(O)cc2)sc2cc(O)ccc12,=,-1.5595456365537408,,CHEMBL3528936,CHEMBL3526069,Fraction unbound in human plasma by ultracentrifugation method,15461538,unknown,human
O=C(c1cccc(Cc2n[nH]c(=O)c3ccccc23)c1)N1CCn2c(cnc2C(F)(F)F)C1,=,0.5760837328427963,,CHEMBL3743819,CHEMBL3739394,Fraction unbound in human plasma,16407342,unknown,human
O=C(c1cccc(Cc2n[nH]c(=O)c3ccccc23)c1)N1CCn2c(nnc2C(F)(F)F)C1,=,0.90623301799406,,CHEMBL3743819,CHEMBL3739394,Fraction unbound in human plasma,16407336,unknown,human
O=C(c1cccc(F)c1-c1ncccn1)N1[C@@H]2CC[C@H]1[C@H](Nc1cnc(C(F)(F)F)cn1)C2,=,0.7553767394735358,,CHEMBL4731175,CHEMBL4725448,Protein binding in human plasma assessed as free fraction,22898632,unknown,human
O=C(c1cccc(F)c1-c1ncccn1)N1[C@@H]2CC[C@H]1[C@H](Nc1ncc(C(F)(F)F)cc1F)C2,=,0.1154836176471022,,CHEMBL4731175,CHEMBL4725448,Protein binding in human plasma assessed as free fraction,22898633,unknown,human
O=C(c1ccccc1)c1ccc2n1CCC2C(=O)O,=,-0.9443794178298104,,CHEMBL1043580,CHEMBL1156824,Fraction unbound in human plasma,2990466,unknown,human
O=C(c1ccccc1)c1ccc2n1CCC2C(=O)O,=,-2.577447178910381,,CHEMBL4702833,CHEMBL4699523,Fraction unbound in human plasma,22763442,unknown,human
O=C(c1ccccc1-c1ncccn1)N1[C@@H]2CC[C@H]1[C@H](Nc1cnc(C(F)(F)F)cn1)C2,=,0.6107650009699698,,CHEMBL4731175,CHEMBL4725448,Protein binding in human plasma assessed as free fraction,22898631,unknown,human
O=C(c1ccccc1Cl)c1c[nH]c2ncc(-c3cnn(C4CCNCC4)c3)cc12,=,0.4548566296028772,,CHEMBL3598811,CHEMBL3596182,Protein binding in human plasma assessed as unbound fraction,15656292,unknown,human
O=C(c1ccco1)N1CCN([C@@H]2CC(=O)N(c3ccc(-c4ccc(F)cc4)cc3)C2)CC1,=,0.4985954221832476,,CHEMBL5045292,CHEMBL5042536,Protein binding in human plasma assessed as free plasma concentration incubated for 10 mins by ultracentrifugation,24407701,unknown,human
O=C(c1cnc(NC2(c3cncnc3)CC2)nc1)N1CCCCC1,=,-0.7935231393092862,,CHEMBL5047669,CHEMBL5046251,Plasma protein binding in human assessed as unbound fraction,24417306,unknown,human
O=C(c1cnc(NCc2cnccn2)nc1)N1CCC2(CCOCC2)C1,=,1.459722005235022,,CHEMBL5047669,CHEMBL5046251,Plasma protein binding in human assessed as unbound fraction,24417307,unknown,human
O=C(c1n[nH]c2ncccc12)N1CCc2nc(COc3ccccc3)oc2C1,=,-0.0536539121311303,,CHEMBL3607062,CHEMBL3603827,Fraction unbound in human plasma,15674693,unknown,human
O=C(c1nc2cccnc2n1-c1ccc(Cl)c(Cl)c1)N1CC(C(F)(F)F)C1,=,-0.331829054134549,,CHEMBL4730658,CHEMBL4725427,Protein binding in human plasma assessed as unbound fraction,22896898,unknown,human
O=C(c1nc2cccnc2n1-c1ccc(Cl)c(Cl)c1)N1CC(F)(F)C1,=,-0.0794379744181615,,CHEMBL4730658,CHEMBL4725427,Protein binding in human plasma assessed as unbound fraction,22896897,unknown,human
O=C(c1nc2cccnc2n1-c1ccc(Cl)c(Cl)c1)N1CCC1,=,-0.0663806427073687,,CHEMBL4730658,CHEMBL4725427,Protein binding in human plasma assessed as unbound fraction,22896896,unknown,human
O=C(c1nsc2cc(Nc3n[nH]c4cccnc34)ccc12)N1CCC(F)(F)CC1,=,-0.3775586572654357,,CHEMBL4310042,CHEMBL4308847,Fraction unbound in human plasma after 4 hrs by equilibrium dialysis method,18871310,unknown,human
O=C(c1nsc2cc(Nc3n[nH]c4cccnc34)ccc12)N1CCOCC1,=,0.2755636229721379,,CHEMBL4310042,CHEMBL4308847,Fraction unbound in human plasma after 4 hrs by equilibrium dialysis method,18871311,unknown,human
O=C1C(CC[S+]([O-])c2ccccc2)C(=O)N(c2ccccc2)N1c1ccccc1,=,-0.4837793026341161,,CHEMBL1043580,CHEMBL1156824,Fraction unbound in human plasma,2990495,unknown,human
O=C1C(O)=C([C@H]2CC[C@H](c3ccc(Cl)cc3)CC2)C(=O)c2ccccc21,=,-1.9079761729627127,,CHEMBL1043580,CHEMBL1156824,Fraction unbound in human plasma,2990447,unknown,human
O=C1C=C(O)CC1Cc1ccccc1,=,0.2922569247315792,,CHEMBL3801196,CHEMBL3797172,Percentage unbound in human plasma at 5 uM after 6 hrs by equilibrium dialysis method,16560857,unknown,human
O=C1C=CN(c2c(F)cc(N3C[C@H](CNc4ccon4)OC3=O)c(F)c2F)CC1,=,1.5114448716933202,,CHEMBL5391083,CHEMBL5390223,Plasma protein binding in human assessed as unbound fraction at 2 uM incubated for 4 hrs by LC/MS/MS based balanced dialysis method,25721960,unknown,human
O=C1CC(c2c(Cl)cccc2Cl)CC(O)=C1Sc1ccccc1Cl,=,-1.0989455213580468,,CHEMBL3369992,CHEMBL3352775,Fraction unbound in human plasma by LC-MS/MS analysis,15051425,unknown,human
O=C1CC(c2c[nH]c3ccc(F)cc23)C(=O)N1,=,1.163014335284348,,CHEMBL4058821,CHEMBL4052817,"Fraction unbound in human plasma assessed as (R)-3-(5-fluoro-1H-indol-3-yl)pyrrolidine-2,5-dione",18271335,unknown,human
O=C1CC(c2ccccc2)CC(O)=C1Oc1ccccc1Cl,=,-0.7026045584107611,,CHEMBL3378387,CHEMBL3351509,Unbound fraction in human plasma,14995108,unknown,human
O=C1CC(c2ccccc2)CC(O)=C1Sc1ccccc1Cl,=,-1.9079761729627127,,CHEMBL3378387,CHEMBL3351509,Unbound fraction in human plasma,14995105,unknown,human
O=C1CC(c2ccccc2)CC(O)=C1Sc1ccccc1Cl,=,-1.9079761729627127,,CHEMBL3369992,CHEMBL3352775,Fraction unbound in human plasma by LC-MS/MS analysis,15051423,unknown,human
O=C1CCC(Cc2ccccc2)=C1O,=,0.6432071606868136,,CHEMBL3801196,CHEMBL3797172,Percentage unbound in human plasma at 5 uM after 6 hrs by equilibrium dialysis method,16560860,unknown,human
O=C1CCC(O)=C1Cc1ccccc1,=,0.586741637530205,,CHEMBL3801196,CHEMBL3797172,Percentage unbound in human plasma at 5 uM after 6 hrs by equilibrium dialysis method,16560859,unknown,human
O=C1CCCC2(CCN(c3cc(OCC(F)(F)F)ncn3)CC2)N1c1ccc(F)c(F)c1,=,0.1826070454911193,,CHEMBL6158608,CHEMBL6153142,Protein binding in human plasma assessed as free fraction,29287704,unknown,human
O=C1CCCn2nc(COc3ccccc3)cc21,=,0.8256321338790893,,CHEMBL3375003,CHEMBL3351812,Fraction unbound in human plasma,15024129,unknown,human
O=C1CCSC[C@@H](C(=O)Nc2cc(Br)cc(Br)c2)N1,=,-0.929807991579814,,CHEMBL4737549,CHEMBL4732192,Protein binding in human plasma assessed as unbound fraction,22926088,unknown,human
O=C1CCSC[C@@H](C(=O)Nc2cc(Cl)cc(Br)c2)N1,=,-0.7026045584107611,,CHEMBL4737549,CHEMBL4732192,Protein binding in human plasma assessed as unbound fraction,22926087,unknown,human
O=C1CCSC[C@@H](C(=O)Nc2cccc(Cl)c2)N1,=,-0.1982656506346964,,CHEMBL4737549,CHEMBL4732192,Protein binding in human plasma assessed as unbound fraction,22926086,unknown,human
O=C1CCc2cc(N3CC[C@](O)(C(=O)NCc4cc(F)cc(Cl)c4)C3=O)ccc2N1,=,-0.331829054134549,,CHEMBL4417052,CHEMBL4414652,Protein binding in human plasma assessed as unbound fraction,19316167,unknown,human
O=C1CCc2cc(N3CC[C@](O)(C(=O)NCc4cc(F)cc(F)c4)C3=O)ccc2N1,=,0.4548566296028772,,CHEMBL4417052,CHEMBL4414652,Protein binding in human plasma assessed as unbound fraction,19316168,unknown,human
O=C1CCc2ccccc2N1CCCN1CCC(Cc2ccccc2)CC1,=,0.1243808234872447,,CHEMBL4048917,CHEMBL4043296,Fraction unbound in human plasma at 0.5 uM by equilibrium dialysis method,18226463,unknown,human
O=C1CCc2ccccc2N1CCCN1CCN(c2ccc3ccccc3c2)CC1,=,1.1162197338589677,,CHEMBL6113018,CHEMBL6109138,Protein binding in human plasma assessed as unbound fraction at 0.5 uM,29182343,unknown,human
O=C1CCc2ccccc2N1CCCN1CCN(c2cccc3ccccc23)CC1,=,0.8256321338790893,,CHEMBL6113018,CHEMBL6109138,Protein binding in human plasma assessed as unbound fraction at 0.5 uM,29182342,unknown,human
O=C1CCc2ccccc2N1CCCN1CCN(c2ccccc2)CC1,=,-0.1503552240963827,,CHEMBL4048917,CHEMBL4043296,Fraction unbound in human plasma at 0.5 uM by equilibrium dialysis method,18226464,unknown,human
O=C1CN(/N=C/c2ccc([N+](=O)[O-])o2)C(=O)N1,=,1.1038072758825077,,CHEMBL5227510,CHEMBL5226306,Unbound fraction in human plasma,24984926,unknown,human
O=C1CN(c2c(O)cc3c(c2F)CCN(CC2CC2)CC3)S(=O)(=O)N1,=,1.338494901995103,,CHEMBL5524540,CHEMBL5523702,Plasma protein binding in human assessed as unbound fraction,25908647,unknown,human
O=C1CN=C(c2ccccc2)c2cc([N+](=O)[O-])ccc2N1,=,0.5388312109918915,,CHEMBL1043580,CHEMBL1156824,Fraction unbound in human plasma,2990684,unknown,human
O=C1CN=C(c2ccccc2Cl)c2cc([N+](=O)[O-])ccc2N1,=,0.6107650009699698,,CHEMBL1043580,CHEMBL1156824,Fraction unbound in human plasma,2990709,unknown,human
O=C1CN=C(c2ccccn2)c2cc(Br)ccc2N1,=,1.1954564950011917,,CHEMBL1043580,CHEMBL1156824,Fraction unbound in human plasma,2992100,unknown,human
O=C1CO[C@H]2CCN(C(=O)N3CC(CCc4c(F)cccc4C(F)(F)F)C3)C[C@H]2N1,=,0.0585156666555915,,CHEMBL5354360,CHEMBL5352430,Unbound fraction in human plasma,25583804,unknown,human
O=C1CO[C@H]2CCN(C(=O)N3CCC(Cc4ccc(C(F)(F)F)cc4)CC3)C[C@H]2N1,=,-0.0172998337847618,,CHEMBL6130071,CHEMBL6127097,Free fraction in human plasma incubated for 5 hrs by equilibrium dialysis based LC-MS/MS analysis,29237701,unknown,human
O=C1CO[C@H]2CCN(C(=O)N3CCC(Cc4ccc(C(F)(F)F)cc4)CC3)C[C@H]2N1,=,-0.0172998337847618,,CHEMBL6130099,CHEMBL6127097,Plasma protein binding in human assessed as fraction unbound by equilibrium dialysis based LC-MS/MS method,29237730,unknown,human
O=C1COc2ccc(C(=O)N3CCC(Cc4ccc(C(F)(F)F)cc4)CC3)cc2N1,=,-1.0989455213580468,,CHEMBL6130071,CHEMBL6127097,Free fraction in human plasma incubated for 5 hrs by equilibrium dialysis based LC-MS/MS analysis,29237700,unknown,human
O=C1COc2ccc(C(=O)N3CCC(Cc4ccc(C(F)(F)F)cc4)CC3)cc2N1,=,-1.0989455213580468,,CHEMBL6130099,CHEMBL6127097,Plasma protein binding in human assessed as fraction unbound by equilibrium dialysis based LC-MS/MS method,29237729,unknown,human
O=C1COc2ccc(CNC3CCN(CCN4C(=O)COc5ccc(F)cc54)CC3)nc2N1,=,0.6736818853795221,,CHEMBL1919742,CHEMBL1914454,Fraction unbound in human plasma at 10 uM after 16 hrs by equilibrium dialysis,7940010,unknown,human
O=C1COc2ccccc2N1CCN1CCC(NCc2cc3c(cn2)OCCO3)CC1,=,0.8872617474008635,,CHEMBL1919742,CHEMBL1914454,Fraction unbound in human plasma at 10 uM after 16 hrs by equilibrium dialysis,7940012,unknown,human
O=C1C[C@@H](c2c[nH]c3ccc(F)cc23)C(=O)N1,=,0.9351721739391772,,CHEMBL4058776,CHEMBL4052817,Fraction unbound in human plasma after 48 hrs,18271493,unknown,human
O=C1C[C@H](c2c[nH]c3ccc(F)cc23)C(=O)N1,=,1.1618960277998187,,CHEMBL4058776,CHEMBL4052817,Fraction unbound in human plasma after 48 hrs,18271380,unknown,human
O=C1C[C@H](c2c[nH]c3ccccc23)C(=O)N1,=,1.1401613542288764,,CHEMBL4058732,CHEMBL4052817,Fraction unbound in human plasma,18271440,unknown,human
O=C1Cc2cc(CCN3CCN(c4nsc5ccccc45)CC3)c(Cl)cc2N1,=,-1.816326953844029,,CHEMBL1043580,CHEMBL1156824,Fraction unbound in human plasma,2990449,unknown,human
O=C1N(CCO)c2cc(F)cc(F)c2C12CCN(c1nc3c(c(=O)[nH]1)CCCC3)CC2,=,-0.4837793026341161,,CHEMBL4388130,CHEMBL4387706,Protein binding in human serum assessed as unbound fraction at 1 uM measured after 24 hrs by LC-MS/MS analysis,19185348,unknown,human
O=C1N(CCO)c2cccc(Cl)c2C12CCN(c1nc3c(c(=O)[nH]1)CCCC3)CC2,=,-0.4550469679249845,,CHEMBL4388130,CHEMBL4387706,Protein binding in human serum assessed as unbound fraction at 1 uM measured after 24 hrs by LC-MS/MS analysis,19185347,unknown,human
O=C1N=S(=O)(NCc2ccccc2)c2ccccc21,=,0.4985954221832476,,CHEMBL4036848,CHEMBL4033761,Fraction unbound in human plasma,18167944,unknown,human
O=C1N=S(=O)(Nc2ccccc2)c2ccccc21,=,0.3426870508161552,,CHEMBL4036848,CHEMBL4033761,Fraction unbound in human plasma,18167945,unknown,human
O=C1NC(=O)C(Cc2ccccc2)O1,=,0.5760837328427963,,CHEMBL3801196,CHEMBL3797172,Percentage unbound in human plasma at 5 uM after 6 hrs by equilibrium dialysis method,16560850,unknown,human
O=C1NC(=O)C(Cc2ccccc2)S1,=,-0.135348766225144,,CHEMBL3801196,CHEMBL3797172,Percentage unbound in human plasma at 5 uM after 6 hrs by equilibrium dialysis method,16560849,unknown,human
O=C1NC(=O)[C@](CNC(=O)c2cc3cc(C(F)(F)F)ccc3o2)(C2CC2)N1,=,0.8775006832849281,,CHEMBL4425626,CHEMBL4425099,Fraction unbound in human plasma,19402823,unknown,human
O=C1NC(c2ccccc2)CC(O)=C1Oc1ccccc1Cl,=,-0.354174022001789,,CHEMBL3378387,CHEMBL3351509,Unbound fraction in human plasma,14995109,unknown,human
O=C1NC(c2ccccc2)CC(O)=C1Sc1ccccc1Cl,=,-1.3557268386483343,,CHEMBL3378387,CHEMBL3351509,Unbound fraction in human plasma,14995106,unknown,human
O=C1NC2(CC2)COc2ncc(F)cc2[C@H]2CCCCN2c2ccn3ncc1c3n2,=,-0.4020844485401025,,CHEMBL5035195,CHEMBL5034019,Protein binding in human plasma assessed as unbound fraction by LC-MS/MS based equilibrium dialysis method,24364098,unknown,human
O=C1NC2(CC2)COc2ncc(F)cc2[C@H]2CNCCN2c2ccn3ncc1c3n2,=,1.0508447564976258,,CHEMBL5035195,CHEMBL5034019,Protein binding in human plasma assessed as unbound fraction by LC-MS/MS based equilibrium dialysis method,24364099,unknown,human
O=C1NC2(CC2)COc2ncc(F)cc2[C@H]2COCCN2c2ccn3ncc1c3n2,=,0.6432071606868136,,CHEMBL5035195,CHEMBL5034019,Protein binding in human plasma assessed as unbound fraction by LC-MS/MS based equilibrium dialysis method,24364100,unknown,human
O=C1NCCc2nc(OCc3cccc(F)c3)ccc21,=,0.0274122001586224,,CHEMBL3378586,CHEMBL3297742,Fraction unbound in human plasma,15062172,unknown,human
O=C1NCc2nc(-c3c(F)cccc3F)cc(Nc3ccc(C(=O)N4CCCC4)cc3)c21,=,-1.9130282658092808,,CHEMBL5105747,CHEMBL5104135,Plasma protein binding in human assessed as unbound fraction,24691306,unknown,human
O=C1NCc2nc(-c3c(F)cccc3F)cc(Nc3ccc(C(=O)N4CCOCC4)cc3)c21,=,-1.4473760577670187,,CHEMBL5105747,CHEMBL5104135,Plasma protein binding in human assessed as unbound fraction,24691305,unknown,human
O=C1NS(=O)(=O)c2ccccc21,=,1.064617645634545,,CHEMBL4036848,CHEMBL4033761,Fraction unbound in human plasma,18167932,unknown,human
O=C1N[C@H](c2cc(C#Cc3ccccc3)ccn2)[C@@H](c2ccccc2)O1,=,-1.0072963022393624,,CHEMBL4479794,CHEMBL4477253,Fraction unbound in human serum,19477011,unknown,human
O=C1N[C@H](c2cccc(C#Cc3ccccc3)n2)[C@@H](c2ccccc2)O1,=,-0.8034775043339566,,CHEMBL4479794,CHEMBL4477253,Fraction unbound in human serum,19477008,unknown,human
O=C1N[C@H](c2ccnc(C#Cc3ccccc3)c2)[C@@H](c2ccccc2)O1,=,-1.0989455213580468,,CHEMBL4479794,CHEMBL4477253,Fraction unbound in human serum,19477009,unknown,human
O=C1N[C@H](c2cncc(C#Cc3ccccc3)c2)[C@@H](c2ccc(F)cc2)O1,=,-1.2111151001447686,,CHEMBL4479794,CHEMBL4477253,Fraction unbound in human serum,19477012,unknown,human
O=C1N[C@H](c2cncc(C#Cc3ccccc3)c2)[C@@H](c2ccccc2)O1,=,-0.8626845637357965,,CHEMBL4479794,CHEMBL4477253,Fraction unbound in human serum,19477010,unknown,human
O=C1N[C@H](c2cncc(C#Cc3ccccn3)c2)[C@@H](c2ccc(F)cc2)O1,=,0.1826070454911193,,CHEMBL4479794,CHEMBL4477253,Fraction unbound in human serum,19477013,unknown,human
O=C1N[C@H](c2cncc(C#Cc3cccnc3)c2)[C@@H](c2ccc(F)cc2)O1,=,0.3071890822543016,,CHEMBL4479794,CHEMBL4477253,Fraction unbound in human serum,19477014,unknown,human
O=C1N[C@H](c2cncc(C#Cc3ccnc(F)c3)c2)[C@@H](c2ccc(F)cc2)O1,=,-0.135348766225144,,CHEMBL4479794,CHEMBL4477253,Fraction unbound in human serum,19477018,unknown,human
O=C1N[C@H](c2cncc(C#Cc3ccncc3)c2)[C@@H](c2ccc(F)cc2)O1,=,0.5760837328427963,,CHEMBL4479794,CHEMBL4477253,Fraction unbound in human serum,19477015,unknown,human
O=C1N[C@H](c2cncc(C#Cc3cncc(F)c3)c2)[C@@H](c2ccc(F)cc2)O1,=,-0.1207773399751477,,CHEMBL4479794,CHEMBL4477253,Fraction unbound in human serum,19477017,unknown,human
O=C1N[C@H](c2cncc(C#Cc3ncccc3F)c2)[C@@H](c2ccc(F)cc2)O1,=,0.2689925619908105,,CHEMBL4479794,CHEMBL4477253,Fraction unbound in human serum,19477016,unknown,human
O=C1Nc2ccc(Cl)cc2C(c2ccccc2)=NC1O,=,-0.0536539121311303,,CHEMBL1043580,CHEMBL1156824,Fraction unbound in human plasma,2990526,unknown,human
O=C1Nc2ccc(Cl)cc2C(c2ccccc2Cl)=NC1O,=,0.3539836836796816,,CHEMBL1043580,CHEMBL1156824,Fraction unbound in human plasma,2990594,unknown,human
O=C1Nc2ccc(Cl)cc2C(c2ccccc2Cl)=NC1O,=,0.1243808234872447,,CHEMBL3528936,CHEMBL3526069,Fraction unbound in human plasma by ultracentrifugation method,15461489,unknown,human
O=C1Nc2ccc(Cl)cc2[C@@](C#CC2CC2)(C(F)(F)F)O1,=,-1.1300489878550155,,CHEMBL1676377,CHEMBL1671732,"Fraction unbound in healthy human plasma at 400 mg, po measured on day 1 post dose by liquid chromatography-tandem mass spectrometry",5230137,unknown,human
O=C1Nc2ccc(Cl)cc2[C@@](C#CC2CC2)(C(F)(F)F)O1,=,-1.0792300922174412,,CHEMBL1676378,CHEMBL1671732,"Fraction unbound in healthy human plasma at 400 mg, po qd for 14 days by liquid chromatography-tandem mass spectrometry",5230136,unknown,human
O=C1Nc2cccc(n2)-c2nncn2CCCCCOc2ccccc21,=,-1.73883864318448,,CHEMBL4324216,CHEMBL4321844,Unbound fraction in human plasma at 1 uM incubated for 4 hrs by rapid equilibrium dialysis method,18924412,unknown,human
O=C1Nc2cccc(n2)-c2nncn2CCCCOc2cc(F)ccc21,=,-0.7026045584107611,,CHEMBL4324216,CHEMBL4321844,Unbound fraction in human plasma at 1 uM incubated for 4 hrs by rapid equilibrium dialysis method,18924419,unknown,human
O=C1Nc2cccc(n2)-c2nncn2CCCCOc2ccc(Br)cc21,=,-1.0072963022393624,,CHEMBL4324216,CHEMBL4321844,Unbound fraction in human plasma at 1 uM incubated for 4 hrs by rapid equilibrium dialysis method,18924422,unknown,human
O=C1Nc2cccc(n2)-c2nncn2CCCCOc2ccc(F)cc21,=,-0.2329469187618698,,CHEMBL4324216,CHEMBL4321844,Unbound fraction in human plasma at 1 uM incubated for 4 hrs by rapid equilibrium dialysis method,18924418,unknown,human
O=C1Nc2cccc(n2)-c2nncn2CCCCOc2ccc(N3CC4(COC4)C3)cc21,=,0.6336924474736142,,CHEMBL4324216,CHEMBL4321844,Unbound fraction in human plasma at 1 uM incubated for 4 hrs by rapid equilibrium dialysis method,18924423,unknown,human
O=C1Nc2cccc(n2)-c2nncn2CCCCOc2ccccc21,=,-0.1658234909178525,,CHEMBL4324216,CHEMBL4321844,Unbound fraction in human plasma at 1 uM incubated for 4 hrs by rapid equilibrium dialysis method,18924411,unknown,human
O=C1Nc2cccc3c4c(cc(c23)O1)N(C(=O)c1cc2cc(NC(=O)c3cc5ccccc5[nH]3)ccc2[nH]1)C[C@H]4CCl,=,0.0585156666555915,,CHEMBL2157111,CHEMBL2150954,Fraction unbound in human plasma incubated over 48 hrs,12046142,unknown,human
O=C1OC(c2ccccc2)CC(O)=C1Oc1ccccc1Cl,=,-1.0072963022393624,,CHEMBL3378387,CHEMBL3351509,Unbound fraction in human plasma,14995107,unknown,human
O=C1OC(c2ccccc2)CC(O)=C1Sc1ccccc1Cl,=,-0.8626845637357965,,CHEMBL3378387,CHEMBL3351509,Unbound fraction in human plasma,14995104,unknown,human
O=C1[C@H](N2CCC(c3ccc(O)cc3)CC2)CCN1Cc1ccc(F)cc1,=,0.4069462030645636,,CHEMBL4149872,CHEMBL4145597,Fraction unbound in human plasma,18399794,unknown,human
O=C1c2c(O)c(=O)ccn2N([C@@H]2c3ccccc3SCc3c2ccc(F)c3F)[C@@H]2COCCN12,=,0.3132822357298443,,CHEMBL5529547,CHEMBL5528039,Protein binding in human plasma assessed as unbound fraction at 400 uM incubated for 4 hrs by LC-MS/MS analysis,25926185,unknown,human
O=C1c2cc(COc3ccccc3)nn2CCC1c1ccc(F)cc1,=,-0.8626845637357965,,CHEMBL3375003,CHEMBL3351812,Fraction unbound in human plasma,15024072,unknown,human
O=C1c2cc(COc3ccccc3)nn2CCN1c1ccc(F)cn1,=,0.3071890822543016,,CHEMBL3749963,CHEMBL3745662,Plasma protein binding in human assessed as percentage unbound,16427059,unknown,human
O=C1c2ccc(COc3cccc(F)c3)nc2CCN1c1ccc(F)cc1,=,-0.5813774551708419,,CHEMBL3378586,CHEMBL3297742,Fraction unbound in human plasma,15062170,unknown,human
O=C1c2ccc(COc3ccccc3)nc2CCN1c1ccc(F)cc1,=,-0.3775586572654357,,CHEMBL3378586,CHEMBL3297742,Fraction unbound in human plasma,15062171,unknown,human
O=C1c2ccc(OCc3cccc(F)c3)nc2CCN1c1ccc(F)cn1,=,-0.7505149849490745,,CHEMBL3378586,CHEMBL3297742,Fraction unbound in human plasma,15062169,unknown,human
O=C1c2ncc(COc3ccccc3)cc2CCN1c1ccc(F)cc1,=,0.3864258433965256,,CHEMBL3378586,CHEMBL3297742,Fraction unbound in human plasma,15062173,unknown,human
O=P(O)(O)C(O)(Cc1cccnc1)P(=O)(O)O,=,1.4264537500044487,,CHEMBL1043580,CHEMBL1156824,Fraction unbound in human plasma,2993491,unknown,human
O=P(O)(O)CCc1ccccc1,=,0.9756782929543744,,CHEMBL3801196,CHEMBL3797172,Percentage unbound in human plasma at 5 uM after 6 hrs by equilibrium dialysis method,16560838,unknown,human
O=P1(N(CCCl)CCCl)NCCCO1,=,1.4944032733621953,,CHEMBL1043580,CHEMBL1156824,Fraction unbound in human plasma,2994768,unknown,human
O=P1(NCCCl)OCCCN1CCCl,=,1.564407391078202,,CHEMBL1043580,CHEMBL1156824,Fraction unbound in human plasma,2978205,unknown,human
O=S(=O)(CCC(F)(F)F)N[C@H]1CC[C@H](Nc2ncc3c(-c4ccccn4)n[nH]c3n2)CC1,=,0.2947766242778414,,CHEMBL4369859,CHEMBL4368903,Fraction unbound in human plasma at 10 ug/ml after 15 mins by UPLC-MS/MS analysis,19107965,unknown,human
O=S(=O)(Cc1ccccc1)c1ccccc1O,=,-0.5174056301705944,,CHEMBL3801196,CHEMBL3797172,Percentage unbound in human plasma at 5 uM after 6 hrs by equilibrium dialysis method,16560868,unknown,human
O=S(=O)(NCCO)c1ccc(-c2ccnc3[nH]c(C4CC4)cc23)cc1,=,0.2276531964338244,,CHEMBL2169552,CHEMBL2163232,Fraction unbound in human plasma,12086601,unknown,human
O=S(=O)(Nc1ccc(C(F)(F)F)nc1)c1ccccc1C(F)(F)F,=,-0.83815877246113,,CHEMBL3853566,CHEMBL3853265,Fraction unbound in human plasma,16663791,unknown,human
O=S(=O)(Nc1ccncn1)c1cc2c(cc1F)[C@@H](N1CC[C@H](C(F)(F)F)C[C@@H]1c1cc[nH]n1)CCO2,=,-0.331829054134549,,CHEMBL4386323,CHEMBL4385607,Protein binding in human plasma assessed as unbound fraction level at 5 uM after 4 hrs by equilibrium dialysis based LC-MS/MS analysis,19177011,unknown,human
O=S(=O)(Nc1ccncn1)c1cc2c(cc1F)[C@@H](N1CC[C@H](C(F)(F)F)C[C@@H]1c1ccccn1)CCO2,=,-0.4837793026341161,,CHEMBL4386323,CHEMBL4385607,Protein binding in human plasma assessed as unbound fraction level at 5 uM after 4 hrs by equilibrium dialysis based LC-MS/MS analysis,19177017,unknown,human
O=S(=O)(Nc1ccncn1)c1cc2c(cc1F)[C@@H](N1CC[C@H](C(F)(F)F)C[C@@H]1c1cccnc1)CCO2,=,-0.2153072489658211,,CHEMBL4386323,CHEMBL4385607,Protein binding in human plasma assessed as unbound fraction level at 5 uM after 4 hrs by equilibrium dialysis based LC-MS/MS analysis,19177016,unknown,human
O=S(=O)(Nc1ccncn1)c1cc2c(cc1F)[C@@H](N1CC[C@H](C(F)(F)F)C[C@@H]1c1ccncc1)CCO2,=,-0.1658234909178525,,CHEMBL4386323,CHEMBL4385607,Protein binding in human plasma assessed as unbound fraction level at 5 uM after 4 hrs by equilibrium dialysis based LC-MS/MS analysis,19177015,unknown,human
O=S(=O)(Nc1ccncn1)c1cc2c(cc1F)[C@@H](N1CC[C@H](C(F)(F)F)C[C@@H]1c1ccncn1)CCO2,=,0.3132822357298443,,CHEMBL4386323,CHEMBL4385607,Protein binding in human plasma assessed as unbound fraction level at 5 uM after 4 hrs by equilibrium dialysis based LC-MS/MS analysis,19177018,unknown,human
O=S(=O)(Nc1ccncn1)c1cc2c(cc1F)[C@@H](N1CC[C@H](C(F)(F)F)C[C@@H]1c1ccnnc1)CCO2,=,0.2947766242778414,,CHEMBL4386323,CHEMBL4385607,Protein binding in human plasma assessed as unbound fraction level at 5 uM after 4 hrs by equilibrium dialysis based LC-MS/MS analysis,19177020,unknown,human
O=S(=O)(Nc1ccncn1)c1cc2c(cc1F)[C@@H](N1CC[C@H](C(F)(F)F)C[C@@H]1c1cn[nH]c1)CCO2,=,-0.4837793026341161,,CHEMBL4386323,CHEMBL4385607,Protein binding in human plasma assessed as unbound fraction level at 5 uM after 4 hrs by equilibrium dialysis based LC-MS/MS analysis,19177010,unknown,human
O=S(=O)(Nc1ccncn1)c1cc2c(cc1F)[C@@H](N1CC[C@H](C(F)(F)F)C[C@@H]1c1cnccn1)CCO2,=,-0.1982656506346964,,CHEMBL4386323,CHEMBL4385607,Protein binding in human plasma assessed as unbound fraction level at 5 uM after 4 hrs by equilibrium dialysis based LC-MS/MS analysis,19177019,unknown,human
O=S(=O)(Nc1ccncn1)c1cc2c(cc1F)[C@@H](N1CC[C@H](C(F)(F)F)C[C@@H]1c1cnco1)CCO2,=,-0.2899148697533803,,CHEMBL4386323,CHEMBL4385607,Protein binding in human plasma assessed as unbound fraction level at 5 uM after 4 hrs by equilibrium dialysis based LC-MS/MS analysis,19177014,unknown,human
O=S(=O)(Nc1cncc(C(F)(F)F)c1)c1ccccc1C(F)(F)F,=,-1.2928099542387823,,CHEMBL3853566,CHEMBL3853265,Fraction unbound in human plasma,16663872,unknown,human
O=S(=O)(Nc1nncs1)c1cc(Cl)c(Oc2ccc(C(F)(F)F)cc2-c2ccnnc2)cc1F,=,-1.6717152153404626,,CHEMBL4040142,CHEMBL4038312,Fraction unbound in human plasma,18183145,unknown,human
O=S(=O)(Nc1nncs1)c1cc(Cl)c(Oc2ccc(C(F)(F)F)cc2-c2ccnnc2)cc1F,=,-3.9866375913677383,,CHEMBL4702833,CHEMBL4699523,Fraction unbound in human plasma,22763467,unknown,human
O=S(=O)([O-])CCc1ccccc1.[Na+],=,-1.339244083072902,,CHEMBL3801196,CHEMBL3797172,Percentage unbound in human plasma at 5 uM after 6 hrs by equilibrium dialysis method,16560840,unknown,human
O=S(=O)(c1ccc(C(F)(F)F)cn1)N1CCC2(CC1)OC(c1cc(Cl)cc[n+]1[O-])c1ccccc12,=,0.0585156666555915,,CHEMBL1953702,CHEMBL1949630,Fraction unbound in human plasma,8035575,unknown,human
O=S(=O)(c1ccc(Cl)cc1)N1CCCc2cc(Cl)c(Oc3cc(-c4nc(C5CC5)no4)cc(Cl)n3)cc21,=,0.5760837328427963,,CHEMBL3118582,CHEMBL3112422,Percentage unbound in human plasma by ultracentrifugation method,13904714,unknown,human
O=S(=O)(c1ccc(Cl)cc1)N1CCCc2cc(Cl)c(Oc3cc(-c4nnc(C5CC5)o4)cc(Cl)n3)cc21,=,0.4985954221832476,,CHEMBL3118582,CHEMBL3112422,Percentage unbound in human plasma by ultracentrifugation method,13904716,unknown,human
O=S(=O)(c1ccc(Cl)cc1)N1CCCc2cc(F)c(Oc3cc(-c4nc(C5CC5)no4)cc(Cl)n3)cc21,=,0.9245142692517684,,CHEMBL3118582,CHEMBL3112422,Percentage unbound in human plasma by ultracentrifugation method,13904708,unknown,human
O=S(=O)(c1ccc(Cl)cc1)N1CCCc2ccc(Oc3cc(-c4nc(C5CC5)no4)cc(Cl)n3)cc21,=,0.4548566296028772,,CHEMBL3118582,CHEMBL3112422,Percentage unbound in human plasma by ultracentrifugation method,13904718,unknown,human
O=S(=O)(c1ccc(Cl)cc1)N1CCCc2ccc(Oc3cc(-c4nnc(C5CC5)o4)cc(Cl)n3)cc21,=,0.5388312109918915,,CHEMBL3118582,CHEMBL3112422,Percentage unbound in human plasma by ultracentrifugation method,13904715,unknown,human
O=S(=O)(c1ccc(Cl)cc1)N1CCc2ccc(Oc3cc(-c4nc(C5CC5)no4)cc(Cl)n3)cc21,=,0.8872617474008635,,CHEMBL3118582,CHEMBL3112422,Percentage unbound in human plasma by ultracentrifugation method,13904710,unknown,human
O=S(=O)(c1cnc(CO)s1)N1CCC(c2cn3ncnc3cc2Cl)CC1,=,0.6736818853795221,,CHEMBL5578548,CHEMBL5576133,Unbound fraction in human plasma at 5 uM incubated for 6 hrs under shaking condition by equilibrium dialysis method,26014649,unknown,human
O=S([O-])CCc1ccccc1.[Na+],=,0.0585156666555915,,CHEMBL3801196,CHEMBL3797172,Percentage unbound in human plasma at 5 uM after 6 hrs by equilibrium dialysis method,16560841,unknown,human
O=S1(=O)N=C(NCc2ccccc2)c2ccccc21,=,0.7553767394735358,,CHEMBL4036848,CHEMBL4033761,Fraction unbound in human plasma,18167937,unknown,human
O=S1(=O)N=C(Nc2ccccc2)c2ccccc21,=,0.6432071606868136,,CHEMBL4036848,CHEMBL4033761,Fraction unbound in human plasma,18167938,unknown,human
O=[N+]([O-])O[C@@H]1CO[C@H]2[C@@H]1OC[C@@H]2O,=,1.564407391078202,,CHEMBL1043580,CHEMBL1156824,Fraction unbound in human plasma,2978206,unknown,human
O=[PH](O)CCc1ccccc1,=,0.3461027763504941,,CHEMBL3801196,CHEMBL3797172,Percentage unbound in human plasma at 5 uM after 6 hrs by equilibrium dialysis method,16560839,unknown,human
O=c1[nH]c(CCc2ccccc2)no1,=,-0.7026045584107611,,CHEMBL3801196,CHEMBL3797172,Percentage unbound in human plasma at 5 uM after 6 hrs by equilibrium dialysis method,16560851,unknown,human
O=c1[nH]c(CCc2ccccc2)ns1,=,-0.6715924964066285,,CHEMBL3801196,CHEMBL3797172,Percentage unbound in human plasma at 5 uM after 6 hrs by equilibrium dialysis method,16560852,unknown,human
O=c1[nH]c(N2CCC3(CC2)CN(CCO)c2cc(F)cc(F)c23)nc2c1CCCC2,=,-1.2111151001447686,,CHEMBL4345407,CHEMBL4342498,Protein binding in human plasma assessed as unbound fraction at 1 uM measured after 24 hrs by LC-MS/MS analysis,19010710,unknown,human
O=c1[nH]c(N2CCC3(CC2)CN(CCO)c2cc(F)cc(F)c23)nc2c1CCCC2,=,-1.2111151001447686,,CHEMBL4388130,CHEMBL4387706,Protein binding in human serum assessed as unbound fraction at 1 uM measured after 24 hrs by LC-MS/MS analysis,19185346,unknown,human
O=c1[nH]c(N2CCC3(CC2)CN(CCO)c2cccc(Cl)c23)nc2c1CCCC2,=,-0.8034775043339566,,CHEMBL4388130,CHEMBL4387706,Protein binding in human serum assessed as unbound fraction at 1 uM measured after 24 hrs by LC-MS/MS analysis,19185345,unknown,human
O=c1[nH]c2c(cc1CNCc1cccc(C(F)(F)F)c1)c(C1CC1)nn2-c1ccccc1,=,-0.7505149849490745,,CHEMBL3266403,CHEMBL3259779,Fraction unbound in human plasma at 20 uM by equilibrium dialysis technique,14670341,unknown,human
O=c1[nH]c2c(cc1CNCc1cccc(C(F)(F)F)n1)c(C1CC1)nn2-c1ccccc1,=,-0.7026045584107611,,CHEMBL3266403,CHEMBL3259779,Fraction unbound in human plasma at 20 uM by equilibrium dialysis technique,14670342,unknown,human
O=c1[nH]c2ccc(-c3c(Cl)cccc3C3CC3)cc2[nH]1,=,0.7553767394735358,,CHEMBL4200554,CHEMBL4196161,Protein binding in human plasma assessed as unbound fraction at 1 uM measured after 6 hrs by equilibrium dialysis method,18556584,unknown,human
O=c1[nH]c2ccc(-c3c(Cl)cccc3Cl)cc2[nH]1,=,1.2159768546692298,,CHEMBL4200554,CHEMBL4196161,Protein binding in human plasma assessed as unbound fraction at 1 uM measured after 6 hrs by equilibrium dialysis method,18556585,unknown,human
O=c1[nH]c2ccc(-c3c(Cl)cccc3OC(F)(F)F)cc2[nH]1,=,0.9591955373789416,,CHEMBL4200554,CHEMBL4196161,Protein binding in human plasma assessed as unbound fraction at 1 uM measured after 6 hrs by equilibrium dialysis method,18556581,unknown,human
O=c1[nH]c2ccccc2n1C1CCN(CCCC(c2ccc(F)cc2)c2ccc(F)cc2)CC1,=,-1.6717152153404626,,CHEMBL3591953,CHEMBL3588839,Fraction unbound (%) in human plasma at pH 7.4 after 18 hrs by equilibrium dialysis,15640574,unknown,human
O=c1[nH]c2ccccc2n1CCCN1CCC(n2c(=O)[nH]c3cc(Cl)ccc32)CC1,=,0.3071890822543016,,CHEMBL1043580,CHEMBL1156824,Fraction unbound in human plasma,2990586,unknown,human
O=c1[nH]cnc2c1ncn2[C@H]1CC[C@@H](CO)O1,=,1.538623328791171,,CHEMBL1043580,CHEMBL1156824,Fraction unbound in human plasma,2996172,unknown,human
O=c1c(O)c(Cc2ccccc2)c1=O,=,0.3065756849762701,,CHEMBL3801196,CHEMBL3797172,Percentage unbound in human plasma at 5 uM after 6 hrs by equilibrium dialysis method,16560862,unknown,human
O=c1c(O)c(NCc2ccccc2)c1=O,=,0.1865189641206444,,CHEMBL3801196,CHEMBL3797172,Percentage unbound in human plasma at 5 uM after 6 hrs by equilibrium dialysis method,16560863,unknown,human
O=c1c2c(O)c(O)c(O)cc2nc(-c2ccccc2)n1-c1ccccc1,=,-0.929807991579814,,CHEMBL5336420,CHEMBL5335781,Plasma protein binding in human assessed as unbound fraction,25516797,unknown,human
O=c1c2ccncc2ncn1Cc1c(F)cc(-c2ccc3cnccc3c2)cc1F,=,-0.1982656506346964,,CHEMBL3824957,CHEMBL3822368,Fraction unbound in human plasma,16640373,unknown,human
O=c1cc(-c2ccc(N3CCCC3)cc2)oc2c1ccc1cc[nH]c12,=,-2.087269179593452,,CHEMBL2214149,CHEMBL2203249,Fraction unbound in human plasma at 5 uM,12187068,unknown,human
O=c1cc(-c2ccccc2)oc2cc(O)c(O)c(O)c12,=,-0.7869947487585237,,CHEMBL5336420,CHEMBL5335781,Plasma protein binding in human assessed as unbound fraction,25516796,unknown,human
O=c1cc(N2CCOCC2)oc2c(-c3cccc4c3sc3ccccc34)cccc12,=,-2.3685762881584065,,CHEMBL2423443,CHEMBL2417539,Fraction unbound in human Plasma,13424279,unknown,human
O=c1n(Cc2cc3cnccc3n2CCCC(F)(F)F)c2cnccc2n1C1CC1,=,1.1870079094558603,,CHEMBL4620886,CHEMBL4619758,Protein binding in human plasma assessed as unbound fraction,20672624,unknown,human
O=c1n(Cc2nc3nc(Cl)ccc3n2CCCC(F)(F)F)c2cnccc2n1C1CC1,=,0.9591955373789416,,CHEMBL4620886,CHEMBL4619758,Protein binding in human plasma assessed as unbound fraction,20672623,unknown,human
O=c1nc(NC2CC2)n2ccc(C(F)(F)F)cc2c1-c1cccnc1F,=,0.7940634392073378,,CHEMBL5393117,CHEMBL5390303,Plasma protein binding in human assessed as unbound fraction at 1 uM incubated for 6 hrs by LC-MS/MS based rapid equlibrium dialysis method relative to control,25730092,unknown,human
OC(CCN1CCCCC1)(c1ccccc1)C1CC2C=CC1C2,=,0.3916349988930112,,CHEMBL1043580,CHEMBL1156824,Fraction unbound in human plasma,2990598,unknown,human
OC(Cn1cncn1)(Cn1cncn1)c1ccc(F)cc1F,=,1.5058282880440603,,CHEMBL1043580,CHEMBL1156824,Fraction unbound in human plasma,2994806,unknown,human
OC(Cn1cncn1)(Cn1cncn1)c1ccc(F)cc1F,=,1.5058282880440603,,CHEMBL3591348,CHEMBL3588773,Unbound fraction in human plasma,15644223,unknown,human
OC1(c2ccc(F)cc2)CCN(c2ccc3nnc(C(F)(F)F)n3n2)CC1,=,-0.0536539121311303,,CHEMBL2352668,CHEMBL2346572,Fraction unbound in human plasma by equilibrium dialysis method,12720198,unknown,human
OC1(c2cccnc2)CCN(c2ccc3nnc(C(F)(F)F)n3n2)CC1,=,0.8872617474008635,,CHEMBL2352668,CHEMBL2346572,Fraction unbound in human plasma by equilibrium dialysis method,12720197,unknown,human
OCCN1C[C@H](O)[C@@H](O)[C@H](O)[C@H]1CO,=,1.564407391078202,,CHEMBL1043580,CHEMBL1156824,Fraction unbound in human plasma,2978209,unknown,human
OCCNc1nonc1/C(=N/O)Nc1ccc(F)c(Br)c1,=,-0.331829054134549,,CHEMBL3999989,CHEMBL3997850,Fraction unbound in human plasma after 2 hrs by equilibrium dialysis method,17990695,unknown,human
OCCOCc1cn(CCNc2nonc2/C(=N/O)Nc2ccc(F)c(Br)c2)nn1,=,-0.0400169005479433,,CHEMBL5058021,CHEMBL5055685,Protein binding in human plasma assessed as fraction unbound by equilibrium dialysis,24518482,unknown,human
OCCn1cc(-c2cnc3nnn(Cc4ccc5ncccc5c4)c3n2)cn1,=,0.6432071606868136,,CHEMBL2346304,CHEMBL2331555,Fraction unbound in human plasma,12682369,unknown,human
OC[C@@]12C[C@@H]1[C@@H](n1cnc3c(NC(C4CCC4)C4CCC4)ncnc31)[C@H](O)[C@@H]2O,=,0.5971782547742522,,CHEMBL4369988,CHEMBL4368904,Fraction unbound in human plasma at 10 uM,19108380,unknown,human
OC[C@@]12C[C@@H]1[C@@H](n1cnc3c(N[C@H]4C[C@H]5CC[C@@H]4C5)nc(Cl)nc31)[C@H](O)[C@@H]2O,=,0.3942194724883255,,CHEMBL4369988,CHEMBL4368904,Fraction unbound in human plasma at 10 uM,19108381,unknown,human
OC[C@H](Nc1ncc(Cl)c(Nc2cc(C3CC3)[nH]n2)n1)c1ccc(F)cc1,=,-0.0057434855928168,,CHEMBL1004780,CHEMBL1155933,Fraction unbound in human plasma,2561733,unknown,human
OC[C@H]1C[C@@H](O)CCN1CCc1ccc(Nc2nc(-c3ccc(C(F)(F)F)cc3)cs2)cc1,=,-0.0536539121311303,,CHEMBL2412217,CHEMBL2406911,Fraction unbound in human plasma by ultra-centrifugation method,13389321,unknown,human
OC[C@H]1C[C@@H](O)CCN1CCc1ccc(Nc2nc(-c3ccc(Cl)cc3Cl)cs2)cc1,=,-0.4020844485401025,,CHEMBL2412217,CHEMBL2406911,Fraction unbound in human plasma by ultra-centrifugation method,13389329,unknown,human
OC[C@H]1O[C@@H](Sc2ccc(Cl)c(Cl)c2)[C@H](O)[C@@H](n2cc(-c3cc(F)c(F)c(F)c3)nn2)[C@H]1O,=,-1.5595456365537408,,CHEMBL6077431,CHEMBL6074690,Unbound fraction in human plasma at 1 uM incubated for 5 hrs by LC-MS/MS analysis,29075307,unknown,human
OC[C@H]1O[C@@H](Sc2cncc(Br)c2)[C@H](O)[C@@H](n2cc(-c3cc(F)c(Cl)c(F)c3)nn2)[C@H]1O,=,-0.5466961870436686,,CHEMBL6077431,CHEMBL6074690,Unbound fraction in human plasma at 1 uM incubated for 5 hrs by LC-MS/MS analysis,29075308,unknown,human
OC[C@H]1O[C@@H](Sc2cncc(Br)c2)[C@H](O)[C@@H](n2cc(-c3cc(F)c(F)c(F)c3)nn2)[C@H]1O,=,-0.0663806427073687,,CHEMBL6077431,CHEMBL6074690,Unbound fraction in human plasma at 1 uM incubated for 5 hrs by LC-MS/MS analysis,29075306,unknown,human
OC[C@H]1O[C@@H](n2cnc3c(NC(C4CCC4)C4CCC4)nc(Cl)nc32)[C@H](O)[C@@H]1O,=,0.1339892290991048,,CHEMBL4369988,CHEMBL4368904,Fraction unbound in human plasma at 10 uM,19108379,unknown,human
OC[C@H]1O[C@@H](n2cnc3c(NC(C4CCC4)C4CCC4)ncnc32)[C@H](O)[C@@H]1O,=,0.1543365197322188,,CHEMBL4369988,CHEMBL4368904,Fraction unbound in human plasma at 10 uM,19108378,unknown,human
OC[C@H]1O[C@H](Sc2cc(Cl)c(F)c(Cl)c2)[C@H](O)[C@@H](n2cc(-c3cscn3)nn2)[C@H]1O,=,-0.1503552240963827,,CHEMBL5357997,CHEMBL5356960,Protein binding in human plasma assessed as unbound fraction at 2 uM incubated for 5 hrs by equilibrium dialysis based LC-MS/MS analysis,25599055,unknown,human
OC[C@H]1O[C@H](Sc2cc(Cl)c(F)c(Cl)c2)[C@H](O)[C@@H](n2cc(-c3nccs3)nn2)[C@H]1O,=,-0.0794379744181615,,CHEMBL5357997,CHEMBL5356960,Protein binding in human plasma assessed as unbound fraction at 2 uM incubated for 5 hrs by equilibrium dialysis based LC-MS/MS analysis,25599056,unknown,human
OC[C@H]1O[C@H](Sc2ccc(Cl)c(Cl)c2)[C@H](O)[C@@H](n2cc(-c3cc(F)c(F)c(F)c3)nn2)[C@H]1O,=,-1.5595456365537408,,CHEMBL5111954,CHEMBL5108053,Plasma protein binding in human assessed as unbound fraction incubated for 5 hrs by LC-MS/MS analysis,24717739,unknown,human
OC[C@H]1O[C@H](Sc2ccc(Cl)c(Cl)c2)[C@H](O)[C@@H](n2cc(-c3ccsc3)nn2)[C@H]1O,=,-0.5813774551708419,,CHEMBL5357997,CHEMBL5356960,Protein binding in human plasma assessed as unbound fraction at 2 uM incubated for 5 hrs by equilibrium dialysis based LC-MS/MS analysis,25599053,unknown,human
OC[C@H]1O[C@H](Sc2ccc(Cl)c(Cl)c2)[C@H](O)[C@@H](n2cc(-c3cscn3)nn2)[C@H]1O,=,0.213081770183828,,CHEMBL5357997,CHEMBL5356960,Protein binding in human plasma assessed as unbound fraction at 2 uM incubated for 5 hrs by equilibrium dialysis based LC-MS/MS analysis,25599054,unknown,human
OC[C@H]1O[C@H](Sc2cncc(Br)c2)[C@H](O)[C@@H](n2cc(-c3cc(F)c(F)c(F)c3)nn2)[C@H]1O,=,-0.0663806427073687,,CHEMBL5111954,CHEMBL5108053,Plasma protein binding in human assessed as unbound fraction incubated for 5 hrs by LC-MS/MS analysis,24717741,unknown,human
O[C@@](Cc1nc(CC2(C(F)(F)F)CC2)c[nH]1)(c1ccc(-n2cccn2)cc1)C(F)(F)F,=,-0.7505149849490745,,CHEMBL1680291,CHEMBL1671827,Faction unbound in human plasma at 1 uM,5207976,unknown,human
O[C@H](CN1c2ccccc2N(Cc2cccc(OC(F)(F)F)c2)C[C@H]1c1cccc(OC(F)(F)C(F)F)c1)C(F)(F)F,=,-0.5466961870436686,,CHEMBL3808215,CHEMBL3804785,Fraction unbound in human plasma,16593075,unknown,human
O[C@H](c1ccccn1)C1(c2ccc(Cl)c(Cl)c2)CCC1,=,-0.929807991579814,,CHEMBL3829800,CHEMBL3826935,Fraction unbound in human plasma,16654828,unknown,human
O[C@H]1CNCCC[C@@H]1n1c2ccc(C(F)(F)F)cc2c2cc(C(F)(F)F)ccc21,=,-0.1207773399751477,,CHEMBL4144102,CHEMBL4138257,Fraction unbound in human plasma at 1000 ng/mL by LC-MS analysis,18374143,unknown,human
O[C@H]1[C@H](n2cnc3c(N[C@H]4C[C@H]5CC[C@@H]4C5)nc(Cl)nc32)[C@H]2C[C@@]2(CCl)[C@H]1O,=,-0.0486520896988221,,CHEMBL4369988,CHEMBL4368904,Fraction unbound in human plasma at 10 uM,19108382,unknown,human
Oc1c(F)cc(Br)cc1CNCC12CC3CC(CC(C3)C1)C2,=,-1.0989455213580468,,CHEMBL3396794,CHEMBL3392977,Protein binding in human plasma,15145537,unknown,human
Oc1c(F)cc(Cc2ccccc2)cc1F,=,-1.4276606286264133,,CHEMBL3801196,CHEMBL3797172,Percentage unbound in human plasma at 5 uM after 6 hrs by equilibrium dialysis method,16560864,unknown,human
Oc1c(F)ccc(Cc2ccccc2)c1F,=,-1.0792300922174412,,CHEMBL3801196,CHEMBL3797172,Percentage unbound in human plasma at 5 uM after 6 hrs by equilibrium dialysis method,16560865,unknown,human
Oc1cc(Cc2ccccc2)on1,=,-1.9079761729627127,,CHEMBL3801196,CHEMBL3797172,Percentage unbound in human plasma at 5 uM after 6 hrs by equilibrium dialysis method,16560855,unknown,human
Oc1ccc(-c2cc(-c3ccccc3Cl)nc3c2Cc2c(O)cccc2-3)cc1,=,1.564407391078202,,CHEMBL4375868,CHEMBL4373715,Protein binding in human plasma assessed as unbound fraction at 1 mM measured immediately by LC-MS/MS analysis,19137446,unknown,human
Oc1ccc(-c2cc(-c3ccccc3Cl)nc3c2Cc2c(O)cccc2-3)cc1,=,1.5433631345342156,,CHEMBL4375871,CHEMBL4373715,Protein binding in human plasma assessed as unbound fraction at 1 mM measured after 1 hr by LC-MS/MS analysis,19137449,unknown,human
Oc1ccc(Cl)cc1CNCC12CC3CC(CC(C3)C1)C2,=,-1.2111151001447686,,CHEMBL3396794,CHEMBL3392977,Protein binding in human plasma,15145534,unknown,human
Oc1nc(-c2ccc(C(F)(F)F)cc2)nc2c1CSCC2,=,-1.0072963022393624,,CHEMBL4388130,CHEMBL4387706,Protein binding in human serum assessed as unbound fraction at 1 uM measured after 24 hrs by LC-MS/MS analysis,19185343,unknown,human
Oc1ncnc2[nH]ncc12,=,1.5490961869066493,,CHEMBL1043580,CHEMBL1156824,Fraction unbound in human plasma,2996258,unknown,human
S=c1[nH]c(CCc2ccccc2)no1,=,-0.9670605134307186,,CHEMBL3801196,CHEMBL3797172,Percentage unbound in human plasma at 5 uM after 6 hrs by equilibrium dialysis method,16560854,unknown,human
[11CH3]NC(=O)[C@@H](Cc1ccccc1F)CN1CCC2(CC1)OCCc1cc(F)sc12,=,0.4548566296028772,,CHEMBL2210959,CHEMBL2202974,Fraction unbound in human plasma,12167109,unknown,human
[2H]C([2H])([2H])N(C(=O)c1c(C)cccc1F)c1ccc(-c2cc(NC(C)=O)nn2C(C)C)cc1N1CC2CC2C1,=,-0.7026045584107611,,CHEMBL3599137,CHEMBL3596090,Percentage unbound in human plasma,15655826,unknown,human
[2H]C([2H])([2H])N(C(=O)c1c(Cl)cccc1Cl)c1ccc(-c2cc(NC(C)=O)nn2C(C)C)cc1N1CC2CC2C1,=,-1.2111151001447686,,CHEMBL3599137,CHEMBL3596090,Percentage unbound in human plasma,15655825,unknown,human
[2H]C([2H])([2H])N(C(=O)c1c(F)cccc1Cl)c1ccc(-c2cc(C(N)=O)ccc2Cl)cc1OCC(F)(F)F,=,-1.3557268386483343,,CHEMBL3599137,CHEMBL3596090,Percentage unbound in human plasma,15655816,unknown,human
[2H]C([2H])([2H])N(C(=O)c1c(F)cccc1Cl)c1ccc(-c2cc(C(N)=O)nn2C(C)C)cc1OCC(F)(F)F,=,0.1417163002289445,,CHEMBL3599137,CHEMBL3596090,Percentage unbound in human plasma,15655817,unknown,human
[2H]C([2H])([2H])N(C(=O)c1c(F)cccc1Cl)c1ccc(-c2cc(NC(C)=O)nn2C(C)C)cc1-c1ccccc1,=,-1.2111151001447686,,CHEMBL3599137,CHEMBL3596090,Percentage unbound in human plasma,15655823,unknown,human
[2H]C([2H])([2H])N(C(=O)c1c(F)cccc1Cl)c1ccc(-c2cc(NC(C)=O)nn2C(C)C)cc1N1CC2CC2C1,=,-0.5813774551708419,,CHEMBL3599137,CHEMBL3596090,Percentage unbound in human plasma,15655820,unknown,human
[2H]C([2H])([2H])N(C(=O)c1c(F)cccc1Cl)c1ccc(-c2cc(NC(C)=O)nn2C(C)C)cc1N1CCCC1,=,-0.4837793026341161,,CHEMBL3599137,CHEMBL3596090,Percentage unbound in human plasma,15655821,unknown,human
[2H]C([2H])([2H])N(C(=O)c1c(F)cccc1Cl)c1ccc(-c2cc(NC(C)=O)nn2C(C)C)cc1N1CCCCC1,=,-1.2111151001447686,,CHEMBL3599137,CHEMBL3596090,Percentage unbound in human plasma,15655822,unknown,human
[2H]C([2H])([2H])N(C(=O)c1c(F)cccc1Cl)c1ccc(-c2cc(NC(C)=O)nn2C(C)C)cc1OCC(C)C,=,-1.3557268386483343,,CHEMBL3599137,CHEMBL3596090,Percentage unbound in human plasma,15655819,unknown,human
[2H]C([2H])([2H])N(C(=O)c1c(F)cccc1Cl)c1ccc(-c2cc(NC(C)=O)nn2C2CCC2)cc1N1CC2CC2C1,=,-1.3557268386483343,,CHEMBL3599137,CHEMBL3596090,Percentage unbound in human plasma,15655829,unknown,human
[2H]C([2H])([2H])N(C(=O)c1c(F)cccc1Cl)c1ccc(-c2cc(NC(C)=O)nn2C2CCCC2)cc1N1CC2CC2C1,=,-1.5595456365537408,,CHEMBL3599137,CHEMBL3596090,Percentage unbound in human plasma,15655828,unknown,human
[2H]C([2H])([2H])N(C(=O)c1c(F)cccc1Cl)c1ccc(-c2cc(NC(C)=O)nn2CC2CC2)cc1N1CC2CC2C1,=,-1.0989455213580468,,CHEMBL3599137,CHEMBL3596090,Percentage unbound in human plasma,15655830,unknown,human
[2H]C([2H])([2H])N(C(=O)c1c(F)cccc1Cl)c1ccc(-c2cnn(C)c2C(C)C)cc1OCC(F)(F)F,=,-0.8034775043339566,,CHEMBL3599137,CHEMBL3596090,Percentage unbound in human plasma,15655818,unknown,human
[2H]C([2H])([2H])N(C(=O)c1c(F)cccc1Cl)c1ncc(-c2cc(NC(C)=O)nn2C(C)C)cc1N1CC2CC2C1,=,0.1154836176471022,,CHEMBL3599137,CHEMBL3596090,Percentage unbound in human plasma,15655827,unknown,human
[2H]C([2H])([2H])NC(=O)c1cnc(NC(=O)C2CC2)cc1Nc1cccc(-c2nnn(C)n2)c1OC,=,0.4069462030645636,,CHEMBL6096235,CHEMBL6092222,Protein binding in human plasma assessed as free fraction,29135488,unknown,human
[2H]C([2H])([2H])NC1=NC(=O)[C@]2(CCc3ncccc32)c2cc(C(C)(F)F)ccc21,=,1.3675772917371634,,CHEMBL6125553,CHEMBL6121044,Plasma protein binding in human assessed as unbound fraction,29223023,unknown,human
[2H]C([2H])([2H])NC1=NC(=O)[C@]2(CCc3ncccc32)c2cc(C(F)(F)F)ccc21,=,1.425129166874454,,CHEMBL6125553,CHEMBL6121044,Plasma protein binding in human assessed as unbound fraction,29223022,unknown,human
[2H]C([2H])([2H])O[C@@H]1CC[C@H]1NC(=O)c1cnn2c(NC)cc(Nc3cccn(-c4ncccc4F)c3=O)nc12,=,0.7295926771865047,,CHEMBL5327936,CHEMBL5325475,Plasma protein binding in human assessed as unbound fraction,25483973,unknown,human
[2H]C([2H])([2H])Oc1ccc(-c2c(-c3ccnc(NC(C)=O)c3)[nH]c3cccnc23)nc1,=,0.8470259585922197,,CHEMBL4270432,CHEMBL4266061,Fraction unbound in human plasma,18782448,unknown,human
[2H]C([2H])([2H])c1cc(C#N)cc(C([2H])([2H])[2H])c1Oc1nc(NC2CCN(Cc3ccc(S(N)(=O)=O)cc3)CC2)nc2ccsc12,=,-1.1485679686073285,,CHEMBL6138111,CHEMBL6134848,Protein binding in human plasma assessed as unbound fraction at 1 uM incubated for 6 hrs,29257311,unknown,human
[2H]C([2H])([2H])c1nnn(C)c1-c1cnc2c3cc(F)c(C(C)(C)O)cc3n([C@H](c3ccccc3)C3CCOCC3)c2c1,=,-0.7505149849490745,,CHEMBL4809569,CHEMBL4808188,Protein binding in human serum assessed as free fraction,23147234,unknown,human
[2H]C([2H])([2H])c1nnn(C)c1-c1cnc2c3ccc(C(C)(C)O)c(F)c3n([C@H](c3cc(C)on3)C3CCOCC3)c2c1,=,0.6432071606868136,,CHEMBL4809569,CHEMBL4808188,Protein binding in human serum assessed as free fraction,23147236,unknown,human
[2H]C([2H])([2H])c1nnn(C)c1-c1cnc2c3ccc(C(C)(C)O)c(F)c3n([C@H](c3ncccc3F)C3CCOCC3)c2c1,=,0.1501648857742756,,CHEMBL4809569,CHEMBL4808188,Protein binding in human serum assessed as free fraction,23147239,unknown,human
[2H]C([2H])([2H])c1nnn(C)c1-c1cnc2c3ccc(C(C)(C)O)cc3n([C@H](c3cc(C)on3)C3CCOCC3)c2c1,=,0.5760837328427963,,CHEMBL4809569,CHEMBL4808188,Protein binding in human serum assessed as free fraction,23147235,unknown,human
[2H]C([2H])([2H])c1nnn(C)c1-c1cnc2c3ccc(C(C)(C)O)cc3n([C@H](c3ccc(Cl)cn3)C3CCOCC3)c2c1,=,0.1501648857742756,,CHEMBL4809569,CHEMBL4808188,Protein binding in human serum assessed as free fraction,23147237,unknown,human
[2H]C([2H])([2H])c1nnn(C)c1-c1cnc2c3ccc(C(C)(C)O)cc3n([C@H](c3ncccc3F)C3CCOCC3)c2c1,=,-0.0536539121311303,,CHEMBL4809569,CHEMBL4808188,Protein binding in human serum assessed as free fraction,23147238,unknown,human
[2H]C1([2H])CC(c2cn3ncnc3cc2Cl)CC([2H])([2H])N1S(=O)(=O)c1cnc(C)o1,=,0.9421539390478172,,CHEMBL5578548,CHEMBL5576133,Unbound fraction in human plasma at 5 uM incubated for 6 hrs under shaking condition by equilibrium dialysis method,26014651,unknown,human
[3H]C([3H])([3H])O/N=C1/C=C(C#Cc2cccc(C)n2)CCC1,=,-0.0057434855928168,,CHEMBL914088,CHEMBL1144571,Protein binding in human plasma as percentage unbound,1857329,unknown,human
[N-]=[N+]=N[C@@H]1[C@@H](O)[C@H](n2cnc3c(N)nc(OC4CCCC4)nc32)O[C@@H]1CF,=,0.7295926771865047,,CHEMBL1811199,CHEMBL1806435,Plasma protein binding in human assessed as fraction unbound by by equilibrium dialysis method,6287896,unknown,human
[O-][S+](Cc1ccccc1)c1ccccc1O,=,0.4985954221832476,,CHEMBL3801196,CHEMBL3797172,Percentage unbound in human plasma at 5 uM after 6 hrs by equilibrium dialysis method,16560867,unknown,human
[O-][n+]1ccc(Cl)cc1C1OC2(CCN(Cc3ccc(OC(F)(F)F)cc3)CC2)c2ccccc21,=,-1.0072963022393624,,CHEMBL1953702,CHEMBL1949630,Fraction unbound in human plasma,8035728,unknown,human
c1cc([C@H]2C[C@@H](CN3CCOCC3)C2)ccc1CN1CCCC1,=,1.4395110817152417,,CHEMBL2208778,CHEMBL2203251,Fraction unbound in human plasma,12171533,unknown,human
c1cc2c(s1)[C@@H]1CNCCN1CC2,=,1.3615929471671946,,CHEMBL6113086,CHEMBL6109139,Plasma protein binding in human assessed as unbound fraction by LC-MS/MS analysis,29182634,unknown,human
c1ccc(C(O[C@@H]2CCCN(CCc3ccc4c(c3)OCO4)C2)c2ccccc2)cc1,=,-3.065437360976351,,CHEMBL3591953,CHEMBL3588839,Fraction unbound (%) in human plasma at pH 7.4 after 18 hrs by equilibrium dialysis,15640578,unknown,human
c1ccc(C2(N3CCCCC3)CCCCC2)cc1,=,1.0366838480384906,,CHEMBL1043580,CHEMBL1156824,Fraction unbound in human plasma,2991986,unknown,human
c1ccc(C2(c3ccccc3)CC2C2=NCCN2)cc1,=,1.2159768546692298,,CHEMBL1043580,CHEMBL1156824,Fraction unbound in human plasma,2992143,unknown,human
c1ccc(CCN(CCc2ccc3nc[nH]c3c2)CC2CC2)cc1,=,0.7799025307482025,,CHEMBL6109817,CHEMBL6109062,Protein binding in human plasma assessed as unbound fraction,29171519,unknown,human
c1ccc(CC[C@@H]2CN(Cc3nc4ccccc4[nH]3)CCO2)cc1,=,0.1584738188650421,,CHEMBL3383662,CHEMBL3352711,Fraction unbound in human plasma,15119284,unknown,human
c1ccc(CCc2nnn[nH]2)cc1,=,-0.6935470339575639,,CHEMBL3801196,CHEMBL3797172,Percentage unbound in human plasma at 5 uM after 6 hrs by equilibrium dialysis method,16560848,unknown,human
c1ccc(CNC2CCCn3nc(COc4ccccc4)cc32)cc1,=,-2.717006824567379,,CHEMBL3375003,CHEMBL3351812,Fraction unbound in human plasma,15024071,unknown,human
c1ccc(Nc2nc(-c3cn[nH]c3)cs2)nc1,=,-0.1207773399751477,,CHEMBL1831598,CHEMBL1828519,Fraction unbound in human plasma,6361831,unknown,human
c1ccc(OC[C@@H]2CN(Cc3ccc4[nH]ccc4c3)CCO2)cc1,=,-0.1207773399751477,,CHEMBL3796314,CHEMBL3792377,Fraction unbound in human plasma by equilibrium dialysis method,16546773,unknown,human
c1ccc(OC[C@@H]2CN(Cc3cn4ccccc4n3)CCO2)cc1,=,0.1243808234872447,,CHEMBL3796314,CHEMBL3792377,Fraction unbound in human plasma by equilibrium dialysis method,16546771,unknown,human
c1ccc([C@@H]([C@H](c2ccccc2)N2CCCC2)N2CCCC2)cc1,=,0.6736818853795221,,CHEMBL2153979,CHEMBL2150928,Fraction unbound in human plasma,12056907,unknown,human
c1ccc([C@@H]([C@H](c2ccccc2)N2CCCCC2)N2CCCCC2)cc1,=,0.4018941102179953,,CHEMBL2153979,CHEMBL2150928,Fraction unbound in human plasma,12056905,unknown,human
c1ccc([C@H]([C@@H](c2ccccc2)N2CCCC2)N2CCCC2)cc1,=,0.6736818853795221,,CHEMBL2153979,CHEMBL2150928,Fraction unbound in human plasma,12056908,unknown,human
c1ccc([C@H]([C@@H](c2ccccc2)N2CCCCC2)N2CCCCC2)cc1,=,0.1904006745829195,,CHEMBL2153979,CHEMBL2150928,Fraction unbound in human plasma,12056906,unknown,human
c1ccc([C@]2(CCNCc3scc4c3CCC4)CCO[C@]3(CCOC3)C2)nc1,=,1.254663554403032,,CHEMBL5043383,CHEMBL5042488,Plasma protein binding in human plasma assessed as unbound fraction,24399149,unknown,human
c1ccc2c(c1)CCCC2CCCN1CCN(C2CCCCC2)CC1,=,0.0772634746947761,,CHEMBL5135938,CHEMBL5131521,Plasma protein binding in human assessed as free fraction at 1 mM by equilibrium dialysis assay,24807264,unknown,human
c1ccc2c(c1)CCCC2OCCC1CCCCC1,=,0.994144829509784,,CHEMBL5135938,CHEMBL5131521,Plasma protein binding in human assessed as free fraction at 1 mM by equilibrium dialysis assay,24807265,unknown,human
c1ccc2c(c1)CCCN2CCCC1CCCCC1,=,0.6200618394038693,,CHEMBL5135938,CHEMBL5131521,Plasma protein binding in human assessed as free fraction at 1 mM by equilibrium dialysis assay,24807267,unknown,human
c1ccc2c(c1)CCCN2OCCC1CCCCC1,=,1.023883459464176,,CHEMBL5135938,CHEMBL5131521,Plasma protein binding in human assessed as free fraction at 1 mM by equilibrium dialysis assay,24807266,unknown,human
c1ccc2cc(NC3=NC[C@@]4(CN5CCC4CC5)O3)ncc2c1,=,0.8614776851138325,,CHEMBL3878954,CHEMBL3877302,Fraction unbound in human plasma,16854088,unknown,human
c1ccc2cc(NC3=NC[C@@]4(CN5CCC4CC5)O3)ncc2c1,=,0.8675463182602577,,CHEMBL4004723,CHEMBL4002647,Fraction unbound in human plasma at 10 uM after 4 hrs by equilibrium dialysis method,18015303,unknown,human
c1cn(-c2cc(NC3=NC[C@@]4(CN5CCC4CC5)O3)ncn2)cn1,=,1.4944032733621953,,CHEMBL4004723,CHEMBL4002647,Fraction unbound in human plasma at 10 uM after 4 hrs by equilibrium dialysis method,18015304,unknown,human
c1cn2cc(-c3ccc4cn[nH]c4c3)nc(Nc3ccc(N4CCOCC4)cc3)c2n1,=,-0.2512281700195782,,CHEMBL3265586,CHEMBL3259702,Unbound fraction in human plasma,14672110,unknown,human
c1cnc(OC[C@H]2C[C@H](c3ccc(CN4CCCC4)cc3)C2)nc1,=,1.1517177024208214,,CHEMBL2208778,CHEMBL2203251,Fraction unbound in human plasma,12171532,unknown,human
c1cnc2c(Nc3ccc4c(-n5cccn5)nccc4c3)n[nH]c2c1,=,-1.9609386923475949,,CHEMBL4665923,CHEMBL4665621,Protein binding in human plasma assessed as unbound fraction,22385544,unknown,human
c1cnc2c(Nc3ccc4c(C5CC5)n[nH]c4c3)n[nH]c2c1,=,-0.1817828950592638,,CHEMBL4233473,CHEMBL4229425,Fraction unbound in human plasma,18665884,unknown,human
c1cnc2c(Nc3ccc4c(C5CC5)nsc4c3)n[nH]c2c1,=,-0.8034775043339566,,CHEMBL4310042,CHEMBL4308847,Fraction unbound in human plasma after 4 hrs by equilibrium dialysis method,18871304,unknown,human
c1cnc2c(Nc3ccc4c(C5CC5)nsc4c3)n[nH]c2n1,=,-0.6588657658303905,,CHEMBL4310042,CHEMBL4308847,Fraction unbound in human plasma after 4 hrs by equilibrium dialysis method,18871305,unknown,human
c1cnc2c(Nc3ccc4c(C5CCC5)noc4c3)n[nH]c2c1,=,-0.2701994406127747,,CHEMBL4310042,CHEMBL4308847,Fraction unbound in human plasma after 4 hrs by equilibrium dialysis method,18871295,unknown,human
c1cnc2c(Nc3ccc4c(C5CCCC5)noc4c3)n[nH]c2c1,=,-0.7505149849490745,,CHEMBL4310042,CHEMBL4308847,Fraction unbound in human plasma after 4 hrs by equilibrium dialysis method,18871296,unknown,human
c1cnc2c(Nc3ccc4c(C5CCCC5)noc4c3)n[nH]c2n1,=,-0.6186299770217468,,CHEMBL4310042,CHEMBL4308847,Fraction unbound in human plasma after 4 hrs by equilibrium dialysis method,18871293,unknown,human
c1cnc2c(Nc3ccc4cnccc4c3)n[nH]c2c1,=,-1.9498903573438813,,CHEMBL4665923,CHEMBL4665621,Protein binding in human plasma assessed as unbound fraction,22385547,unknown,human
c1nc(N[C@H]2CC[C@H](N3CCOCC3)CC2)c2c(C3CCOCC3)c[nH]c2n1,=,1.4264537500044487,,CHEMBL4026992,CHEMBL4024763,Fraction unbound in human plasma,18122261,unknown,human
